<annotation>
	<folder></folder>
	<filename>0000000098-1-Image_jpeg.rf.71b107eb6b75bdbd077d6222365d0745.jpg</filename>
	<path>0000000098-1-Image_jpeg.rf.71b107eb6b75bdbd077d6222365d0745.jpg</path>
	<source>
		<database>roboflow.ai</database>
	</source>
	<size>
		<width>600</width>
		<height>600</height>
		<depth>3</depth>
	</size>
	<segmented>0</segmented>
	<object>
		<name>0</name>
		<pose>Unspecified</pose>
		<truncated>0</truncated>
		<difficult>0</difficult>
		<occluded>0</occluded>
		<bndbox>
			<xmin>290</xmin>
			<xmax>292</xmax>
			<ymin>322</ymin>
			<ymax>333</ymax>
		</bndbox>
	</object>
</annotation>
