<annotation>
	<folder></folder>
	<filename>0000000559-1-Image_jpeg.rf.4a94310c40c9d724fa953562bb84e34f.jpg</filename>
	<path>0000000559-1-Image_jpeg.rf.4a94310c40c9d724fa953562bb84e34f.jpg</path>
	<source>
		<database>roboflow.ai</database>
	</source>
	<size>
		<width>600</width>
		<height>600</height>
		<depth>3</depth>
	</size>
	<segmented>0</segmented>
	<object>
		<name>0</name>
		<pose>Unspecified</pose>
		<truncated>0</truncated>
		<difficult>0</difficult>
		<occluded>0</occluded>
		<bndbox>
			<xmin>290</xmin>
			<xmax>294</xmax>
			<ymin>290</ymin>
			<ymax>303</ymax>
		</bndbox>
	</object>
	<object>
		<name>0</name>
		<pose>Unspecified</pose>
		<truncated>0</truncated>
		<difficult>0</difficult>
		<occluded>0</occluded>
		<bndbox>
			<xmin>286</xmin>
			<xmax>292</xmax>
			<ymin>188</ymin>
			<ymax>273</ymax>
		</bndbox>
	</object>
</annotation>
