<annotation>
	<folder></folder>
	<filename>0000001345-1-Image_jpeg.rf.036c88a6733b6ccff3a74e603959d1a5.jpg</filename>
	<path>0000001345-1-Image_jpeg.rf.036c88a6733b6ccff3a74e603959d1a5.jpg</path>
	<source>
		<database>roboflow.ai</database>
	</source>
	<size>
		<width>600</width>
		<height>600</height>
		<depth>3</depth>
	</size>
	<segmented>0</segmented>
	<object>
		<name>0</name>
		<pose>Unspecified</pose>
		<truncated>0</truncated>
		<difficult>0</difficult>
		<occluded>0</occluded>
		<bndbox>
			<xmin>297</xmin>
			<xmax>301</xmax>
			<ymin>283</ymin>
			<ymax>296</ymax>
		</bndbox>
	</object>
	<object>
		<name>0</name>
		<pose>Unspecified</pose>
		<truncated>0</truncated>
		<difficult>0</difficult>
		<occluded>0</occluded>
		<bndbox>
			<xmin>299</xmin>
			<xmax>312</xmax>
			<ymin>181</ymin>
			<ymax>271</ymax>
		</bndbox>
	</object>
</annotation>
