<annotation>
	<folder></folder>
	<filename>0000000227-1-Image_jpeg.rf.27745503126d7c96fcd20dad41ee08ab.jpg</filename>
	<path>0000000227-1-Image_jpeg.rf.27745503126d7c96fcd20dad41ee08ab.jpg</path>
	<source>
		<database>roboflow.ai</database>
	</source>
	<size>
		<width>600</width>
		<height>600</height>
		<depth>3</depth>
	</size>
	<segmented>0</segmented>
	<object>
		<name>0</name>
		<pose>Unspecified</pose>
		<truncated>0</truncated>
		<difficult>0</difficult>
		<occluded>0</occluded>
		<bndbox>
			<xmin>267</xmin>
			<xmax>269</xmax>
			<ymin>298</ymin>
			<ymax>309</ymax>
		</bndbox>
	</object>
	<object>
		<name>0</name>
		<pose>Unspecified</pose>
		<truncated>0</truncated>
		<difficult>0</difficult>
		<occluded>0</occluded>
		<bndbox>
			<xmin>251</xmin>
			<xmax>266</xmax>
			<ymin>204</ymin>
			<ymax>266</ymax>
		</bndbox>
	</object>
</annotation>
