<annotation>
	<folder></folder>
	<filename>0000000929-1-Image_jpeg.rf.cc491874db14de4169ea6098aa5d038b.jpg</filename>
	<path>0000000929-1-Image_jpeg.rf.cc491874db14de4169ea6098aa5d038b.jpg</path>
	<source>
		<database>roboflow.ai</database>
	</source>
	<size>
		<width>600</width>
		<height>600</height>
		<depth>3</depth>
	</size>
	<segmented>0</segmented>
	<object>
		<name>0</name>
		<pose>Unspecified</pose>
		<truncated>0</truncated>
		<difficult>0</difficult>
		<occluded>0</occluded>
		<bndbox>
			<xmin>279</xmin>
			<xmax>283</xmax>
			<ymin>299</ymin>
			<ymax>312</ymax>
		</bndbox>
	</object>
	<object>
		<name>0</name>
		<pose>Unspecified</pose>
		<truncated>0</truncated>
		<difficult>0</difficult>
		<occluded>0</occluded>
		<bndbox>
			<xmin>264</xmin>
			<xmax>281</xmax>
			<ymin>209</ymin>
			<ymax>292</ymax>
		</bndbox>
	</object>
</annotation>
