<annotation>
	<folder></folder>
	<filename>0000000290-1-Image_jpeg.rf.78e30ef71fc3d45ec2a53b6c6baabecf.jpg</filename>
	<path>0000000290-1-Image_jpeg.rf.78e30ef71fc3d45ec2a53b6c6baabecf.jpg</path>
	<source>
		<database>roboflow.ai</database>
	</source>
	<size>
		<width>600</width>
		<height>600</height>
		<depth>3</depth>
	</size>
	<segmented>0</segmented>
	<object>
		<name>0</name>
		<pose>Unspecified</pose>
		<truncated>0</truncated>
		<difficult>0</difficult>
		<occluded>0</occluded>
		<bndbox>
			<xmin>329</xmin>
			<xmax>331</xmax>
			<ymin>256</ymin>
			<ymax>265</ymax>
		</bndbox>
	</object>
	<object>
		<name>0</name>
		<pose>Unspecified</pose>
		<truncated>0</truncated>
		<difficult>0</difficult>
		<occluded>0</occluded>
		<bndbox>
			<xmin>325</xmin>
			<xmax>329</xmax>
			<ymin>189</ymin>
			<ymax>238</ymax>
		</bndbox>
	</object>
</annotation>
