<annotation>
	<folder></folder>
	<filename>0000001038-1-Image_jpeg.rf.93c0c792cdd92e918385a1458c853ecd.jpg</filename>
	<path>0000001038-1-Image_jpeg.rf.93c0c792cdd92e918385a1458c853ecd.jpg</path>
	<source>
		<database>roboflow.ai</database>
	</source>
	<size>
		<width>600</width>
		<height>600</height>
		<depth>3</depth>
	</size>
	<segmented>0</segmented>
	<object>
		<name>0</name>
		<pose>Unspecified</pose>
		<truncated>0</truncated>
		<difficult>0</difficult>
		<occluded>0</occluded>
		<bndbox>
			<xmin>288</xmin>
			<xmax>292</xmax>
			<ymin>311</ymin>
			<ymax>322</ymax>
		</bndbox>
	</object>
	<object>
		<name>0</name>
		<pose>Unspecified</pose>
		<truncated>0</truncated>
		<difficult>0</difficult>
		<occluded>0</occluded>
		<bndbox>
			<xmin>262</xmin>
			<xmax>290</xmax>
			<ymin>213</ymin>
			<ymax>308</ymax>
		</bndbox>
	</object>
</annotation>
