<annotation>
	<folder></folder>
	<filename>0000000417-1-Image_jpeg.rf.a6d47384971a1eaa3fe23e4b0b57a3c8.jpg</filename>
	<path>0000000417-1-Image_jpeg.rf.a6d47384971a1eaa3fe23e4b0b57a3c8.jpg</path>
	<source>
		<database>roboflow.ai</database>
	</source>
	<size>
		<width>600</width>
		<height>600</height>
		<depth>3</depth>
	</size>
	<segmented>0</segmented>
	<object>
		<name>0</name>
		<pose>Unspecified</pose>
		<truncated>0</truncated>
		<difficult>0</difficult>
		<occluded>0</occluded>
		<bndbox>
			<xmin>344</xmin>
			<xmax>346</xmax>
			<ymin>294</ymin>
			<ymax>305</ymax>
		</bndbox>
	</object>
	<object>
		<name>0</name>
		<pose>Unspecified</pose>
		<truncated>0</truncated>
		<difficult>0</difficult>
		<occluded>0</occluded>
		<bndbox>
			<xmin>340</xmin>
			<xmax>346</xmax>
			<ymin>232</ymin>
			<ymax>292</ymax>
		</bndbox>
	</object>
</annotation>
