<annotation>
	<folder></folder>
	<filename>0000001214-1-Image_jpeg.rf.5bf98f771c28add34c7c8acaaa476c9f.jpg</filename>
	<path>0000001214-1-Image_jpeg.rf.5bf98f771c28add34c7c8acaaa476c9f.jpg</path>
	<source>
		<database>roboflow.ai</database>
	</source>
	<size>
		<width>600</width>
		<height>600</height>
		<depth>3</depth>
	</size>
	<segmented>0</segmented>
	<object>
		<name>0</name>
		<pose>Unspecified</pose>
		<truncated>0</truncated>
		<difficult>0</difficult>
		<occluded>0</occluded>
		<bndbox>
			<xmin>326</xmin>
			<xmax>328</xmax>
			<ymin>333</ymin>
			<ymax>344</ymax>
		</bndbox>
	</object>
</annotation>
