<annotation>
	<folder></folder>
	<filename>0000000699-1-Image_jpeg.rf.f2f936540b9b739c1a8e24480af2cd91.jpg</filename>
	<path>0000000699-1-Image_jpeg.rf.f2f936540b9b739c1a8e24480af2cd91.jpg</path>
	<source>
		<database>roboflow.ai</database>
	</source>
	<size>
		<width>600</width>
		<height>600</height>
		<depth>3</depth>
	</size>
	<segmented>0</segmented>
	<object>
		<name>0</name>
		<pose>Unspecified</pose>
		<truncated>0</truncated>
		<difficult>0</difficult>
		<occluded>0</occluded>
		<bndbox>
			<xmin>310</xmin>
			<xmax>314</xmax>
			<ymin>290</ymin>
			<ymax>303</ymax>
		</bndbox>
	</object>
	<object>
		<name>0</name>
		<pose>Unspecified</pose>
		<truncated>0</truncated>
		<difficult>0</difficult>
		<occluded>0</occluded>
		<bndbox>
			<xmin>303</xmin>
			<xmax>312</xmax>
			<ymin>200</ymin>
			<ymax>279</ymax>
		</bndbox>
	</object>
</annotation>
