<annotation>
	<folder></folder>
	<filename>0000000503-1-Image_jpeg.rf.d525584d8975712723c85511ecce7e14.jpg</filename>
	<path>0000000503-1-Image_jpeg.rf.d525584d8975712723c85511ecce7e14.jpg</path>
	<source>
		<database>roboflow.ai</database>
	</source>
	<size>
		<width>600</width>
		<height>600</height>
		<depth>3</depth>
	</size>
	<segmented>0</segmented>
	<object>
		<name>0</name>
		<pose>Unspecified</pose>
		<truncated>0</truncated>
		<difficult>0</difficult>
		<occluded>0</occluded>
		<bndbox>
			<xmin>326</xmin>
			<xmax>328</xmax>
			<ymin>273</ymin>
			<ymax>284</ymax>
		</bndbox>
	</object>
	<object>
		<name>0</name>
		<pose>Unspecified</pose>
		<truncated>0</truncated>
		<difficult>0</difficult>
		<occluded>0</occluded>
		<bndbox>
			<xmin>316</xmin>
			<xmax>327</xmax>
			<ymin>192</ymin>
			<ymax>271</ymax>
		</bndbox>
	</object>
</annotation>
