<annotation>
	<folder></folder>
	<filename>0000001265-1-Image_jpeg.rf.917791e6b014f0e75d3a1e5961a0b5df.jpg</filename>
	<path>0000001265-1-Image_jpeg.rf.917791e6b014f0e75d3a1e5961a0b5df.jpg</path>
	<source>
		<database>roboflow.ai</database>
	</source>
	<size>
		<width>600</width>
		<height>600</height>
		<depth>3</depth>
	</size>
	<segmented>0</segmented>
	<object>
		<name>0</name>
		<pose>Unspecified</pose>
		<truncated>0</truncated>
		<difficult>0</difficult>
		<occluded>0</occluded>
		<bndbox>
			<xmin>309</xmin>
			<xmax>311</xmax>
			<ymin>288</ymin>
			<ymax>301</ymax>
		</bndbox>
	</object>
	<object>
		<name>0</name>
		<pose>Unspecified</pose>
		<truncated>0</truncated>
		<difficult>0</difficult>
		<occluded>0</occluded>
		<bndbox>
			<xmin>309</xmin>
			<xmax>328</xmax>
			<ymin>204</ymin>
			<ymax>286</ymax>
		</bndbox>
	</object>
</annotation>
