<annotation>
	<folder></folder>
	<filename>0000000009-1-Image_jpeg.rf.a5f88c156c4267d1926c072438ef6ce2.jpg</filename>
	<path>0000000009-1-Image_jpeg.rf.a5f88c156c4267d1926c072438ef6ce2.jpg</path>
	<source>
		<database>roboflow.ai</database>
	</source>
	<size>
		<width>600</width>
		<height>600</height>
		<depth>3</depth>
	</size>
	<segmented>0</segmented>
	<object>
		<name>0</name>
		<pose>Unspecified</pose>
		<truncated>0</truncated>
		<difficult>0</difficult>
		<occluded>0</occluded>
		<bndbox>
			<xmin>294</xmin>
			<xmax>296</xmax>
			<ymin>303</ymin>
			<ymax>314</ymax>
		</bndbox>
	</object>
	<object>
		<name>0</name>
		<pose>Unspecified</pose>
		<truncated>0</truncated>
		<difficult>0</difficult>
		<occluded>0</occluded>
		<bndbox>
			<xmin>273</xmin>
			<xmax>295</xmax>
			<ymin>209</ymin>
			<ymax>301</ymax>
		</bndbox>
	</object>
</annotation>
