<annotation>
	<folder></folder>
	<filename>0000000267-1-Image_jpeg.rf.783610b3e88eb87ac07a13b7748ef820.jpg</filename>
	<path>0000000267-1-Image_jpeg.rf.783610b3e88eb87ac07a13b7748ef820.jpg</path>
	<source>
		<database>roboflow.ai</database>
	</source>
	<size>
		<width>600</width>
		<height>600</height>
		<depth>3</depth>
	</size>
	<segmented>0</segmented>
	<object>
		<name>0</name>
		<pose>Unspecified</pose>
		<truncated>0</truncated>
		<difficult>0</difficult>
		<occluded>0</occluded>
		<bndbox>
			<xmin>303</xmin>
			<xmax>307</xmax>
			<ymin>288</ymin>
			<ymax>301</ymax>
		</bndbox>
	</object>
	<object>
		<name>0</name>
		<pose>Unspecified</pose>
		<truncated>0</truncated>
		<difficult>0</difficult>
		<occluded>0</occluded>
		<bndbox>
			<xmin>295</xmin>
			<xmax>305</xmax>
			<ymin>192</ymin>
			<ymax>271</ymax>
		</bndbox>
	</object>
</annotation>
