<annotation>
	<folder></folder>
	<filename>0000001078-1-Image_jpeg.rf.14b7829cafc9eb6a2e79ab2f20c1ce31.jpg</filename>
	<path>0000001078-1-Image_jpeg.rf.14b7829cafc9eb6a2e79ab2f20c1ce31.jpg</path>
	<source>
		<database>roboflow.ai</database>
	</source>
	<size>
		<width>600</width>
		<height>600</height>
		<depth>3</depth>
	</size>
	<segmented>0</segmented>
	<object>
		<name>0</name>
		<pose>Unspecified</pose>
		<truncated>0</truncated>
		<difficult>0</difficult>
		<occluded>0</occluded>
		<bndbox>
			<xmin>316</xmin>
			<xmax>320</xmax>
			<ymin>298</ymin>
			<ymax>311</ymax>
		</bndbox>
	</object>
	<object>
		<name>0</name>
		<pose>Unspecified</pose>
		<truncated>0</truncated>
		<difficult>0</difficult>
		<occluded>0</occluded>
		<bndbox>
			<xmin>320</xmin>
			<xmax>335</xmax>
			<ymin>204</ymin>
			<ymax>292</ymax>
		</bndbox>
	</object>
</annotation>
