<annotation>
	<folder></folder>
	<filename>0000000146-1-Image_jpeg.rf.62a6afd458f23eef549a44aa344dd9a7.jpg</filename>
	<path>0000000146-1-Image_jpeg.rf.62a6afd458f23eef549a44aa344dd9a7.jpg</path>
	<source>
		<database>roboflow.ai</database>
	</source>
	<size>
		<width>600</width>
		<height>600</height>
		<depth>3</depth>
	</size>
	<segmented>0</segmented>
	<object>
		<name>0</name>
		<pose>Unspecified</pose>
		<truncated>0</truncated>
		<difficult>0</difficult>
		<occluded>0</occluded>
		<bndbox>
			<xmin>305</xmin>
			<xmax>309</xmax>
			<ymin>311</ymin>
			<ymax>324</ymax>
		</bndbox>
	</object>
	<object>
		<name>0</name>
		<pose>Unspecified</pose>
		<truncated>0</truncated>
		<difficult>0</difficult>
		<occluded>0</occluded>
		<bndbox>
			<xmin>284</xmin>
			<xmax>307</xmax>
			<ymin>219</ymin>
			<ymax>309</ymax>
		</bndbox>
	</object>
</annotation>
