<annotation>
	<folder></folder>
	<filename>0000001067-1-Image_jpeg.rf.c11d1bf66f9a0b376ae38a62a48f80ab.jpg</filename>
	<path>0000001067-1-Image_jpeg.rf.c11d1bf66f9a0b376ae38a62a48f80ab.jpg</path>
	<source>
		<database>roboflow.ai</database>
	</source>
	<size>
		<width>600</width>
		<height>600</height>
		<depth>3</depth>
	</size>
	<segmented>0</segmented>
	<object>
		<name>0</name>
		<pose>Unspecified</pose>
		<truncated>0</truncated>
		<difficult>0</difficult>
		<occluded>0</occluded>
		<bndbox>
			<xmin>303</xmin>
			<xmax>307</xmax>
			<ymin>296</ymin>
			<ymax>307</ymax>
		</bndbox>
	</object>
	<object>
		<name>0</name>
		<pose>Unspecified</pose>
		<truncated>0</truncated>
		<difficult>0</difficult>
		<occluded>0</occluded>
		<bndbox>
			<xmin>305</xmin>
			<xmax>329</xmax>
			<ymin>198</ymin>
			<ymax>293</ymax>
		</bndbox>
	</object>
</annotation>
