<annotation>
	<folder></folder>
	<filename>0000000542-1-Image_jpeg.rf.75f10b561d3b5358ffd38a4d7679e9e3.jpg</filename>
	<path>0000000542-1-Image_jpeg.rf.75f10b561d3b5358ffd38a4d7679e9e3.jpg</path>
	<source>
		<database>roboflow.ai</database>
	</source>
	<size>
		<width>600</width>
		<height>600</height>
		<depth>3</depth>
	</size>
	<segmented>0</segmented>
	<object>
		<name>0</name>
		<pose>Unspecified</pose>
		<truncated>0</truncated>
		<difficult>0</difficult>
		<occluded>0</occluded>
		<bndbox>
			<xmin>279</xmin>
			<xmax>283</xmax>
			<ymin>296</ymin>
			<ymax>307</ymax>
		</bndbox>
	</object>
</annotation>
