<annotation>
	<folder></folder>
	<filename>0000001267-1-Image_jpeg.rf.36899b28683204c0e62ff5dc9119c8d7.jpg</filename>
	<path>0000001267-1-Image_jpeg.rf.36899b28683204c0e62ff5dc9119c8d7.jpg</path>
	<source>
		<database>roboflow.ai</database>
	</source>
	<size>
		<width>600</width>
		<height>600</height>
		<depth>3</depth>
	</size>
	<segmented>0</segmented>
	<object>
		<name>0</name>
		<pose>Unspecified</pose>
		<truncated>0</truncated>
		<difficult>0</difficult>
		<occluded>0</occluded>
		<bndbox>
			<xmin>322</xmin>
			<xmax>324</xmax>
			<ymin>294</ymin>
			<ymax>307</ymax>
		</bndbox>
	</object>
	<object>
		<name>0</name>
		<pose>Unspecified</pose>
		<truncated>0</truncated>
		<difficult>0</difficult>
		<occluded>0</occluded>
		<bndbox>
			<xmin>303</xmin>
			<xmax>322</xmax>
			<ymin>200</ymin>
			<ymax>286</ymax>
		</bndbox>
	</object>
</annotation>
