<annotation>
	<folder></folder>
	<filename>0000000046-1-Image_jpeg.rf.a8a6b835606db8327f894a235eedff57.jpg</filename>
	<path>0000000046-1-Image_jpeg.rf.a8a6b835606db8327f894a235eedff57.jpg</path>
	<source>
		<database>roboflow.ai</database>
	</source>
	<size>
		<width>600</width>
		<height>600</height>
		<depth>3</depth>
	</size>
	<segmented>0</segmented>
	<object>
		<name>0</name>
		<pose>Unspecified</pose>
		<truncated>0</truncated>
		<difficult>0</difficult>
		<occluded>0</occluded>
		<bndbox>
			<xmin>290</xmin>
			<xmax>292</xmax>
			<ymin>279</ymin>
			<ymax>290</ymax>
		</bndbox>
	</object>
	<object>
		<name>0</name>
		<pose>Unspecified</pose>
		<truncated>0</truncated>
		<difficult>0</difficult>
		<occluded>0</occluded>
		<bndbox>
			<xmin>293</xmin>
			<xmax>318</xmax>
			<ymin>181</ymin>
			<ymax>267</ymax>
		</bndbox>
	</object>
</annotation>
