<annotation>
	<folder></folder>
	<filename>0000001270-1-Image_jpeg.rf.2c262e01a022a0a98d0e12838b4c9471.jpg</filename>
	<path>0000001270-1-Image_jpeg.rf.2c262e01a022a0a98d0e12838b4c9471.jpg</path>
	<source>
		<database>roboflow.ai</database>
	</source>
	<size>
		<width>600</width>
		<height>600</height>
		<depth>3</depth>
	</size>
	<segmented>0</segmented>
	<object>
		<name>0</name>
		<pose>Unspecified</pose>
		<truncated>0</truncated>
		<difficult>0</difficult>
		<occluded>0</occluded>
		<bndbox>
			<xmin>316</xmin>
			<xmax>320</xmax>
			<ymin>324</ymin>
			<ymax>337</ymax>
		</bndbox>
	</object>
	<object>
		<name>0</name>
		<pose>Unspecified</pose>
		<truncated>0</truncated>
		<difficult>0</difficult>
		<occluded>0</occluded>
		<bndbox>
			<xmin>326</xmin>
			<xmax>328</xmax>
			<ymin>247</ymin>
			<ymax>258</ymax>
		</bndbox>
	</object>
</annotation>
