<annotation>
	<folder></folder>
	<filename>0000000099-1-Image_jpeg.rf.58de2018cdf0ccfb1bd9781d08ea59f8.jpg</filename>
	<path>0000000099-1-Image_jpeg.rf.58de2018cdf0ccfb1bd9781d08ea59f8.jpg</path>
	<source>
		<database>roboflow.ai</database>
	</source>
	<size>
		<width>600</width>
		<height>600</height>
		<depth>3</depth>
	</size>
	<segmented>0</segmented>
	<object>
		<name>0</name>
		<pose>Unspecified</pose>
		<truncated>0</truncated>
		<difficult>0</difficult>
		<occluded>0</occluded>
		<bndbox>
			<xmin>249</xmin>
			<xmax>251</xmax>
			<ymin>352</ymin>
			<ymax>363</ymax>
		</bndbox>
	</object>
</annotation>
