<annotation>
	<folder></folder>
	<filename>0000000037-1-Image_jpeg.rf.ce5170163112f51e35c11aafc0773348.jpg</filename>
	<path>0000000037-1-Image_jpeg.rf.ce5170163112f51e35c11aafc0773348.jpg</path>
	<source>
		<database>roboflow.ai</database>
	</source>
	<size>
		<width>600</width>
		<height>600</height>
		<depth>3</depth>
	</size>
	<segmented>0</segmented>
	<object>
		<name>0</name>
		<pose>Unspecified</pose>
		<truncated>0</truncated>
		<difficult>0</difficult>
		<occluded>0</occluded>
		<bndbox>
			<xmin>309</xmin>
			<xmax>311</xmax>
			<ymin>268</ymin>
			<ymax>281</ymax>
		</bndbox>
	</object>
	<object>
		<name>0</name>
		<pose>Unspecified</pose>
		<truncated>0</truncated>
		<difficult>0</difficult>
		<occluded>0</occluded>
		<bndbox>
			<xmin>308</xmin>
			<xmax>316</xmax>
			<ymin>166</ymin>
			<ymax>265</ymax>
		</bndbox>
	</object>
</annotation>
