<annotation>
	<folder></folder>
	<filename>0000000628-1-Image_jpeg.rf.488bb01888cec16db64258984d967e52.jpg</filename>
	<path>0000000628-1-Image_jpeg.rf.488bb01888cec16db64258984d967e52.jpg</path>
	<source>
		<database>roboflow.ai</database>
	</source>
	<size>
		<width>600</width>
		<height>600</height>
		<depth>3</depth>
	</size>
	<segmented>0</segmented>
	<object>
		<name>0</name>
		<pose>Unspecified</pose>
		<truncated>0</truncated>
		<difficult>0</difficult>
		<occluded>0</occluded>
		<bndbox>
			<xmin>404</xmin>
			<xmax>408</xmax>
			<ymin>243</ymin>
			<ymax>256</ymax>
		</bndbox>
	</object>
	<object>
		<name>0</name>
		<pose>Unspecified</pose>
		<truncated>0</truncated>
		<difficult>0</difficult>
		<occluded>0</occluded>
		<bndbox>
			<xmin>389</xmin>
			<xmax>406</xmax>
			<ymin>143</ymin>
			<ymax>241</ymax>
		</bndbox>
	</object>
</annotation>
