<annotation>
	<folder></folder>
	<filename>0000000138-1-Image_jpeg.rf.84ff6bcbaee0c118993f357f79b4ac1b.jpg</filename>
	<path>0000000138-1-Image_jpeg.rf.84ff6bcbaee0c118993f357f79b4ac1b.jpg</path>
	<source>
		<database>roboflow.ai</database>
	</source>
	<size>
		<width>600</width>
		<height>600</height>
		<depth>3</depth>
	</size>
	<segmented>0</segmented>
	<object>
		<name>0</name>
		<pose>Unspecified</pose>
		<truncated>0</truncated>
		<difficult>0</difficult>
		<occluded>0</occluded>
		<bndbox>
			<xmin>320</xmin>
			<xmax>322</xmax>
			<ymin>303</ymin>
			<ymax>314</ymax>
		</bndbox>
	</object>
	<object>
		<name>0</name>
		<pose>Unspecified</pose>
		<truncated>0</truncated>
		<difficult>0</difficult>
		<occluded>0</occluded>
		<bndbox>
			<xmin>322</xmin>
			<xmax>326</xmax>
			<ymin>256</ymin>
			<ymax>292</ymax>
		</bndbox>
	</object>
</annotation>
