<annotation>
	<folder></folder>
	<filename>0000001118-1-Image_jpeg.rf.0f055632731a0725c7053c1cb27e4fe5.jpg</filename>
	<path>0000001118-1-Image_jpeg.rf.0f055632731a0725c7053c1cb27e4fe5.jpg</path>
	<source>
		<database>roboflow.ai</database>
	</source>
	<size>
		<width>600</width>
		<height>600</height>
		<depth>3</depth>
	</size>
	<segmented>0</segmented>
	<object>
		<name>0</name>
		<pose>Unspecified</pose>
		<truncated>0</truncated>
		<difficult>0</difficult>
		<occluded>0</occluded>
		<bndbox>
			<xmin>326</xmin>
			<xmax>328</xmax>
			<ymin>254</ymin>
			<ymax>264</ymax>
		</bndbox>
	</object>
	<object>
		<name>0</name>
		<pose>Unspecified</pose>
		<truncated>0</truncated>
		<difficult>0</difficult>
		<occluded>0</occluded>
		<bndbox>
			<xmin>299</xmin>
			<xmax>325</xmax>
			<ymin>157</ymin>
			<ymax>247</ymax>
		</bndbox>
	</object>
</annotation>
