<annotation>
	<folder></folder>
	<filename>0000000148-1-Image_jpeg.rf.4ddc35652d722d3bf85ac51b8c4a1d5c.jpg</filename>
	<path>0000000148-1-Image_jpeg.rf.4ddc35652d722d3bf85ac51b8c4a1d5c.jpg</path>
	<source>
		<database>roboflow.ai</database>
	</source>
	<size>
		<width>600</width>
		<height>600</height>
		<depth>3</depth>
	</size>
	<segmented>0</segmented>
	<object>
		<name>0</name>
		<pose>Unspecified</pose>
		<truncated>0</truncated>
		<difficult>0</difficult>
		<occluded>0</occluded>
		<bndbox>
			<xmin>309</xmin>
			<xmax>313</xmax>
			<ymin>273</ymin>
			<ymax>284</ymax>
		</bndbox>
	</object>
	<object>
		<name>0</name>
		<pose>Unspecified</pose>
		<truncated>0</truncated>
		<difficult>0</difficult>
		<occluded>0</occluded>
		<bndbox>
			<xmin>312</xmin>
			<xmax>335</xmax>
			<ymin>173</ymin>
			<ymax>271</ymax>
		</bndbox>
	</object>
</annotation>
