<annotation>
	<folder></folder>
	<filename>0000001343-1-Image_jpeg.rf.4ffbfd6b8b401892fadcfbfe66d148b8.jpg</filename>
	<path>0000001343-1-Image_jpeg.rf.4ffbfd6b8b401892fadcfbfe66d148b8.jpg</path>
	<source>
		<database>roboflow.ai</database>
	</source>
	<size>
		<width>600</width>
		<height>600</height>
		<depth>3</depth>
	</size>
	<segmented>0</segmented>
	<object>
		<name>0</name>
		<pose>Unspecified</pose>
		<truncated>0</truncated>
		<difficult>0</difficult>
		<occluded>0</occluded>
		<bndbox>
			<xmin>294</xmin>
			<xmax>298</xmax>
			<ymin>296</ymin>
			<ymax>309</ymax>
		</bndbox>
	</object>
	<object>
		<name>0</name>
		<pose>Unspecified</pose>
		<truncated>0</truncated>
		<difficult>0</difficult>
		<occluded>0</occluded>
		<bndbox>
			<xmin>299</xmin>
			<xmax>318</xmax>
			<ymin>198</ymin>
			<ymax>275</ymax>
		</bndbox>
	</object>
</annotation>
