<annotation>
	<folder></folder>
	<filename>0000001112-1-Image_jpeg.rf.4a2b8bc0c2a9a9954b45757466098d29.jpg</filename>
	<path>0000001112-1-Image_jpeg.rf.4a2b8bc0c2a9a9954b45757466098d29.jpg</path>
	<source>
		<database>roboflow.ai</database>
	</source>
	<size>
		<width>600</width>
		<height>600</height>
		<depth>3</depth>
	</size>
	<segmented>0</segmented>
	<object>
		<name>0</name>
		<pose>Unspecified</pose>
		<truncated>0</truncated>
		<difficult>0</difficult>
		<occluded>0</occluded>
		<bndbox>
			<xmin>236</xmin>
			<xmax>238</xmax>
			<ymin>307</ymin>
			<ymax>316</ymax>
		</bndbox>
	</object>
</annotation>
