<annotation>
	<folder></folder>
	<filename>0000000374-1-Image_jpeg.rf.24cf37c30dfe721ba49eae78cb6c8d59.jpg</filename>
	<path>0000000374-1-Image_jpeg.rf.24cf37c30dfe721ba49eae78cb6c8d59.jpg</path>
	<source>
		<database>roboflow.ai</database>
	</source>
	<size>
		<width>600</width>
		<height>600</height>
		<depth>3</depth>
	</size>
	<segmented>0</segmented>
	<object>
		<name>0</name>
		<pose>Unspecified</pose>
		<truncated>0</truncated>
		<difficult>0</difficult>
		<occluded>0</occluded>
		<bndbox>
			<xmin>292</xmin>
			<xmax>294</xmax>
			<ymin>292</ymin>
			<ymax>303</ymax>
		</bndbox>
	</object>
	<object>
		<name>0</name>
		<pose>Unspecified</pose>
		<truncated>0</truncated>
		<difficult>0</difficult>
		<occluded>0</occluded>
		<bndbox>
			<xmin>294</xmin>
			<xmax>305</xmax>
			<ymin>196</ymin>
			<ymax>280</ymax>
		</bndbox>
	</object>
</annotation>
