<annotation>
	<folder></folder>
	<filename>0000000975-1-Image_jpeg.rf.97dfe8c3fe54fa98539ecd471ab33623.jpg</filename>
	<path>0000000975-1-Image_jpeg.rf.97dfe8c3fe54fa98539ecd471ab33623.jpg</path>
	<source>
		<database>roboflow.ai</database>
	</source>
	<size>
		<width>600</width>
		<height>600</height>
		<depth>3</depth>
	</size>
	<segmented>0</segmented>
	<object>
		<name>0</name>
		<pose>Unspecified</pose>
		<truncated>0</truncated>
		<difficult>0</difficult>
		<occluded>0</occluded>
		<bndbox>
			<xmin>279</xmin>
			<xmax>281</xmax>
			<ymin>281</ymin>
			<ymax>292</ymax>
		</bndbox>
	</object>
	<object>
		<name>0</name>
		<pose>Unspecified</pose>
		<truncated>0</truncated>
		<difficult>0</difficult>
		<occluded>0</occluded>
		<bndbox>
			<xmin>258</xmin>
			<xmax>278</xmax>
			<ymin>187</ymin>
			<ymax>269</ymax>
		</bndbox>
	</object>
</annotation>
