<annotation>
	<folder></folder>
	<filename>0000000690-1-Image_jpeg.rf.3061e5831ee558a4898e22c2a0fb1fb4.jpg</filename>
	<path>0000000690-1-Image_jpeg.rf.3061e5831ee558a4898e22c2a0fb1fb4.jpg</path>
	<source>
		<database>roboflow.ai</database>
	</source>
	<size>
		<width>600</width>
		<height>600</height>
		<depth>3</depth>
	</size>
	<segmented>0</segmented>
	<object>
		<name>0</name>
		<pose>Unspecified</pose>
		<truncated>0</truncated>
		<difficult>0</difficult>
		<occluded>0</occluded>
		<bndbox>
			<xmin>290</xmin>
			<xmax>294</xmax>
			<ymin>290</ymin>
			<ymax>303</ymax>
		</bndbox>
	</object>
	<object>
		<name>0</name>
		<pose>Unspecified</pose>
		<truncated>0</truncated>
		<difficult>0</difficult>
		<occluded>0</occluded>
		<bndbox>
			<xmin>296</xmin>
			<xmax>313</xmax>
			<ymin>206</ymin>
			<ymax>279</ymax>
		</bndbox>
	</object>
</annotation>
