<annotation>
	<folder></folder>
	<filename>0000000980-1-Image_jpeg.rf.75003f756548455a6d6252829f632964.jpg</filename>
	<path>0000000980-1-Image_jpeg.rf.75003f756548455a6d6252829f632964.jpg</path>
	<source>
		<database>roboflow.ai</database>
	</source>
	<size>
		<width>600</width>
		<height>600</height>
		<depth>3</depth>
	</size>
	<segmented>0</segmented>
	<object>
		<name>0</name>
		<pose>Unspecified</pose>
		<truncated>0</truncated>
		<difficult>0</difficult>
		<occluded>0</occluded>
		<bndbox>
			<xmin>294</xmin>
			<xmax>296</xmax>
			<ymin>303</ymin>
			<ymax>314</ymax>
		</bndbox>
	</object>
	<object>
		<name>0</name>
		<pose>Unspecified</pose>
		<truncated>0</truncated>
		<difficult>0</difficult>
		<occluded>0</occluded>
		<bndbox>
			<xmin>283</xmin>
			<xmax>296</xmax>
			<ymin>217</ymin>
			<ymax>297</ymax>
		</bndbox>
	</object>
</annotation>
