<annotation>
	<folder></folder>
	<filename>0000000463-1-Image_jpeg.rf.abf2a0ee09b5c9f308a719659b3e05e7.jpg</filename>
	<path>0000000463-1-Image_jpeg.rf.abf2a0ee09b5c9f308a719659b3e05e7.jpg</path>
	<source>
		<database>roboflow.ai</database>
	</source>
	<size>
		<width>600</width>
		<height>600</height>
		<depth>3</depth>
	</size>
	<segmented>0</segmented>
	<object>
		<name>0</name>
		<pose>Unspecified</pose>
		<truncated>0</truncated>
		<difficult>0</difficult>
		<occluded>0</occluded>
		<bndbox>
			<xmin>280</xmin>
			<xmax>284</xmax>
			<ymin>286</ymin>
			<ymax>299</ymax>
		</bndbox>
	</object>
	<object>
		<name>0</name>
		<pose>Unspecified</pose>
		<truncated>0</truncated>
		<difficult>0</difficult>
		<occluded>0</occluded>
		<bndbox>
			<xmin>282</xmin>
			<xmax>286</xmax>
			<ymin>190</ymin>
			<ymax>245</ymax>
		</bndbox>
	</object>
</annotation>
