<annotation>
	<folder></folder>
	<filename>0000000367-1-Image_jpeg.rf.34bd9e1e3e8ce51d1a1438c3b25adbca.jpg</filename>
	<path>0000000367-1-Image_jpeg.rf.34bd9e1e3e8ce51d1a1438c3b25adbca.jpg</path>
	<source>
		<database>roboflow.ai</database>
	</source>
	<size>
		<width>600</width>
		<height>600</height>
		<depth>3</depth>
	</size>
	<segmented>0</segmented>
	<object>
		<name>0</name>
		<pose>Unspecified</pose>
		<truncated>0</truncated>
		<difficult>0</difficult>
		<occluded>0</occluded>
		<bndbox>
			<xmin>280</xmin>
			<xmax>284</xmax>
			<ymin>307</ymin>
			<ymax>320</ymax>
		</bndbox>
	</object>
	<object>
		<name>0</name>
		<pose>Unspecified</pose>
		<truncated>0</truncated>
		<difficult>0</difficult>
		<occluded>0</occluded>
		<bndbox>
			<xmin>283</xmin>
			<xmax>294</xmax>
			<ymin>232</ymin>
			<ymax>305</ymax>
		</bndbox>
	</object>
</annotation>
