<annotation>
	<folder></folder>
	<filename>0000000044-1-Image_jpeg.rf.4872b3599250d517c9e58bf675b2d9f4.jpg</filename>
	<path>0000000044-1-Image_jpeg.rf.4872b3599250d517c9e58bf675b2d9f4.jpg</path>
	<source>
		<database>roboflow.ai</database>
	</source>
	<size>
		<width>600</width>
		<height>600</height>
		<depth>3</depth>
	</size>
	<segmented>0</segmented>
	<object>
		<name>0</name>
		<pose>Unspecified</pose>
		<truncated>0</truncated>
		<difficult>0</difficult>
		<occluded>0</occluded>
		<bndbox>
			<xmin>305</xmin>
			<xmax>307</xmax>
			<ymin>295</ymin>
			<ymax>305</ymax>
		</bndbox>
	</object>
	<object>
		<name>0</name>
		<pose>Unspecified</pose>
		<truncated>0</truncated>
		<difficult>0</difficult>
		<occluded>0</occluded>
		<bndbox>
			<xmin>307</xmin>
			<xmax>311</xmax>
			<ymin>192</ymin>
			<ymax>288</ymax>
		</bndbox>
	</object>
</annotation>
