<annotation>
	<folder></folder>
	<filename>0000000342-1-Image_jpeg.rf.be2336a42efa91bb3214c549c8257794.jpg</filename>
	<path>0000000342-1-Image_jpeg.rf.be2336a42efa91bb3214c549c8257794.jpg</path>
	<source>
		<database>roboflow.ai</database>
	</source>
	<size>
		<width>600</width>
		<height>600</height>
		<depth>3</depth>
	</size>
	<segmented>0</segmented>
	<object>
		<name>0</name>
		<pose>Unspecified</pose>
		<truncated>0</truncated>
		<difficult>0</difficult>
		<occluded>0</occluded>
		<bndbox>
			<xmin>311</xmin>
			<xmax>313</xmax>
			<ymin>307</ymin>
			<ymax>316</ymax>
		</bndbox>
	</object>
	<object>
		<name>0</name>
		<pose>Unspecified</pose>
		<truncated>0</truncated>
		<difficult>0</difficult>
		<occluded>0</occluded>
		<bndbox>
			<xmin>312</xmin>
			<xmax>316</xmax>
			<ymin>279</ymin>
			<ymax>305</ymax>
		</bndbox>
	</object>
</annotation>
