<annotation>
	<folder></folder>
	<filename>0000001375-1-Image_jpeg.rf.f93ae54d86f7be470b058a0028a76e7c.jpg</filename>
	<path>0000001375-1-Image_jpeg.rf.f93ae54d86f7be470b058a0028a76e7c.jpg</path>
	<source>
		<database>roboflow.ai</database>
	</source>
	<size>
		<width>600</width>
		<height>600</height>
		<depth>3</depth>
	</size>
	<segmented>0</segmented>
	<object>
		<name>0</name>
		<pose>Unspecified</pose>
		<truncated>0</truncated>
		<difficult>0</difficult>
		<occluded>0</occluded>
		<bndbox>
			<xmin>279</xmin>
			<xmax>281</xmax>
			<ymin>298</ymin>
			<ymax>309</ymax>
		</bndbox>
	</object>
</annotation>
