<annotation>
	<folder></folder>
	<filename>0000001105-1-Image_jpeg.rf.c316964534c8ba20698d3c50f3f75a94.jpg</filename>
	<path>0000001105-1-Image_jpeg.rf.c316964534c8ba20698d3c50f3f75a94.jpg</path>
	<source>
		<database>roboflow.ai</database>
	</source>
	<size>
		<width>600</width>
		<height>600</height>
		<depth>3</depth>
	</size>
	<segmented>0</segmented>
	<object>
		<name>0</name>
		<pose>Unspecified</pose>
		<truncated>0</truncated>
		<difficult>0</difficult>
		<occluded>0</occluded>
		<bndbox>
			<xmin>292</xmin>
			<xmax>294</xmax>
			<ymin>292</ymin>
			<ymax>303</ymax>
		</bndbox>
	</object>
	<object>
		<name>0</name>
		<pose>Unspecified</pose>
		<truncated>0</truncated>
		<difficult>0</difficult>
		<occluded>0</occluded>
		<bndbox>
			<xmin>282</xmin>
			<xmax>292</xmax>
			<ymin>194</ymin>
			<ymax>279</ymax>
		</bndbox>
	</object>
</annotation>
