<annotation>
	<folder></folder>
	<filename>0000001005-1-Image_jpeg.rf.c523d1e7ec9bc1a2c412e3c847e5b50c.jpg</filename>
	<path>0000001005-1-Image_jpeg.rf.c523d1e7ec9bc1a2c412e3c847e5b50c.jpg</path>
	<source>
		<database>roboflow.ai</database>
	</source>
	<size>
		<width>600</width>
		<height>600</height>
		<depth>3</depth>
	</size>
	<segmented>0</segmented>
	<object>
		<name>0</name>
		<pose>Unspecified</pose>
		<truncated>0</truncated>
		<difficult>0</difficult>
		<occluded>0</occluded>
		<bndbox>
			<xmin>282</xmin>
			<xmax>284</xmax>
			<ymin>307</ymin>
			<ymax>318</ymax>
		</bndbox>
	</object>
</annotation>
