<annotation>
	<folder></folder>
	<filename>0000000997-1-Image_jpeg.rf.f8a5613e05b49bbac07427d8b00145cc.jpg</filename>
	<path>0000000997-1-Image_jpeg.rf.f8a5613e05b49bbac07427d8b00145cc.jpg</path>
	<source>
		<database>roboflow.ai</database>
	</source>
	<size>
		<width>600</width>
		<height>600</height>
		<depth>3</depth>
	</size>
	<segmented>0</segmented>
	<object>
		<name>0</name>
		<pose>Unspecified</pose>
		<truncated>0</truncated>
		<difficult>0</difficult>
		<occluded>0</occluded>
		<bndbox>
			<xmin>267</xmin>
			<xmax>269</xmax>
			<ymin>290</ymin>
			<ymax>299</ymax>
		</bndbox>
	</object>
	<object>
		<name>0</name>
		<pose>Unspecified</pose>
		<truncated>0</truncated>
		<difficult>0</difficult>
		<occluded>0</occluded>
		<bndbox>
			<xmin>258</xmin>
			<xmax>267</xmax>
			<ymin>194</ymin>
			<ymax>258</ymax>
		</bndbox>
	</object>
</annotation>
