<annotation>
	<folder></folder>
	<filename>0000000599-1-Image_jpeg.rf.bf7411d2c8c833663193d8a23ba6ef63.jpg</filename>
	<path>0000000599-1-Image_jpeg.rf.bf7411d2c8c833663193d8a23ba6ef63.jpg</path>
	<source>
		<database>roboflow.ai</database>
	</source>
	<size>
		<width>600</width>
		<height>600</height>
		<depth>3</depth>
	</size>
	<segmented>0</segmented>
	<object>
		<name>0</name>
		<pose>Unspecified</pose>
		<truncated>0</truncated>
		<difficult>0</difficult>
		<occluded>0</occluded>
		<bndbox>
			<xmin>267</xmin>
			<xmax>269</xmax>
			<ymin>254</ymin>
			<ymax>264</ymax>
		</bndbox>
	</object>
	<object>
		<name>0</name>
		<pose>Unspecified</pose>
		<truncated>0</truncated>
		<difficult>0</difficult>
		<occluded>0</occluded>
		<bndbox>
			<xmin>269</xmin>
			<xmax>275</xmax>
			<ymin>159</ymin>
			<ymax>208</ymax>
		</bndbox>
	</object>
</annotation>
