<annotation>
	<folder></folder>
	<filename>0000001036-1-Image_jpeg.rf.3148edb6d46ca9b28b78ad5e0f3d7bbd.jpg</filename>
	<path>0000001036-1-Image_jpeg.rf.3148edb6d46ca9b28b78ad5e0f3d7bbd.jpg</path>
	<source>
		<database>roboflow.ai</database>
	</source>
	<size>
		<width>600</width>
		<height>600</height>
		<depth>3</depth>
	</size>
	<segmented>0</segmented>
	<object>
		<name>0</name>
		<pose>Unspecified</pose>
		<truncated>0</truncated>
		<difficult>0</difficult>
		<occluded>0</occluded>
		<bndbox>
			<xmin>243</xmin>
			<xmax>247</xmax>
			<ymin>284</ymin>
			<ymax>297</ymax>
		</bndbox>
	</object>
</annotation>
