<annotation>
	<folder></folder>
	<filename>0000000537-1-Image_jpeg.rf.731f31ae0766091b776aa09c5ab5aa4d.jpg</filename>
	<path>0000000537-1-Image_jpeg.rf.731f31ae0766091b776aa09c5ab5aa4d.jpg</path>
	<source>
		<database>roboflow.ai</database>
	</source>
	<size>
		<width>600</width>
		<height>600</height>
		<depth>3</depth>
	</size>
	<segmented>0</segmented>
	<object>
		<name>0</name>
		<pose>Unspecified</pose>
		<truncated>0</truncated>
		<difficult>0</difficult>
		<occluded>0</occluded>
		<bndbox>
			<xmin>297</xmin>
			<xmax>299</xmax>
			<ymin>290</ymin>
			<ymax>301</ymax>
		</bndbox>
	</object>
	<object>
		<name>0</name>
		<pose>Unspecified</pose>
		<truncated>0</truncated>
		<difficult>0</difficult>
		<occluded>0</occluded>
		<bndbox>
			<xmin>295</xmin>
			<xmax>299</xmax>
			<ymin>192</ymin>
			<ymax>288</ymax>
		</bndbox>
	</object>
</annotation>
