<annotation>
	<folder></folder>
	<filename>0000000004-1-Image_jpeg.rf.282ea5d7d5caf77cd9eb8f3486f2663b.jpg</filename>
	<path>0000000004-1-Image_jpeg.rf.282ea5d7d5caf77cd9eb8f3486f2663b.jpg</path>
	<source>
		<database>roboflow.ai</database>
	</source>
	<size>
		<width>600</width>
		<height>600</height>
		<depth>3</depth>
	</size>
	<segmented>0</segmented>
	<object>
		<name>0</name>
		<pose>Unspecified</pose>
		<truncated>0</truncated>
		<difficult>0</difficult>
		<occluded>0</occluded>
		<bndbox>
			<xmin>230</xmin>
			<xmax>232</xmax>
			<ymin>292</ymin>
			<ymax>303</ymax>
		</bndbox>
	</object>
</annotation>
