<annotation>
	<folder></folder>
	<filename>0000001183-1-Image_jpeg.rf.4c3eea9d37c9a4d804c13b0ee6d0c1ef.jpg</filename>
	<path>0000001183-1-Image_jpeg.rf.4c3eea9d37c9a4d804c13b0ee6d0c1ef.jpg</path>
	<source>
		<database>roboflow.ai</database>
	</source>
	<size>
		<width>600</width>
		<height>600</height>
		<depth>3</depth>
	</size>
	<segmented>0</segmented>
	<object>
		<name>0</name>
		<pose>Unspecified</pose>
		<truncated>0</truncated>
		<difficult>0</difficult>
		<occluded>0</occluded>
		<bndbox>
			<xmin>309</xmin>
			<xmax>313</xmax>
			<ymin>299</ymin>
			<ymax>312</ymax>
		</bndbox>
	</object>
	<object>
		<name>0</name>
		<pose>Unspecified</pose>
		<truncated>0</truncated>
		<difficult>0</difficult>
		<occluded>0</occluded>
		<bndbox>
			<xmin>300</xmin>
			<xmax>311</xmax>
			<ymin>203</ymin>
			<ymax>273</ymax>
		</bndbox>
	</object>
</annotation>
