<annotation>
	<folder></folder>
	<filename>0000001266-1-Image_jpeg.rf.171ef6c96476a2e8f14443982bf57346.jpg</filename>
	<path>0000001266-1-Image_jpeg.rf.171ef6c96476a2e8f14443982bf57346.jpg</path>
	<source>
		<database>roboflow.ai</database>
	</source>
	<size>
		<width>600</width>
		<height>600</height>
		<depth>3</depth>
	</size>
	<segmented>0</segmented>
	<object>
		<name>0</name>
		<pose>Unspecified</pose>
		<truncated>0</truncated>
		<difficult>0</difficult>
		<occluded>0</occluded>
		<bndbox>
			<xmin>312</xmin>
			<xmax>316</xmax>
			<ymin>299</ymin>
			<ymax>312</ymax>
		</bndbox>
	</object>
</annotation>
