<annotation>
	<folder></folder>
	<filename>0000000047-1-Image_jpeg.rf.fd468f4fb9d203736f992a5abd5b09e1.jpg</filename>
	<path>0000000047-1-Image_jpeg.rf.fd468f4fb9d203736f992a5abd5b09e1.jpg</path>
	<source>
		<database>roboflow.ai</database>
	</source>
	<size>
		<width>600</width>
		<height>600</height>
		<depth>3</depth>
	</size>
	<segmented>0</segmented>
	<object>
		<name>0</name>
		<pose>Unspecified</pose>
		<truncated>0</truncated>
		<difficult>0</difficult>
		<occluded>0</occluded>
		<bndbox>
			<xmin>292</xmin>
			<xmax>294</xmax>
			<ymin>294</ymin>
			<ymax>305</ymax>
		</bndbox>
	</object>
	<object>
		<name>0</name>
		<pose>Unspecified</pose>
		<truncated>0</truncated>
		<difficult>0</difficult>
		<occluded>0</occluded>
		<bndbox>
			<xmin>292</xmin>
			<xmax>294</xmax>
			<ymin>217</ymin>
			<ymax>292</ymax>
		</bndbox>
	</object>
</annotation>
