<annotation>
	<folder></folder>
	<filename>0000001367-1-Image_jpeg.rf.61f8b04bd2b0ee5cdd8c5e8194fe7a79.jpg</filename>
	<path>0000001367-1-Image_jpeg.rf.61f8b04bd2b0ee5cdd8c5e8194fe7a79.jpg</path>
	<source>
		<database>roboflow.ai</database>
	</source>
	<size>
		<width>600</width>
		<height>600</height>
		<depth>3</depth>
	</size>
	<segmented>0</segmented>
	<object>
		<name>0</name>
		<pose>Unspecified</pose>
		<truncated>0</truncated>
		<difficult>0</difficult>
		<occluded>0</occluded>
		<bndbox>
			<xmin>312</xmin>
			<xmax>314</xmax>
			<ymin>298</ymin>
			<ymax>311</ymax>
		</bndbox>
	</object>
</annotation>
