<annotation>
	<folder></folder>
	<filename>0000000031-1-Image_jpeg.rf.2c043b5e3951fd2425ce4362cf505bcc.jpg</filename>
	<path>0000000031-1-Image_jpeg.rf.2c043b5e3951fd2425ce4362cf505bcc.jpg</path>
	<source>
		<database>roboflow.ai</database>
	</source>
	<size>
		<width>600</width>
		<height>600</height>
		<depth>3</depth>
	</size>
	<segmented>0</segmented>
	<object>
		<name>0</name>
		<pose>Unspecified</pose>
		<truncated>0</truncated>
		<difficult>0</difficult>
		<occluded>0</occluded>
		<bndbox>
			<xmin>307</xmin>
			<xmax>309</xmax>
			<ymin>298</ymin>
			<ymax>309</ymax>
		</bndbox>
	</object>
	<object>
		<name>0</name>
		<pose>Unspecified</pose>
		<truncated>0</truncated>
		<difficult>0</difficult>
		<occluded>0</occluded>
		<bndbox>
			<xmin>309</xmin>
			<xmax>320</xmax>
			<ymin>196</ymin>
			<ymax>280</ymax>
		</bndbox>
	</object>
</annotation>
