<annotation>
	<folder></folder>
	<filename>0000000137-1-Image_jpeg.rf.2cc80207e2f71714e052163915c6b08f.jpg</filename>
	<path>0000000137-1-Image_jpeg.rf.2cc80207e2f71714e052163915c6b08f.jpg</path>
	<source>
		<database>roboflow.ai</database>
	</source>
	<size>
		<width>600</width>
		<height>600</height>
		<depth>3</depth>
	</size>
	<segmented>0</segmented>
	<object>
		<name>0</name>
		<pose>Unspecified</pose>
		<truncated>0</truncated>
		<difficult>0</difficult>
		<occluded>0</occluded>
		<bndbox>
			<xmin>286</xmin>
			<xmax>290</xmax>
			<ymin>298</ymin>
			<ymax>311</ymax>
		</bndbox>
	</object>
	<object>
		<name>0</name>
		<pose>Unspecified</pose>
		<truncated>0</truncated>
		<difficult>0</difficult>
		<occluded>0</occluded>
		<bndbox>
			<xmin>278</xmin>
			<xmax>288</xmax>
			<ymin>202</ymin>
			<ymax>277</ymax>
		</bndbox>
	</object>
</annotation>
