<annotation>
	<folder></folder>
	<filename>0000001322-1-Image_jpeg.rf.fad0cedb485d8f9cae9060819a2875ee.jpg</filename>
	<path>0000001322-1-Image_jpeg.rf.fad0cedb485d8f9cae9060819a2875ee.jpg</path>
	<source>
		<database>roboflow.ai</database>
	</source>
	<size>
		<width>600</width>
		<height>600</height>
		<depth>3</depth>
	</size>
	<segmented>0</segmented>
	<object>
		<name>0</name>
		<pose>Unspecified</pose>
		<truncated>0</truncated>
		<difficult>0</difficult>
		<occluded>0</occluded>
		<bndbox>
			<xmin>301</xmin>
			<xmax>303</xmax>
			<ymin>294</ymin>
			<ymax>305</ymax>
		</bndbox>
	</object>
	<object>
		<name>0</name>
		<pose>Unspecified</pose>
		<truncated>0</truncated>
		<difficult>0</difficult>
		<occluded>0</occluded>
		<bndbox>
			<xmin>301</xmin>
			<xmax>312</xmax>
			<ymin>198</ymin>
			<ymax>292</ymax>
		</bndbox>
	</object>
</annotation>
