<annotation>
	<folder></folder>
	<filename>0000000423-1-Image_jpeg.rf.e31c563ea258c8e830ca4fd7182f8a6c.jpg</filename>
	<path>0000000423-1-Image_jpeg.rf.e31c563ea258c8e830ca4fd7182f8a6c.jpg</path>
	<source>
		<database>roboflow.ai</database>
	</source>
	<size>
		<width>600</width>
		<height>600</height>
		<depth>3</depth>
	</size>
	<segmented>0</segmented>
	<object>
		<name>0</name>
		<pose>Unspecified</pose>
		<truncated>0</truncated>
		<difficult>0</difficult>
		<occluded>0</occluded>
		<bndbox>
			<xmin>382</xmin>
			<xmax>384</xmax>
			<ymin>294</ymin>
			<ymax>305</ymax>
		</bndbox>
	</object>
</annotation>
