<annotation>
	<folder></folder>
	<filename>0000000193-1-Image_jpeg.rf.57428f437f048e8f3185e8983bc2c12a.jpg</filename>
	<path>0000000193-1-Image_jpeg.rf.57428f437f048e8f3185e8983bc2c12a.jpg</path>
	<source>
		<database>roboflow.ai</database>
	</source>
	<size>
		<width>600</width>
		<height>600</height>
		<depth>3</depth>
	</size>
	<segmented>0</segmented>
	<object>
		<name>0</name>
		<pose>Unspecified</pose>
		<truncated>0</truncated>
		<difficult>0</difficult>
		<occluded>0</occluded>
		<bndbox>
			<xmin>296</xmin>
			<xmax>298</xmax>
			<ymin>301</ymin>
			<ymax>312</ymax>
		</bndbox>
	</object>
	<object>
		<name>0</name>
		<pose>Unspecified</pose>
		<truncated>0</truncated>
		<difficult>0</difficult>
		<occluded>0</occluded>
		<bndbox>
			<xmin>281</xmin>
			<xmax>296</xmax>
			<ymin>217</ymin>
			<ymax>290</ymax>
		</bndbox>
	</object>
</annotation>
