<annotation>
	<folder></folder>
	<filename>0000000921-1-Image_jpeg.rf.34e48e3bd326fa545719a9dd3a74c02c.jpg</filename>
	<path>0000000921-1-Image_jpeg.rf.34e48e3bd326fa545719a9dd3a74c02c.jpg</path>
	<source>
		<database>roboflow.ai</database>
	</source>
	<size>
		<width>600</width>
		<height>600</height>
		<depth>3</depth>
	</size>
	<segmented>0</segmented>
	<object>
		<name>0</name>
		<pose>Unspecified</pose>
		<truncated>0</truncated>
		<difficult>0</difficult>
		<occluded>0</occluded>
		<bndbox>
			<xmin>297</xmin>
			<xmax>299</xmax>
			<ymin>264</ymin>
			<ymax>275</ymax>
		</bndbox>
	</object>
	<object>
		<name>0</name>
		<pose>Unspecified</pose>
		<truncated>0</truncated>
		<difficult>0</difficult>
		<occluded>0</occluded>
		<bndbox>
			<xmin>284</xmin>
			<xmax>297</xmax>
			<ymin>162</ymin>
			<ymax>241</ymax>
		</bndbox>
	</object>
</annotation>
