<annotation>
	<folder></folder>
	<filename>0000000974-1-Image_jpeg.rf.03b1cdc70b51e0f81d6c849989a1453e.jpg</filename>
	<path>0000000974-1-Image_jpeg.rf.03b1cdc70b51e0f81d6c849989a1453e.jpg</path>
	<source>
		<database>roboflow.ai</database>
	</source>
	<size>
		<width>600</width>
		<height>600</height>
		<depth>3</depth>
	</size>
	<segmented>0</segmented>
	<object>
		<name>0</name>
		<pose>Unspecified</pose>
		<truncated>0</truncated>
		<difficult>0</difficult>
		<occluded>0</occluded>
		<bndbox>
			<xmin>314</xmin>
			<xmax>316</xmax>
			<ymin>328</ymin>
			<ymax>339</ymax>
		</bndbox>
	</object>
</annotation>
