<annotation>
	<folder></folder>
	<filename>0000000915-1-Image_jpeg.rf.9dfd09d5541bffedc0703255b96b4526.jpg</filename>
	<path>0000000915-1-Image_jpeg.rf.9dfd09d5541bffedc0703255b96b4526.jpg</path>
	<source>
		<database>roboflow.ai</database>
	</source>
	<size>
		<width>600</width>
		<height>600</height>
		<depth>3</depth>
	</size>
	<segmented>0</segmented>
	<object>
		<name>0</name>
		<pose>Unspecified</pose>
		<truncated>0</truncated>
		<difficult>0</difficult>
		<occluded>0</occluded>
		<bndbox>
			<xmin>305</xmin>
			<xmax>307</xmax>
			<ymin>348</ymin>
			<ymax>359</ymax>
		</bndbox>
	</object>
</annotation>
