<annotation>
	<folder></folder>
	<filename>0000000396-1-Image_jpeg.rf.b96b70ff869f3e118a36579350be4a87.jpg</filename>
	<path>0000000396-1-Image_jpeg.rf.b96b70ff869f3e118a36579350be4a87.jpg</path>
	<source>
		<database>roboflow.ai</database>
	</source>
	<size>
		<width>600</width>
		<height>600</height>
		<depth>3</depth>
	</size>
	<segmented>0</segmented>
	<object>
		<name>0</name>
		<pose>Unspecified</pose>
		<truncated>0</truncated>
		<difficult>0</difficult>
		<occluded>0</occluded>
		<bndbox>
			<xmin>316</xmin>
			<xmax>318</xmax>
			<ymin>315</ymin>
			<ymax>326</ymax>
		</bndbox>
	</object>
	<object>
		<name>0</name>
		<pose>Unspecified</pose>
		<truncated>0</truncated>
		<difficult>0</difficult>
		<occluded>0</occluded>
		<bndbox>
			<xmin>312</xmin>
			<xmax>318</xmax>
			<ymin>217</ymin>
			<ymax>312</ymax>
		</bndbox>
	</object>
</annotation>
