<annotation>
	<folder></folder>
	<filename>0000000271-1-Image_jpeg.rf.581ec3baec388a1fd7bba7472b4b5b76.jpg</filename>
	<path>0000000271-1-Image_jpeg.rf.581ec3baec388a1fd7bba7472b4b5b76.jpg</path>
	<source>
		<database>roboflow.ai</database>
	</source>
	<size>
		<width>600</width>
		<height>600</height>
		<depth>3</depth>
	</size>
	<segmented>0</segmented>
	<object>
		<name>0</name>
		<pose>Unspecified</pose>
		<truncated>0</truncated>
		<difficult>0</difficult>
		<occluded>0</occluded>
		<bndbox>
			<xmin>290</xmin>
			<xmax>292</xmax>
			<ymin>290</ymin>
			<ymax>301</ymax>
		</bndbox>
	</object>
	<object>
		<name>0</name>
		<pose>Unspecified</pose>
		<truncated>0</truncated>
		<difficult>0</difficult>
		<occluded>0</occluded>
		<bndbox>
			<xmin>296</xmin>
			<xmax>311</xmax>
			<ymin>192</ymin>
			<ymax>254</ymax>
		</bndbox>
	</object>
</annotation>
