<annotation>
	<folder></folder>
	<filename>0000000437-1-Image_jpeg.rf.843009d9c3f46c55c54babbb7dd9253e.jpg</filename>
	<path>0000000437-1-Image_jpeg.rf.843009d9c3f46c55c54babbb7dd9253e.jpg</path>
	<source>
		<database>roboflow.ai</database>
	</source>
	<size>
		<width>600</width>
		<height>600</height>
		<depth>3</depth>
	</size>
	<segmented>0</segmented>
	<object>
		<name>0</name>
		<pose>Unspecified</pose>
		<truncated>0</truncated>
		<difficult>0</difficult>
		<occluded>0</occluded>
		<bndbox>
			<xmin>356</xmin>
			<xmax>358</xmax>
			<ymin>230</ymin>
			<ymax>241</ymax>
		</bndbox>
	</object>
	<object>
		<name>0</name>
		<pose>Unspecified</pose>
		<truncated>0</truncated>
		<difficult>0</difficult>
		<occluded>0</occluded>
		<bndbox>
			<xmin>335</xmin>
			<xmax>354</xmax>
			<ymin>142</ymin>
			<ymax>228</ymax>
		</bndbox>
	</object>
</annotation>
