<annotation>
	<folder></folder>
	<filename>0000000624-1-Image_jpeg.rf.b7e30c2a468a3c82172526f22c3528fb.jpg</filename>
	<path>0000000624-1-Image_jpeg.rf.b7e30c2a468a3c82172526f22c3528fb.jpg</path>
	<source>
		<database>roboflow.ai</database>
	</source>
	<size>
		<width>600</width>
		<height>600</height>
		<depth>3</depth>
	</size>
	<segmented>0</segmented>
	<object>
		<name>0</name>
		<pose>Unspecified</pose>
		<truncated>0</truncated>
		<difficult>0</difficult>
		<occluded>0</occluded>
		<bndbox>
			<xmin>264</xmin>
			<xmax>266</xmax>
			<ymin>346</ymin>
			<ymax>357</ymax>
		</bndbox>
	</object>
	<object>
		<name>0</name>
		<pose>Unspecified</pose>
		<truncated>0</truncated>
		<difficult>0</difficult>
		<occluded>0</occluded>
		<bndbox>
			<xmin>266</xmin>
			<xmax>268</xmax>
			<ymin>275</ymin>
			<ymax>329</ymax>
		</bndbox>
	</object>
</annotation>
