<annotation>
	<folder></folder>
	<filename>0000001170-1-Image_jpeg.rf.6bea7e6598810e469baf2ab3d1a829f3.jpg</filename>
	<path>0000001170-1-Image_jpeg.rf.6bea7e6598810e469baf2ab3d1a829f3.jpg</path>
	<source>
		<database>roboflow.ai</database>
	</source>
	<size>
		<width>600</width>
		<height>600</height>
		<depth>3</depth>
	</size>
	<segmented>0</segmented>
	<object>
		<name>0</name>
		<pose>Unspecified</pose>
		<truncated>0</truncated>
		<difficult>0</difficult>
		<occluded>0</occluded>
		<bndbox>
			<xmin>303</xmin>
			<xmax>305</xmax>
			<ymin>296</ymin>
			<ymax>307</ymax>
		</bndbox>
	</object>
	<object>
		<name>0</name>
		<pose>Unspecified</pose>
		<truncated>0</truncated>
		<difficult>0</difficult>
		<occluded>0</occluded>
		<bndbox>
			<xmin>301</xmin>
			<xmax>305</xmax>
			<ymin>219</ymin>
			<ymax>294</ymax>
		</bndbox>
	</object>
</annotation>
