<annotation>
	<folder></folder>
	<filename>0000000702-1-Image_jpeg.rf.4ce364118214352791e72328770dee36.jpg</filename>
	<path>0000000702-1-Image_jpeg.rf.4ce364118214352791e72328770dee36.jpg</path>
	<source>
		<database>roboflow.ai</database>
	</source>
	<size>
		<width>600</width>
		<height>600</height>
		<depth>3</depth>
	</size>
	<segmented>0</segmented>
	<object>
		<name>0</name>
		<pose>Unspecified</pose>
		<truncated>0</truncated>
		<difficult>0</difficult>
		<occluded>0</occluded>
		<bndbox>
			<xmin>301</xmin>
			<xmax>303</xmax>
			<ymin>294</ymin>
			<ymax>307</ymax>
		</bndbox>
	</object>
	<object>
		<name>0</name>
		<pose>Unspecified</pose>
		<truncated>0</truncated>
		<difficult>0</difficult>
		<occluded>0</occluded>
		<bndbox>
			<xmin>286</xmin>
			<xmax>301</xmax>
			<ymin>194</ymin>
			<ymax>277</ymax>
		</bndbox>
	</object>
</annotation>
