<annotation>
	<folder></folder>
	<filename>0000000114-1-Image_jpeg.rf.1b320dbf66ac2abf624af2513e576d5d.jpg</filename>
	<path>0000000114-1-Image_jpeg.rf.1b320dbf66ac2abf624af2513e576d5d.jpg</path>
	<source>
		<database>roboflow.ai</database>
	</source>
	<size>
		<width>600</width>
		<height>600</height>
		<depth>3</depth>
	</size>
	<segmented>0</segmented>
	<object>
		<name>0</name>
		<pose>Unspecified</pose>
		<truncated>0</truncated>
		<difficult>0</difficult>
		<occluded>0</occluded>
		<bndbox>
			<xmin>303</xmin>
			<xmax>305</xmax>
			<ymin>290</ymin>
			<ymax>301</ymax>
		</bndbox>
	</object>
	<object>
		<name>0</name>
		<pose>Unspecified</pose>
		<truncated>0</truncated>
		<difficult>0</difficult>
		<occluded>0</occluded>
		<bndbox>
			<xmin>307</xmin>
			<xmax>316</xmax>
			<ymin>215</ymin>
			<ymax>279</ymax>
		</bndbox>
	</object>
</annotation>
