<annotation>
	<folder></folder>
	<filename>0000001152-1-Image_jpeg.rf.de9ad780f9b4bce454ced48a4e4f8802.jpg</filename>
	<path>0000001152-1-Image_jpeg.rf.de9ad780f9b4bce454ced48a4e4f8802.jpg</path>
	<source>
		<database>roboflow.ai</database>
	</source>
	<size>
		<width>600</width>
		<height>600</height>
		<depth>3</depth>
	</size>
	<segmented>0</segmented>
	<object>
		<name>0</name>
		<pose>Unspecified</pose>
		<truncated>0</truncated>
		<difficult>0</difficult>
		<occluded>0</occluded>
		<bndbox>
			<xmin>267</xmin>
			<xmax>269</xmax>
			<ymin>285</ymin>
			<ymax>296</ymax>
		</bndbox>
	</object>
</annotation>
