<annotation>
	<folder></folder>
	<filename>0000001142-1-Image_jpeg.rf.850d60c1d3fbe6dc9f6a31c85fdca889.jpg</filename>
	<path>0000001142-1-Image_jpeg.rf.850d60c1d3fbe6dc9f6a31c85fdca889.jpg</path>
	<source>
		<database>roboflow.ai</database>
	</source>
	<size>
		<width>600</width>
		<height>600</height>
		<depth>3</depth>
	</size>
	<segmented>0</segmented>
	<object>
		<name>0</name>
		<pose>Unspecified</pose>
		<truncated>0</truncated>
		<difficult>0</difficult>
		<occluded>0</occluded>
		<bndbox>
			<xmin>305</xmin>
			<xmax>307</xmax>
			<ymin>255</ymin>
			<ymax>266</ymax>
		</bndbox>
	</object>
	<object>
		<name>0</name>
		<pose>Unspecified</pose>
		<truncated>0</truncated>
		<difficult>0</difficult>
		<occluded>0</occluded>
		<bndbox>
			<xmin>307</xmin>
			<xmax>322</xmax>
			<ymin>153</ymin>
			<ymax>237</ymax>
		</bndbox>
	</object>
</annotation>
