<annotation>
	<folder></folder>
	<filename>0000000480-1-Image_jpeg.rf.04ac851cbda31c2c5fe4653609978cc5.jpg</filename>
	<path>0000000480-1-Image_jpeg.rf.04ac851cbda31c2c5fe4653609978cc5.jpg</path>
	<source>
		<database>roboflow.ai</database>
	</source>
	<size>
		<width>600</width>
		<height>600</height>
		<depth>3</depth>
	</size>
	<segmented>0</segmented>
	<object>
		<name>0</name>
		<pose>Unspecified</pose>
		<truncated>0</truncated>
		<difficult>0</difficult>
		<occluded>0</occluded>
		<bndbox>
			<xmin>273</xmin>
			<xmax>277</xmax>
			<ymin>365</ymin>
			<ymax>378</ymax>
		</bndbox>
	</object>
</annotation>
