<annotation>
	<folder></folder>
	<filename>0000001111-1-Image_jpeg.rf.633d05cdfc56b141ae32845a17df9c17.jpg</filename>
	<path>0000001111-1-Image_jpeg.rf.633d05cdfc56b141ae32845a17df9c17.jpg</path>
	<source>
		<database>roboflow.ai</database>
	</source>
	<size>
		<width>600</width>
		<height>600</height>
		<depth>3</depth>
	</size>
	<segmented>0</segmented>
	<object>
		<name>0</name>
		<pose>Unspecified</pose>
		<truncated>0</truncated>
		<difficult>0</difficult>
		<occluded>0</occluded>
		<bndbox>
			<xmin>327</xmin>
			<xmax>329</xmax>
			<ymin>267</ymin>
			<ymax>277</ymax>
		</bndbox>
	</object>
	<object>
		<name>0</name>
		<pose>Unspecified</pose>
		<truncated>0</truncated>
		<difficult>0</difficult>
		<occluded>0</occluded>
		<bndbox>
			<xmin>303</xmin>
			<xmax>327</xmax>
			<ymin>170</ymin>
			<ymax>254</ymax>
		</bndbox>
	</object>
</annotation>
