<annotation>
	<folder></folder>
	<filename>0000000820-1-Image_jpeg.rf.89ec1ad0780919edb3cb10544526924b.jpg</filename>
	<path>0000000820-1-Image_jpeg.rf.89ec1ad0780919edb3cb10544526924b.jpg</path>
	<source>
		<database>roboflow.ai</database>
	</source>
	<size>
		<width>600</width>
		<height>600</height>
		<depth>3</depth>
	</size>
	<segmented>0</segmented>
	<object>
		<name>0</name>
		<pose>Unspecified</pose>
		<truncated>0</truncated>
		<difficult>0</difficult>
		<occluded>0</occluded>
		<bndbox>
			<xmin>251</xmin>
			<xmax>253</xmax>
			<ymin>337</ymin>
			<ymax>348</ymax>
		</bndbox>
	</object>
</annotation>
