<annotation>
	<folder></folder>
	<filename>0000000916-1-Image_jpeg.rf.25188a6e46f0c4a19574061d8b8cd7f6.jpg</filename>
	<path>0000000916-1-Image_jpeg.rf.25188a6e46f0c4a19574061d8b8cd7f6.jpg</path>
	<source>
		<database>roboflow.ai</database>
	</source>
	<size>
		<width>600</width>
		<height>600</height>
		<depth>3</depth>
	</size>
	<segmented>0</segmented>
	<object>
		<name>0</name>
		<pose>Unspecified</pose>
		<truncated>0</truncated>
		<difficult>0</difficult>
		<occluded>0</occluded>
		<bndbox>
			<xmin>279</xmin>
			<xmax>281</xmax>
			<ymin>273</ymin>
			<ymax>284</ymax>
		</bndbox>
	</object>
	<object>
		<name>0</name>
		<pose>Unspecified</pose>
		<truncated>0</truncated>
		<difficult>0</difficult>
		<occluded>0</occluded>
		<bndbox>
			<xmin>282</xmin>
			<xmax>301</xmax>
			<ymin>181</ymin>
			<ymax>267</ymax>
		</bndbox>
	</object>
</annotation>
