<annotation>
	<folder></folder>
	<filename>0000001097-1-Image_jpeg.rf.c3739bc4f173592b3236c65499afb6cd.jpg</filename>
	<path>0000001097-1-Image_jpeg.rf.c3739bc4f173592b3236c65499afb6cd.jpg</path>
	<source>
		<database>roboflow.ai</database>
	</source>
	<size>
		<width>600</width>
		<height>600</height>
		<depth>3</depth>
	</size>
	<segmented>0</segmented>
	<object>
		<name>0</name>
		<pose>Unspecified</pose>
		<truncated>0</truncated>
		<difficult>0</difficult>
		<occluded>0</occluded>
		<bndbox>
			<xmin>312</xmin>
			<xmax>316</xmax>
			<ymin>277</ymin>
			<ymax>290</ymax>
		</bndbox>
	</object>
</annotation>
