<annotation>
	<folder></folder>
	<filename>0000001399-1-Image_jpeg.rf.71d67bd1923079b9036f68cc2bdd8d95.jpg</filename>
	<path>0000001399-1-Image_jpeg.rf.71d67bd1923079b9036f68cc2bdd8d95.jpg</path>
	<source>
		<database>roboflow.ai</database>
	</source>
	<size>
		<width>600</width>
		<height>600</height>
		<depth>3</depth>
	</size>
	<segmented>0</segmented>
	<object>
		<name>0</name>
		<pose>Unspecified</pose>
		<truncated>0</truncated>
		<difficult>0</difficult>
		<occluded>0</occluded>
		<bndbox>
			<xmin>254</xmin>
			<xmax>256</xmax>
			<ymin>299</ymin>
			<ymax>312</ymax>
		</bndbox>
	</object>
	<object>
		<name>0</name>
		<pose>Unspecified</pose>
		<truncated>0</truncated>
		<difficult>0</difficult>
		<occluded>0</occluded>
		<bndbox>
			<xmin>243</xmin>
			<xmax>254</xmax>
			<ymin>200</ymin>
			<ymax>273</ymax>
		</bndbox>
	</object>
</annotation>
