<annotation>
	<folder></folder>
	<filename>0000000288-1-Image_jpeg.rf.a74ddd64ace597b5495b5b3125ce98f7.jpg</filename>
	<path>0000000288-1-Image_jpeg.rf.a74ddd64ace597b5495b5b3125ce98f7.jpg</path>
	<source>
		<database>roboflow.ai</database>
	</source>
	<size>
		<width>600</width>
		<height>600</height>
		<depth>3</depth>
	</size>
	<segmented>0</segmented>
	<object>
		<name>0</name>
		<pose>Unspecified</pose>
		<truncated>0</truncated>
		<difficult>0</difficult>
		<occluded>0</occluded>
		<bndbox>
			<xmin>324</xmin>
			<xmax>328</xmax>
			<ymin>279</ymin>
			<ymax>292</ymax>
		</bndbox>
	</object>
</annotation>
