<annotation>
	<folder></folder>
	<filename>0000000677-1-Image_jpeg.rf.e83ede3e04579be5d1f5462047057969.jpg</filename>
	<path>0000000677-1-Image_jpeg.rf.e83ede3e04579be5d1f5462047057969.jpg</path>
	<source>
		<database>roboflow.ai</database>
	</source>
	<size>
		<width>600</width>
		<height>600</height>
		<depth>3</depth>
	</size>
	<segmented>0</segmented>
	<object>
		<name>0</name>
		<pose>Unspecified</pose>
		<truncated>0</truncated>
		<difficult>0</difficult>
		<occluded>0</occluded>
		<bndbox>
			<xmin>288</xmin>
			<xmax>290</xmax>
			<ymin>279</ymin>
			<ymax>290</ymax>
		</bndbox>
	</object>
	<object>
		<name>0</name>
		<pose>Unspecified</pose>
		<truncated>0</truncated>
		<difficult>0</difficult>
		<occluded>0</occluded>
		<bndbox>
			<xmin>290</xmin>
			<xmax>294</xmax>
			<ymin>237</ymin>
			<ymax>262</ymax>
		</bndbox>
	</object>
</annotation>
