<annotation>
	<folder></folder>
	<filename>0000000882-1-Image_jpeg.rf.59c326e8eaeaea4fa2dea75a3e500439.jpg</filename>
	<path>0000000882-1-Image_jpeg.rf.59c326e8eaeaea4fa2dea75a3e500439.jpg</path>
	<source>
		<database>roboflow.ai</database>
	</source>
	<size>
		<width>600</width>
		<height>600</height>
		<depth>3</depth>
	</size>
	<segmented>0</segmented>
	<object>
		<name>0</name>
		<pose>Unspecified</pose>
		<truncated>0</truncated>
		<difficult>0</difficult>
		<occluded>0</occluded>
		<bndbox>
			<xmin>318</xmin>
			<xmax>320</xmax>
			<ymin>268</ymin>
			<ymax>279</ymax>
		</bndbox>
	</object>
</annotation>
