<annotation>
	<folder></folder>
	<filename>0000000485-1-Image_jpeg.rf.8edbd4300040022a1654883d001a7ced.jpg</filename>
	<path>0000000485-1-Image_jpeg.rf.8edbd4300040022a1654883d001a7ced.jpg</path>
	<source>
		<database>roboflow.ai</database>
	</source>
	<size>
		<width>600</width>
		<height>600</height>
		<depth>3</depth>
	</size>
	<segmented>0</segmented>
	<object>
		<name>0</name>
		<pose>Unspecified</pose>
		<truncated>0</truncated>
		<difficult>0</difficult>
		<occluded>0</occluded>
		<bndbox>
			<xmin>333</xmin>
			<xmax>335</xmax>
			<ymin>307</ymin>
			<ymax>316</ymax>
		</bndbox>
	</object>
	<object>
		<name>0</name>
		<pose>Unspecified</pose>
		<truncated>0</truncated>
		<difficult>0</difficult>
		<occluded>0</occluded>
		<bndbox>
			<xmin>337</xmin>
			<xmax>341</xmax>
			<ymin>245</ymin>
			<ymax>299</ymax>
		</bndbox>
	</object>
</annotation>
