<annotation>
	<folder></folder>
	<filename>0000000445-1-Image_jpeg.rf.df15fc3f96990d41db6d57f8ff4124f7.jpg</filename>
	<path>0000000445-1-Image_jpeg.rf.df15fc3f96990d41db6d57f8ff4124f7.jpg</path>
	<source>
		<database>roboflow.ai</database>
	</source>
	<size>
		<width>600</width>
		<height>600</height>
		<depth>3</depth>
	</size>
	<segmented>0</segmented>
	<object>
		<name>0</name>
		<pose>Unspecified</pose>
		<truncated>0</truncated>
		<difficult>0</difficult>
		<occluded>0</occluded>
		<bndbox>
			<xmin>256</xmin>
			<xmax>260</xmax>
			<ymin>283</ymin>
			<ymax>294</ymax>
		</bndbox>
	</object>
</annotation>
