<annotation>
	<folder></folder>
	<filename>0000000498-1-Image_jpeg.rf.981d29246a4f2d9c6b741509e0760e00.jpg</filename>
	<path>0000000498-1-Image_jpeg.rf.981d29246a4f2d9c6b741509e0760e00.jpg</path>
	<source>
		<database>roboflow.ai</database>
	</source>
	<size>
		<width>600</width>
		<height>600</height>
		<depth>3</depth>
	</size>
	<segmented>0</segmented>
	<object>
		<name>0</name>
		<pose>Unspecified</pose>
		<truncated>0</truncated>
		<difficult>0</difficult>
		<occluded>0</occluded>
		<bndbox>
			<xmin>320</xmin>
			<xmax>322</xmax>
			<ymin>256</ymin>
			<ymax>267</ymax>
		</bndbox>
	</object>
	<object>
		<name>0</name>
		<pose>Unspecified</pose>
		<truncated>0</truncated>
		<difficult>0</difficult>
		<occluded>0</occluded>
		<bndbox>
			<xmin>309</xmin>
			<xmax>320</xmax>
			<ymin>191</ymin>
			<ymax>251</ymax>
		</bndbox>
	</object>
</annotation>
