<annotation>
	<folder></folder>
	<filename>0000000577-1-Image_jpeg.rf.bd6b89c27e7cd416fdfa65e16df89c32.jpg</filename>
	<path>0000000577-1-Image_jpeg.rf.bd6b89c27e7cd416fdfa65e16df89c32.jpg</path>
	<source>
		<database>roboflow.ai</database>
	</source>
	<size>
		<width>600</width>
		<height>600</height>
		<depth>3</depth>
	</size>
	<segmented>0</segmented>
	<object>
		<name>0</name>
		<pose>Unspecified</pose>
		<truncated>0</truncated>
		<difficult>0</difficult>
		<occluded>0</occluded>
		<bndbox>
			<xmin>284</xmin>
			<xmax>288</xmax>
			<ymin>326</ymin>
			<ymax>337</ymax>
		</bndbox>
	</object>
	<object>
		<name>0</name>
		<pose>Unspecified</pose>
		<truncated>0</truncated>
		<difficult>0</difficult>
		<occluded>0</occluded>
		<bndbox>
			<xmin>286</xmin>
			<xmax>292</xmax>
			<ymin>236</ymin>
			<ymax>285</ymax>
		</bndbox>
	</object>
</annotation>
