<annotation>
	<folder></folder>
	<filename>0000000163-1-Image_jpeg.rf.cc94d6bffae912ce55e914e73b1e16b7.jpg</filename>
	<path>0000000163-1-Image_jpeg.rf.cc94d6bffae912ce55e914e73b1e16b7.jpg</path>
	<source>
		<database>roboflow.ai</database>
	</source>
	<size>
		<width>600</width>
		<height>600</height>
		<depth>3</depth>
	</size>
	<segmented>0</segmented>
	<object>
		<name>0</name>
		<pose>Unspecified</pose>
		<truncated>0</truncated>
		<difficult>0</difficult>
		<occluded>0</occluded>
		<bndbox>
			<xmin>245</xmin>
			<xmax>247</xmax>
			<ymin>322</ymin>
			<ymax>333</ymax>
		</bndbox>
	</object>
	<object>
		<name>0</name>
		<pose>Unspecified</pose>
		<truncated>0</truncated>
		<difficult>0</difficult>
		<occluded>0</occluded>
		<bndbox>
			<xmin>249</xmin>
			<xmax>260</xmax>
			<ymin>233</ymin>
			<ymax>301</ymax>
		</bndbox>
	</object>
</annotation>
