<annotation>
	<folder></folder>
	<filename>0000000301-1-Image_jpeg.rf.210e03ee4d28dec16165fb0247274cc3.jpg</filename>
	<path>0000000301-1-Image_jpeg.rf.210e03ee4d28dec16165fb0247274cc3.jpg</path>
	<source>
		<database>roboflow.ai</database>
	</source>
	<size>
		<width>600</width>
		<height>600</height>
		<depth>3</depth>
	</size>
	<segmented>0</segmented>
	<object>
		<name>0</name>
		<pose>Unspecified</pose>
		<truncated>0</truncated>
		<difficult>0</difficult>
		<occluded>0</occluded>
		<bndbox>
			<xmin>299</xmin>
			<xmax>301</xmax>
			<ymin>294</ymin>
			<ymax>305</ymax>
		</bndbox>
	</object>
	<object>
		<name>0</name>
		<pose>Unspecified</pose>
		<truncated>0</truncated>
		<difficult>0</difficult>
		<occluded>0</occluded>
		<bndbox>
			<xmin>301</xmin>
			<xmax>310</xmax>
			<ymin>198</ymin>
			<ymax>267</ymax>
		</bndbox>
	</object>
</annotation>
