<annotation>
	<folder></folder>
	<filename>0000000229-1-Image_jpeg.rf.20cf0cbd962d3b012204a07ff806ddc2.jpg</filename>
	<path>0000000229-1-Image_jpeg.rf.20cf0cbd962d3b012204a07ff806ddc2.jpg</path>
	<source>
		<database>roboflow.ai</database>
	</source>
	<size>
		<width>600</width>
		<height>600</height>
		<depth>3</depth>
	</size>
	<segmented>0</segmented>
	<object>
		<name>0</name>
		<pose>Unspecified</pose>
		<truncated>0</truncated>
		<difficult>0</difficult>
		<occluded>0</occluded>
		<bndbox>
			<xmin>305</xmin>
			<xmax>309</xmax>
			<ymin>303</ymin>
			<ymax>316</ymax>
		</bndbox>
	</object>
	<object>
		<name>0</name>
		<pose>Unspecified</pose>
		<truncated>0</truncated>
		<difficult>0</difficult>
		<occluded>0</occluded>
		<bndbox>
			<xmin>307</xmin>
			<xmax>316</xmax>
			<ymin>222</ymin>
			<ymax>301</ymax>
		</bndbox>
	</object>
</annotation>
