<annotation>
	<folder></folder>
	<filename>0000000157-1-Image_jpeg.rf.44073b433003dae6d83e14f7a335a4df.jpg</filename>
	<path>0000000157-1-Image_jpeg.rf.44073b433003dae6d83e14f7a335a4df.jpg</path>
	<source>
		<database>roboflow.ai</database>
	</source>
	<size>
		<width>600</width>
		<height>600</height>
		<depth>3</depth>
	</size>
	<segmented>0</segmented>
	<object>
		<name>0</name>
		<pose>Unspecified</pose>
		<truncated>0</truncated>
		<difficult>0</difficult>
		<occluded>0</occluded>
		<bndbox>
			<xmin>294</xmin>
			<xmax>296</xmax>
			<ymin>299</ymin>
			<ymax>309</ymax>
		</bndbox>
	</object>
</annotation>
