<annotation>
	<folder></folder>
	<filename>0000000470-1-Image_jpeg.rf.d5b879307bd73ed044fcc7cc840bbe90.jpg</filename>
	<path>0000000470-1-Image_jpeg.rf.d5b879307bd73ed044fcc7cc840bbe90.jpg</path>
	<source>
		<database>roboflow.ai</database>
	</source>
	<size>
		<width>600</width>
		<height>600</height>
		<depth>3</depth>
	</size>
	<segmented>0</segmented>
	<object>
		<name>0</name>
		<pose>Unspecified</pose>
		<truncated>0</truncated>
		<difficult>0</difficult>
		<occluded>0</occluded>
		<bndbox>
			<xmin>326</xmin>
			<xmax>328</xmax>
			<ymin>290</ymin>
			<ymax>301</ymax>
		</bndbox>
	</object>
	<object>
		<name>0</name>
		<pose>Unspecified</pose>
		<truncated>0</truncated>
		<difficult>0</difficult>
		<occluded>0</occluded>
		<bndbox>
			<xmin>325</xmin>
			<xmax>333</xmax>
			<ymin>188</ymin>
			<ymax>288</ymax>
		</bndbox>
	</object>
</annotation>
