<annotation>
	<folder></folder>
	<filename>0000000823-1-Image_jpeg.rf.3a1bc99c2b1c103eb9cab54a62c2ef26.jpg</filename>
	<path>0000000823-1-Image_jpeg.rf.3a1bc99c2b1c103eb9cab54a62c2ef26.jpg</path>
	<source>
		<database>roboflow.ai</database>
	</source>
	<size>
		<width>600</width>
		<height>600</height>
		<depth>3</depth>
	</size>
	<segmented>0</segmented>
	<object>
		<name>0</name>
		<pose>Unspecified</pose>
		<truncated>0</truncated>
		<difficult>0</difficult>
		<occluded>0</occluded>
		<bndbox>
			<xmin>301</xmin>
			<xmax>303</xmax>
			<ymin>295</ymin>
			<ymax>305</ymax>
		</bndbox>
	</object>
	<object>
		<name>0</name>
		<pose>Unspecified</pose>
		<truncated>0</truncated>
		<difficult>0</difficult>
		<occluded>0</occluded>
		<bndbox>
			<xmin>301</xmin>
			<xmax>312</xmax>
			<ymin>204</ymin>
			<ymax>292</ymax>
		</bndbox>
	</object>
</annotation>
