<annotation>
	<folder></folder>
	<filename>0000000451-1-Image_jpeg.rf.d381bb7b453a3d9edb2fc5566b9f4d57.jpg</filename>
	<path>0000000451-1-Image_jpeg.rf.d381bb7b453a3d9edb2fc5566b9f4d57.jpg</path>
	<source>
		<database>roboflow.ai</database>
	</source>
	<size>
		<width>600</width>
		<height>600</height>
		<depth>3</depth>
	</size>
	<segmented>0</segmented>
	<object>
		<name>0</name>
		<pose>Unspecified</pose>
		<truncated>0</truncated>
		<difficult>0</difficult>
		<occluded>0</occluded>
		<bndbox>
			<xmin>286</xmin>
			<xmax>290</xmax>
			<ymin>264</ymin>
			<ymax>275</ymax>
		</bndbox>
	</object>
	<object>
		<name>0</name>
		<pose>Unspecified</pose>
		<truncated>0</truncated>
		<difficult>0</difficult>
		<occluded>0</occluded>
		<bndbox>
			<xmin>278</xmin>
			<xmax>288</xmax>
			<ymin>162</ymin>
			<ymax>256</ymax>
		</bndbox>
	</object>
</annotation>
