<annotation>
	<folder></folder>
	<filename>0000000941-1-Image_jpeg.rf.f7563a0b783f2fcb053cfdcab97e463f.jpg</filename>
	<path>0000000941-1-Image_jpeg.rf.f7563a0b783f2fcb053cfdcab97e463f.jpg</path>
	<source>
		<database>roboflow.ai</database>
	</source>
	<size>
		<width>600</width>
		<height>600</height>
		<depth>3</depth>
	</size>
	<segmented>0</segmented>
	<object>
		<name>0</name>
		<pose>Unspecified</pose>
		<truncated>0</truncated>
		<difficult>0</difficult>
		<occluded>0</occluded>
		<bndbox>
			<xmin>310</xmin>
			<xmax>314</xmax>
			<ymin>273</ymin>
			<ymax>284</ymax>
		</bndbox>
	</object>
	<object>
		<name>0</name>
		<pose>Unspecified</pose>
		<truncated>0</truncated>
		<difficult>0</difficult>
		<occluded>0</occluded>
		<bndbox>
			<xmin>313</xmin>
			<xmax>328</xmax>
			<ymin>177</ymin>
			<ymax>269</ymax>
		</bndbox>
	</object>
</annotation>
