<annotation>
	<folder></folder>
	<filename>0000000103-1-Image_jpeg.rf.bce4a9c3f586a016770d5912505972e8.jpg</filename>
	<path>0000000103-1-Image_jpeg.rf.bce4a9c3f586a016770d5912505972e8.jpg</path>
	<source>
		<database>roboflow.ai</database>
	</source>
	<size>
		<width>600</width>
		<height>600</height>
		<depth>3</depth>
	</size>
	<segmented>0</segmented>
	<object>
		<name>0</name>
		<pose>Unspecified</pose>
		<truncated>0</truncated>
		<difficult>0</difficult>
		<occluded>0</occluded>
		<bndbox>
			<xmin>297</xmin>
			<xmax>299</xmax>
			<ymin>288</ymin>
			<ymax>299</ymax>
		</bndbox>
	</object>
	<object>
		<name>0</name>
		<pose>Unspecified</pose>
		<truncated>0</truncated>
		<difficult>0</difficult>
		<occluded>0</occluded>
		<bndbox>
			<xmin>297</xmin>
			<xmax>303</xmax>
			<ymin>211</ymin>
			<ymax>286</ymax>
		</bndbox>
	</object>
</annotation>
