<annotation>
	<folder></folder>
	<filename>0000000399-1-Image_jpeg.rf.71eaf47bb2125fbf9583b6474c20afca.jpg</filename>
	<path>0000000399-1-Image_jpeg.rf.71eaf47bb2125fbf9583b6474c20afca.jpg</path>
	<source>
		<database>roboflow.ai</database>
	</source>
	<size>
		<width>600</width>
		<height>600</height>
		<depth>3</depth>
	</size>
	<segmented>0</segmented>
	<object>
		<name>0</name>
		<pose>Unspecified</pose>
		<truncated>0</truncated>
		<difficult>0</difficult>
		<occluded>0</occluded>
		<bndbox>
			<xmin>318</xmin>
			<xmax>322</xmax>
			<ymin>296</ymin>
			<ymax>307</ymax>
		</bndbox>
	</object>
</annotation>
