<annotation>
	<folder></folder>
	<filename>0000001125-1-Image_jpeg.rf.6394a079004394a7df5713b4b8d3d23b.jpg</filename>
	<path>0000001125-1-Image_jpeg.rf.6394a079004394a7df5713b4b8d3d23b.jpg</path>
	<source>
		<database>roboflow.ai</database>
	</source>
	<size>
		<width>600</width>
		<height>600</height>
		<depth>3</depth>
	</size>
	<segmented>0</segmented>
	<object>
		<name>0</name>
		<pose>Unspecified</pose>
		<truncated>0</truncated>
		<difficult>0</difficult>
		<occluded>0</occluded>
		<bndbox>
			<xmin>286</xmin>
			<xmax>290</xmax>
			<ymin>286</ymin>
			<ymax>299</ymax>
		</bndbox>
	</object>
	<object>
		<name>0</name>
		<pose>Unspecified</pose>
		<truncated>0</truncated>
		<difficult>0</difficult>
		<occluded>0</occluded>
		<bndbox>
			<xmin>290</xmin>
			<xmax>307</xmax>
			<ymin>192</ymin>
			<ymax>284</ymax>
		</bndbox>
	</object>
</annotation>
