<annotation>
	<folder></folder>
	<filename>0000001384-1-Image_jpeg.rf.030b8cd36eb477c20479c4d65690c6ef.jpg</filename>
	<path>0000001384-1-Image_jpeg.rf.030b8cd36eb477c20479c4d65690c6ef.jpg</path>
	<source>
		<database>roboflow.ai</database>
	</source>
	<size>
		<width>600</width>
		<height>600</height>
		<depth>3</depth>
	</size>
	<segmented>0</segmented>
	<object>
		<name>0</name>
		<pose>Unspecified</pose>
		<truncated>0</truncated>
		<difficult>0</difficult>
		<occluded>0</occluded>
		<bndbox>
			<xmin>299</xmin>
			<xmax>301</xmax>
			<ymin>326</ymin>
			<ymax>337</ymax>
		</bndbox>
	</object>
</annotation>
