<annotation>
	<folder></folder>
	<filename>0000000786-1-Image_jpeg.rf.1b219cec71e9b9537ea880b5f3c31725.jpg</filename>
	<path>0000000786-1-Image_jpeg.rf.1b219cec71e9b9537ea880b5f3c31725.jpg</path>
	<source>
		<database>roboflow.ai</database>
	</source>
	<size>
		<width>600</width>
		<height>600</height>
		<depth>3</depth>
	</size>
	<segmented>0</segmented>
	<object>
		<name>0</name>
		<pose>Unspecified</pose>
		<truncated>0</truncated>
		<difficult>0</difficult>
		<occluded>0</occluded>
		<bndbox>
			<xmin>309</xmin>
			<xmax>311</xmax>
			<ymin>380</ymin>
			<ymax>391</ymax>
		</bndbox>
	</object>
</annotation>
