<annotation>
	<folder></folder>
	<filename>0000000308-1-Image_jpeg.rf.f9f8ffb88a21742a3c87d7f8b74a7217.jpg</filename>
	<path>0000000308-1-Image_jpeg.rf.f9f8ffb88a21742a3c87d7f8b74a7217.jpg</path>
	<source>
		<database>roboflow.ai</database>
	</source>
	<size>
		<width>600</width>
		<height>600</height>
		<depth>3</depth>
	</size>
	<segmented>0</segmented>
	<object>
		<name>0</name>
		<pose>Unspecified</pose>
		<truncated>0</truncated>
		<difficult>0</difficult>
		<occluded>0</occluded>
		<bndbox>
			<xmin>290</xmin>
			<xmax>292</xmax>
			<ymin>355</ymin>
			<ymax>365</ymax>
		</bndbox>
	</object>
	<object>
		<name>0</name>
		<pose>Unspecified</pose>
		<truncated>0</truncated>
		<difficult>0</difficult>
		<occluded>0</occluded>
		<bndbox>
			<xmin>296</xmin>
			<xmax>298</xmax>
			<ymin>252</ymin>
			<ymax>273</ymax>
		</bndbox>
	</object>
</annotation>
