<annotation>
	<folder></folder>
	<filename>0000000553-1-Image_jpeg.rf.e5abdd5c0c60817a15e7fa3947a47cd8.jpg</filename>
	<path>0000000553-1-Image_jpeg.rf.e5abdd5c0c60817a15e7fa3947a47cd8.jpg</path>
	<source>
		<database>roboflow.ai</database>
	</source>
	<size>
		<width>600</width>
		<height>600</height>
		<depth>3</depth>
	</size>
	<segmented>0</segmented>
	<object>
		<name>0</name>
		<pose>Unspecified</pose>
		<truncated>0</truncated>
		<difficult>0</difficult>
		<occluded>0</occluded>
		<bndbox>
			<xmin>294</xmin>
			<xmax>296</xmax>
			<ymin>298</ymin>
			<ymax>309</ymax>
		</bndbox>
	</object>
	<object>
		<name>0</name>
		<pose>Unspecified</pose>
		<truncated>0</truncated>
		<difficult>0</difficult>
		<occluded>0</occluded>
		<bndbox>
			<xmin>296</xmin>
			<xmax>313</xmax>
			<ymin>219</ymin>
			<ymax>296</ymax>
		</bndbox>
	</object>
</annotation>
