<annotation>
	<folder></folder>
	<filename>0000000069-1-Image_jpeg.rf.bb390878e74223a3501f1950717d71ed.jpg</filename>
	<path>0000000069-1-Image_jpeg.rf.bb390878e74223a3501f1950717d71ed.jpg</path>
	<source>
		<database>roboflow.ai</database>
	</source>
	<size>
		<width>600</width>
		<height>600</height>
		<depth>3</depth>
	</size>
	<segmented>0</segmented>
	<object>
		<name>0</name>
		<pose>Unspecified</pose>
		<truncated>0</truncated>
		<difficult>0</difficult>
		<occluded>0</occluded>
		<bndbox>
			<xmin>318</xmin>
			<xmax>320</xmax>
			<ymin>258</ymin>
			<ymax>267</ymax>
		</bndbox>
	</object>
	<object>
		<name>0</name>
		<pose>Unspecified</pose>
		<truncated>0</truncated>
		<difficult>0</difficult>
		<occluded>0</occluded>
		<bndbox>
			<xmin>303</xmin>
			<xmax>318</xmax>
			<ymin>157</ymin>
			<ymax>239</ymax>
		</bndbox>
	</object>
</annotation>
