<annotation>
	<folder></folder>
	<filename>0000000020-1-Image_jpeg.rf.697cf6f845e4ea855ba2c0aa89532c07.jpg</filename>
	<path>0000000020-1-Image_jpeg.rf.697cf6f845e4ea855ba2c0aa89532c07.jpg</path>
	<source>
		<database>roboflow.ai</database>
	</source>
	<size>
		<width>600</width>
		<height>600</height>
		<depth>3</depth>
	</size>
	<segmented>0</segmented>
	<object>
		<name>0</name>
		<pose>Unspecified</pose>
		<truncated>0</truncated>
		<difficult>0</difficult>
		<occluded>0</occluded>
		<bndbox>
			<xmin>305</xmin>
			<xmax>307</xmax>
			<ymin>298</ymin>
			<ymax>309</ymax>
		</bndbox>
	</object>
	<object>
		<name>0</name>
		<pose>Unspecified</pose>
		<truncated>0</truncated>
		<difficult>0</difficult>
		<occluded>0</occluded>
		<bndbox>
			<xmin>284</xmin>
			<xmax>305</xmax>
			<ymin>204</ymin>
			<ymax>286</ymax>
		</bndbox>
	</object>
</annotation>
