<annotation>
	<folder></folder>
	<filename>0000000695-1-Image_jpeg.rf.677986c71892c61fe2e3e64cea7fd43e.jpg</filename>
	<path>0000000695-1-Image_jpeg.rf.677986c71892c61fe2e3e64cea7fd43e.jpg</path>
	<source>
		<database>roboflow.ai</database>
	</source>
	<size>
		<width>600</width>
		<height>600</height>
		<depth>3</depth>
	</size>
	<segmented>0</segmented>
	<object>
		<name>0</name>
		<pose>Unspecified</pose>
		<truncated>0</truncated>
		<difficult>0</difficult>
		<occluded>0</occluded>
		<bndbox>
			<xmin>299</xmin>
			<xmax>301</xmax>
			<ymin>295</ymin>
			<ymax>305</ymax>
		</bndbox>
	</object>
	<object>
		<name>0</name>
		<pose>Unspecified</pose>
		<truncated>0</truncated>
		<difficult>0</difficult>
		<occluded>0</occluded>
		<bndbox>
			<xmin>301</xmin>
			<xmax>309</xmax>
			<ymin>209</ymin>
			<ymax>273</ymax>
		</bndbox>
	</object>
</annotation>
