<annotation>
	<folder></folder>
	<filename>0000000592-1-Image_jpeg.rf.023e630fa260a77f5b3a3a13125ac599.jpg</filename>
	<path>0000000592-1-Image_jpeg.rf.023e630fa260a77f5b3a3a13125ac599.jpg</path>
	<source>
		<database>roboflow.ai</database>
	</source>
	<size>
		<width>600</width>
		<height>600</height>
		<depth>3</depth>
	</size>
	<segmented>0</segmented>
	<object>
		<name>0</name>
		<pose>Unspecified</pose>
		<truncated>0</truncated>
		<difficult>0</difficult>
		<occluded>0</occluded>
		<bndbox>
			<xmin>294</xmin>
			<xmax>298</xmax>
			<ymin>258</ymin>
			<ymax>271</ymax>
		</bndbox>
	</object>
	<object>
		<name>0</name>
		<pose>Unspecified</pose>
		<truncated>0</truncated>
		<difficult>0</difficult>
		<occluded>0</occluded>
		<bndbox>
			<xmin>295</xmin>
			<xmax>301</xmax>
			<ymin>162</ymin>
			<ymax>243</ymax>
		</bndbox>
	</object>
</annotation>
