<annotation>
	<folder></folder>
	<filename>0000000511-1-Image_jpeg.rf.657cc83c75759bae3a6f62de9c9614b4.jpg</filename>
	<path>0000000511-1-Image_jpeg.rf.657cc83c75759bae3a6f62de9c9614b4.jpg</path>
	<source>
		<database>roboflow.ai</database>
	</source>
	<size>
		<width>600</width>
		<height>600</height>
		<depth>3</depth>
	</size>
	<segmented>0</segmented>
	<object>
		<name>0</name>
		<pose>Unspecified</pose>
		<truncated>0</truncated>
		<difficult>0</difficult>
		<occluded>0</occluded>
		<bndbox>
			<xmin>324</xmin>
			<xmax>328</xmax>
			<ymin>281</ymin>
			<ymax>292</ymax>
		</bndbox>
	</object>
	<object>
		<name>0</name>
		<pose>Unspecified</pose>
		<truncated>0</truncated>
		<difficult>0</difficult>
		<occluded>0</occluded>
		<bndbox>
			<xmin>299</xmin>
			<xmax>325</xmax>
			<ymin>183</ymin>
			<ymax>278</ymax>
		</bndbox>
	</object>
</annotation>
