<annotation>
	<folder></folder>
	<filename>0000000546-1-Image_jpeg.rf.2cc0becb6370e1bb41bf42a78d04a75a.jpg</filename>
	<path>0000000546-1-Image_jpeg.rf.2cc0becb6370e1bb41bf42a78d04a75a.jpg</path>
	<source>
		<database>roboflow.ai</database>
	</source>
	<size>
		<width>600</width>
		<height>600</height>
		<depth>3</depth>
	</size>
	<segmented>0</segmented>
	<object>
		<name>0</name>
		<pose>Unspecified</pose>
		<truncated>0</truncated>
		<difficult>0</difficult>
		<occluded>0</occluded>
		<bndbox>
			<xmin>318</xmin>
			<xmax>320</xmax>
			<ymin>290</ymin>
			<ymax>301</ymax>
		</bndbox>
	</object>
	<object>
		<name>0</name>
		<pose>Unspecified</pose>
		<truncated>0</truncated>
		<difficult>0</difficult>
		<occluded>0</occluded>
		<bndbox>
			<xmin>318</xmin>
			<xmax>325</xmax>
			<ymin>232</ymin>
			<ymax>286</ymax>
		</bndbox>
	</object>
</annotation>
