<annotation>
	<folder></folder>
	<filename>0000001042-1-Image_jpeg.rf.24a05f139df7aa1ccbf56b1ae03d6ffd.jpg</filename>
	<path>0000001042-1-Image_jpeg.rf.24a05f139df7aa1ccbf56b1ae03d6ffd.jpg</path>
	<source>
		<database>roboflow.ai</database>
	</source>
	<size>
		<width>600</width>
		<height>600</height>
		<depth>3</depth>
	</size>
	<segmented>0</segmented>
	<object>
		<name>0</name>
		<pose>Unspecified</pose>
		<truncated>0</truncated>
		<difficult>0</difficult>
		<occluded>0</occluded>
		<bndbox>
			<xmin>318</xmin>
			<xmax>322</xmax>
			<ymin>305</ymin>
			<ymax>318</ymax>
		</bndbox>
	</object>
</annotation>
