<annotation>
	<folder></folder>
	<filename>0000000297-1-Image_jpeg.rf.f2aee5ff3d5cf3b3e1ce018e867d83f1.jpg</filename>
	<path>0000000297-1-Image_jpeg.rf.f2aee5ff3d5cf3b3e1ce018e867d83f1.jpg</path>
	<source>
		<database>roboflow.ai</database>
	</source>
	<size>
		<width>600</width>
		<height>600</height>
		<depth>3</depth>
	</size>
	<segmented>0</segmented>
	<object>
		<name>0</name>
		<pose>Unspecified</pose>
		<truncated>0</truncated>
		<difficult>0</difficult>
		<occluded>0</occluded>
		<bndbox>
			<xmin>290</xmin>
			<xmax>294</xmax>
			<ymin>296</ymin>
			<ymax>309</ymax>
		</bndbox>
	</object>
	<object>
		<name>0</name>
		<pose>Unspecified</pose>
		<truncated>0</truncated>
		<difficult>0</difficult>
		<occluded>0</occluded>
		<bndbox>
			<xmin>290</xmin>
			<xmax>292</xmax>
			<ymin>215</ymin>
			<ymax>260</ymax>
		</bndbox>
	</object>
</annotation>
