<annotation>
	<folder></folder>
	<filename>0000000239-1-Image_jpeg.rf.992eb2cb1c0b9c123e9130e21e8eaba4.jpg</filename>
	<path>0000000239-1-Image_jpeg.rf.992eb2cb1c0b9c123e9130e21e8eaba4.jpg</path>
	<source>
		<database>roboflow.ai</database>
	</source>
	<size>
		<width>600</width>
		<height>600</height>
		<depth>3</depth>
	</size>
	<segmented>0</segmented>
	<object>
		<name>0</name>
		<pose>Unspecified</pose>
		<truncated>0</truncated>
		<difficult>0</difficult>
		<occluded>0</occluded>
		<bndbox>
			<xmin>311</xmin>
			<xmax>313</xmax>
			<ymin>307</ymin>
			<ymax>320</ymax>
		</bndbox>
	</object>
	<object>
		<name>0</name>
		<pose>Unspecified</pose>
		<truncated>0</truncated>
		<difficult>0</difficult>
		<occluded>0</occluded>
		<bndbox>
			<xmin>286</xmin>
			<xmax>310</xmax>
			<ymin>215</ymin>
			<ymax>301</ymax>
		</bndbox>
	</object>
</annotation>
