<annotation>
	<folder></folder>
	<filename>0000000387-1-Image_jpeg.rf.b8a946ce01d67923d196b8ec70d06a93.jpg</filename>
	<path>0000000387-1-Image_jpeg.rf.b8a946ce01d67923d196b8ec70d06a93.jpg</path>
	<source>
		<database>roboflow.ai</database>
	</source>
	<size>
		<width>600</width>
		<height>600</height>
		<depth>3</depth>
	</size>
	<segmented>0</segmented>
	<object>
		<name>0</name>
		<pose>Unspecified</pose>
		<truncated>0</truncated>
		<difficult>0</difficult>
		<occluded>0</occluded>
		<bndbox>
			<xmin>279</xmin>
			<xmax>281</xmax>
			<ymin>292</ymin>
			<ymax>303</ymax>
		</bndbox>
	</object>
	<object>
		<name>0</name>
		<pose>Unspecified</pose>
		<truncated>0</truncated>
		<difficult>0</difficult>
		<occluded>0</occluded>
		<bndbox>
			<xmin>284</xmin>
			<xmax>297</xmax>
			<ymin>194</ymin>
			<ymax>241</ymax>
		</bndbox>
	</object>
</annotation>
