<annotation>
	<folder></folder>
	<filename>0000001204-1-Image_jpeg.rf.abf4c1e533dfd93010f4a2827bfe135a.jpg</filename>
	<path>0000001204-1-Image_jpeg.rf.abf4c1e533dfd93010f4a2827bfe135a.jpg</path>
	<source>
		<database>roboflow.ai</database>
	</source>
	<size>
		<width>600</width>
		<height>600</height>
		<depth>3</depth>
	</size>
	<segmented>0</segmented>
	<object>
		<name>0</name>
		<pose>Unspecified</pose>
		<truncated>0</truncated>
		<difficult>0</difficult>
		<occluded>0</occluded>
		<bndbox>
			<xmin>288</xmin>
			<xmax>292</xmax>
			<ymin>296</ymin>
			<ymax>307</ymax>
		</bndbox>
	</object>
	<object>
		<name>0</name>
		<pose>Unspecified</pose>
		<truncated>0</truncated>
		<difficult>0</difficult>
		<occluded>0</occluded>
		<bndbox>
			<xmin>273</xmin>
			<xmax>290</xmax>
			<ymin>196</ymin>
			<ymax>288</ymax>
		</bndbox>
	</object>
</annotation>
