<annotation>
	<folder></folder>
	<filename>0000000332-1-Image_jpeg.rf.f6d53b66bacc5c6badfb16436ca9d772.jpg</filename>
	<path>0000000332-1-Image_jpeg.rf.f6d53b66bacc5c6badfb16436ca9d772.jpg</path>
	<source>
		<database>roboflow.ai</database>
	</source>
	<size>
		<width>600</width>
		<height>600</height>
		<depth>3</depth>
	</size>
	<segmented>0</segmented>
	<object>
		<name>0</name>
		<pose>Unspecified</pose>
		<truncated>0</truncated>
		<difficult>0</difficult>
		<occluded>0</occluded>
		<bndbox>
			<xmin>260</xmin>
			<xmax>264</xmax>
			<ymin>348</ymin>
			<ymax>361</ymax>
		</bndbox>
	</object>
	<object>
		<name>0</name>
		<pose>Unspecified</pose>
		<truncated>0</truncated>
		<difficult>0</difficult>
		<occluded>0</occluded>
		<bndbox>
			<xmin>254</xmin>
			<xmax>258</xmax>
			<ymin>273</ymin>
			<ymax>307</ymax>
		</bndbox>
	</object>
</annotation>
