<annotation>
	<folder></folder>
	<filename>0000000023-1-Image_jpeg.rf.30b3c555c8cfd97fe16a55caad03afb2.jpg</filename>
	<path>0000000023-1-Image_jpeg.rf.30b3c555c8cfd97fe16a55caad03afb2.jpg</path>
	<source>
		<database>roboflow.ai</database>
	</source>
	<size>
		<width>600</width>
		<height>600</height>
		<depth>3</depth>
	</size>
	<segmented>0</segmented>
	<object>
		<name>0</name>
		<pose>Unspecified</pose>
		<truncated>0</truncated>
		<difficult>0</difficult>
		<occluded>0</occluded>
		<bndbox>
			<xmin>297</xmin>
			<xmax>301</xmax>
			<ymin>290</ymin>
			<ymax>303</ymax>
		</bndbox>
	</object>
	<object>
		<name>0</name>
		<pose>Unspecified</pose>
		<truncated>0</truncated>
		<difficult>0</difficult>
		<occluded>0</occluded>
		<bndbox>
			<xmin>292</xmin>
			<xmax>299</xmax>
			<ymin>190</ymin>
			<ymax>284</ymax>
		</bndbox>
	</object>
</annotation>
