<annotation>
	<folder></folder>
	<filename>0000001082-1-Image_jpeg.rf.9bed29eca17e7a36dc127ac5f420a9ed.jpg</filename>
	<path>0000001082-1-Image_jpeg.rf.9bed29eca17e7a36dc127ac5f420a9ed.jpg</path>
	<source>
		<database>roboflow.ai</database>
	</source>
	<size>
		<width>600</width>
		<height>600</height>
		<depth>3</depth>
	</size>
	<segmented>0</segmented>
	<object>
		<name>0</name>
		<pose>Unspecified</pose>
		<truncated>0</truncated>
		<difficult>0</difficult>
		<occluded>0</occluded>
		<bndbox>
			<xmin>297</xmin>
			<xmax>299</xmax>
			<ymin>300</ymin>
			<ymax>311</ymax>
		</bndbox>
	</object>
	<object>
		<name>0</name>
		<pose>Unspecified</pose>
		<truncated>0</truncated>
		<difficult>0</difficult>
		<occluded>0</occluded>
		<bndbox>
			<xmin>279</xmin>
			<xmax>298</xmax>
			<ymin>202</ymin>
			<ymax>288</ymax>
		</bndbox>
	</object>
</annotation>
