<annotation>
	<folder></folder>
	<filename>0000001195-1-Image_jpeg.rf.9e37df98c2e753b6c02cdab8b6b9eb46.jpg</filename>
	<path>0000001195-1-Image_jpeg.rf.9e37df98c2e753b6c02cdab8b6b9eb46.jpg</path>
	<source>
		<database>roboflow.ai</database>
	</source>
	<size>
		<width>600</width>
		<height>600</height>
		<depth>3</depth>
	</size>
	<segmented>0</segmented>
	<object>
		<name>0</name>
		<pose>Unspecified</pose>
		<truncated>0</truncated>
		<difficult>0</difficult>
		<occluded>0</occluded>
		<bndbox>
			<xmin>295</xmin>
			<xmax>299</xmax>
			<ymin>281</ymin>
			<ymax>292</ymax>
		</bndbox>
	</object>
</annotation>
