<annotation>
	<folder></folder>
	<filename>0000001344-1-Image_jpeg.rf.ee6e0144d1c4709a67508a03b218126c.jpg</filename>
	<path>0000001344-1-Image_jpeg.rf.ee6e0144d1c4709a67508a03b218126c.jpg</path>
	<source>
		<database>roboflow.ai</database>
	</source>
	<size>
		<width>600</width>
		<height>600</height>
		<depth>3</depth>
	</size>
	<segmented>0</segmented>
	<object>
		<name>0</name>
		<pose>Unspecified</pose>
		<truncated>0</truncated>
		<difficult>0</difficult>
		<occluded>0</occluded>
		<bndbox>
			<xmin>290</xmin>
			<xmax>294</xmax>
			<ymin>264</ymin>
			<ymax>277</ymax>
		</bndbox>
	</object>
	<object>
		<name>0</name>
		<pose>Unspecified</pose>
		<truncated>0</truncated>
		<difficult>0</difficult>
		<occluded>0</occluded>
		<bndbox>
			<xmin>286</xmin>
			<xmax>292</xmax>
			<ymin>183</ymin>
			<ymax>237</ymax>
		</bndbox>
	</object>
</annotation>
