<annotation>
	<folder></folder>
	<filename>0000001321-1-Image_jpeg.rf.c3f31770771bc705b68ce3bfdd297e09.jpg</filename>
	<path>0000001321-1-Image_jpeg.rf.c3f31770771bc705b68ce3bfdd297e09.jpg</path>
	<source>
		<database>roboflow.ai</database>
	</source>
	<size>
		<width>600</width>
		<height>600</height>
		<depth>3</depth>
	</size>
	<segmented>0</segmented>
	<object>
		<name>0</name>
		<pose>Unspecified</pose>
		<truncated>0</truncated>
		<difficult>0</difficult>
		<occluded>0</occluded>
		<bndbox>
			<xmin>295</xmin>
			<xmax>299</xmax>
			<ymin>292</ymin>
			<ymax>305</ymax>
		</bndbox>
	</object>
	<object>
		<name>0</name>
		<pose>Unspecified</pose>
		<truncated>0</truncated>
		<difficult>0</difficult>
		<occluded>0</occluded>
		<bndbox>
			<xmin>299</xmin>
			<xmax>318</xmax>
			<ymin>204</ymin>
			<ymax>290</ymax>
		</bndbox>
	</object>
</annotation>
