<annotation>
	<folder></folder>
	<filename>0000001251-1-Image_jpeg.rf.eff149ae98f2667004a0f04c015c29b9.jpg</filename>
	<path>0000001251-1-Image_jpeg.rf.eff149ae98f2667004a0f04c015c29b9.jpg</path>
	<source>
		<database>roboflow.ai</database>
	</source>
	<size>
		<width>600</width>
		<height>600</height>
		<depth>3</depth>
	</size>
	<segmented>0</segmented>
	<object>
		<name>0</name>
		<pose>Unspecified</pose>
		<truncated>0</truncated>
		<difficult>0</difficult>
		<occluded>0</occluded>
		<bndbox>
			<xmin>320</xmin>
			<xmax>322</xmax>
			<ymin>301</ymin>
			<ymax>312</ymax>
		</bndbox>
	</object>
	<object>
		<name>0</name>
		<pose>Unspecified</pose>
		<truncated>0</truncated>
		<difficult>0</difficult>
		<occluded>0</occluded>
		<bndbox>
			<xmin>316</xmin>
			<xmax>322</xmax>
			<ymin>245</ymin>
			<ymax>299</ymax>
		</bndbox>
	</object>
</annotation>
