<annotation>
	<folder></folder>
	<filename>0000000536-1-Image_jpeg.rf.bed3751bb3ed3fbcb245ac5f142407ab.jpg</filename>
	<path>0000000536-1-Image_jpeg.rf.bed3751bb3ed3fbcb245ac5f142407ab.jpg</path>
	<source>
		<database>roboflow.ai</database>
	</source>
	<size>
		<width>600</width>
		<height>600</height>
		<depth>3</depth>
	</size>
	<segmented>0</segmented>
	<object>
		<name>0</name>
		<pose>Unspecified</pose>
		<truncated>0</truncated>
		<difficult>0</difficult>
		<occluded>0</occluded>
		<bndbox>
			<xmin>290</xmin>
			<xmax>294</xmax>
			<ymin>271</ymin>
			<ymax>284</ymax>
		</bndbox>
	</object>
	<object>
		<name>0</name>
		<pose>Unspecified</pose>
		<truncated>0</truncated>
		<difficult>0</difficult>
		<occluded>0</occluded>
		<bndbox>
			<xmin>279</xmin>
			<xmax>292</xmax>
			<ymin>172</ymin>
			<ymax>269</ymax>
		</bndbox>
	</object>
</annotation>
