<annotation>
	<folder></folder>
	<filename>0000000055-1-Image_jpeg.rf.4be6387e1a0cf446005e37161a10b318.jpg</filename>
	<path>0000000055-1-Image_jpeg.rf.4be6387e1a0cf446005e37161a10b318.jpg</path>
	<source>
		<database>roboflow.ai</database>
	</source>
	<size>
		<width>600</width>
		<height>600</height>
		<depth>3</depth>
	</size>
	<segmented>0</segmented>
	<object>
		<name>0</name>
		<pose>Unspecified</pose>
		<truncated>0</truncated>
		<difficult>0</difficult>
		<occluded>0</occluded>
		<bndbox>
			<xmin>296</xmin>
			<xmax>298</xmax>
			<ymin>284</ymin>
			<ymax>294</ymax>
		</bndbox>
	</object>
	<object>
		<name>0</name>
		<pose>Unspecified</pose>
		<truncated>0</truncated>
		<difficult>0</difficult>
		<occluded>0</occluded>
		<bndbox>
			<xmin>275</xmin>
			<xmax>295</xmax>
			<ymin>185</ymin>
			<ymax>271</ymax>
		</bndbox>
	</object>
</annotation>
