<annotation>
	<folder></folder>
	<filename>0000001378-1-Image_jpeg.rf.a569eccaa0ef72a553e60e4e8d75deb1.jpg</filename>
	<path>0000001378-1-Image_jpeg.rf.a569eccaa0ef72a553e60e4e8d75deb1.jpg</path>
	<source>
		<database>roboflow.ai</database>
	</source>
	<size>
		<width>600</width>
		<height>600</height>
		<depth>3</depth>
	</size>
	<segmented>0</segmented>
	<object>
		<name>0</name>
		<pose>Unspecified</pose>
		<truncated>0</truncated>
		<difficult>0</difficult>
		<occluded>0</occluded>
		<bndbox>
			<xmin>312</xmin>
			<xmax>314</xmax>
			<ymin>305</ymin>
			<ymax>318</ymax>
		</bndbox>
	</object>
	<object>
		<name>0</name>
		<pose>Unspecified</pose>
		<truncated>0</truncated>
		<difficult>0</difficult>
		<occluded>0</occluded>
		<bndbox>
			<xmin>314</xmin>
			<xmax>320</xmax>
			<ymin>213</ymin>
			<ymax>284</ymax>
		</bndbox>
	</object>
</annotation>
