<annotation>
	<folder></folder>
	<filename>0000001203-1-Image_jpeg.rf.7fbbd60f250d61590f8882195fe2109c.jpg</filename>
	<path>0000001203-1-Image_jpeg.rf.7fbbd60f250d61590f8882195fe2109c.jpg</path>
	<source>
		<database>roboflow.ai</database>
	</source>
	<size>
		<width>600</width>
		<height>600</height>
		<depth>3</depth>
	</size>
	<segmented>0</segmented>
	<object>
		<name>0</name>
		<pose>Unspecified</pose>
		<truncated>0</truncated>
		<difficult>0</difficult>
		<occluded>0</occluded>
		<bndbox>
			<xmin>297</xmin>
			<xmax>299</xmax>
			<ymin>258</ymin>
			<ymax>267</ymax>
		</bndbox>
	</object>
	<object>
		<name>0</name>
		<pose>Unspecified</pose>
		<truncated>0</truncated>
		<difficult>0</difficult>
		<occluded>0</occluded>
		<bndbox>
			<xmin>294</xmin>
			<xmax>298</xmax>
			<ymin>181</ymin>
			<ymax>245</ymax>
		</bndbox>
	</object>
</annotation>
