<annotation>
	<folder></folder>
	<filename>0000000496-1-Image_jpeg.rf.d744619e22a9b1466c35d76f90c22f33.jpg</filename>
	<path>0000000496-1-Image_jpeg.rf.d744619e22a9b1466c35d76f90c22f33.jpg</path>
	<source>
		<database>roboflow.ai</database>
	</source>
	<size>
		<width>600</width>
		<height>600</height>
		<depth>3</depth>
	</size>
	<segmented>0</segmented>
	<object>
		<name>0</name>
		<pose>Unspecified</pose>
		<truncated>0</truncated>
		<difficult>0</difficult>
		<occluded>0</occluded>
		<bndbox>
			<xmin>301</xmin>
			<xmax>305</xmax>
			<ymin>279</ymin>
			<ymax>292</ymax>
		</bndbox>
	</object>
	<object>
		<name>0</name>
		<pose>Unspecified</pose>
		<truncated>0</truncated>
		<difficult>0</difficult>
		<occluded>0</occluded>
		<bndbox>
			<xmin>303</xmin>
			<xmax>329</xmax>
			<ymin>183</ymin>
			<ymax>277</ymax>
		</bndbox>
	</object>
</annotation>
