<annotation>
	<folder></folder>
	<filename>0000000944-1-Image_jpeg.rf.7d4b3ac65f69c079d452109260b3c2e6.jpg</filename>
	<path>0000000944-1-Image_jpeg.rf.7d4b3ac65f69c079d452109260b3c2e6.jpg</path>
	<source>
		<database>roboflow.ai</database>
	</source>
	<size>
		<width>600</width>
		<height>600</height>
		<depth>3</depth>
	</size>
	<segmented>0</segmented>
	<object>
		<name>0</name>
		<pose>Unspecified</pose>
		<truncated>0</truncated>
		<difficult>0</difficult>
		<occluded>0</occluded>
		<bndbox>
			<xmin>305</xmin>
			<xmax>309</xmax>
			<ymin>286</ymin>
			<ymax>299</ymax>
		</bndbox>
	</object>
	<object>
		<name>0</name>
		<pose>Unspecified</pose>
		<truncated>0</truncated>
		<difficult>0</difficult>
		<occluded>0</occluded>
		<bndbox>
			<xmin>307</xmin>
			<xmax>316</xmax>
			<ymin>190</ymin>
			<ymax>275</ymax>
		</bndbox>
	</object>
</annotation>
