<annotation>
	<folder></folder>
	<filename>0000000963-1-Image_jpeg.rf.d3586e4df1aafba898bf6221be152548.jpg</filename>
	<path>0000000963-1-Image_jpeg.rf.d3586e4df1aafba898bf6221be152548.jpg</path>
	<source>
		<database>roboflow.ai</database>
	</source>
	<size>
		<width>600</width>
		<height>600</height>
		<depth>3</depth>
	</size>
	<segmented>0</segmented>
	<object>
		<name>0</name>
		<pose>Unspecified</pose>
		<truncated>0</truncated>
		<difficult>0</difficult>
		<occluded>0</occluded>
		<bndbox>
			<xmin>284</xmin>
			<xmax>288</xmax>
			<ymin>268</ymin>
			<ymax>281</ymax>
		</bndbox>
	</object>
	<object>
		<name>0</name>
		<pose>Unspecified</pose>
		<truncated>0</truncated>
		<difficult>0</difficult>
		<occluded>0</occluded>
		<bndbox>
			<xmin>267</xmin>
			<xmax>286</xmax>
			<ymin>179</ymin>
			<ymax>262</ymax>
		</bndbox>
	</object>
</annotation>
