<annotation>
	<folder></folder>
	<filename>0000000481-1-Image_jpeg.rf.bdd178cf1189cc8f6fcfdef2a0971af4.jpg</filename>
	<path>0000000481-1-Image_jpeg.rf.bdd178cf1189cc8f6fcfdef2a0971af4.jpg</path>
	<source>
		<database>roboflow.ai</database>
	</source>
	<size>
		<width>600</width>
		<height>600</height>
		<depth>3</depth>
	</size>
	<segmented>0</segmented>
	<object>
		<name>0</name>
		<pose>Unspecified</pose>
		<truncated>0</truncated>
		<difficult>0</difficult>
		<occluded>0</occluded>
		<bndbox>
			<xmin>290</xmin>
			<xmax>294</xmax>
			<ymin>322</ymin>
			<ymax>335</ymax>
		</bndbox>
	</object>
	<object>
		<name>0</name>
		<pose>Unspecified</pose>
		<truncated>0</truncated>
		<difficult>0</difficult>
		<occluded>0</occluded>
		<bndbox>
			<xmin>273</xmin>
			<xmax>292</xmax>
			<ymin>228</ymin>
			<ymax>320</ymax>
		</bndbox>
	</object>
</annotation>
