<annotation>
	<folder></folder>
	<filename>0000000625-1-Image_jpeg.rf.3260178228497ca6b5f3d7e1926bc5bc.jpg</filename>
	<path>0000000625-1-Image_jpeg.rf.3260178228497ca6b5f3d7e1926bc5bc.jpg</path>
	<source>
		<database>roboflow.ai</database>
	</source>
	<size>
		<width>600</width>
		<height>600</height>
		<depth>3</depth>
	</size>
	<segmented>0</segmented>
	<object>
		<name>0</name>
		<pose>Unspecified</pose>
		<truncated>0</truncated>
		<difficult>0</difficult>
		<occluded>0</occluded>
		<bndbox>
			<xmin>311</xmin>
			<xmax>313</xmax>
			<ymin>288</ymin>
			<ymax>299</ymax>
		</bndbox>
	</object>
	<object>
		<name>0</name>
		<pose>Unspecified</pose>
		<truncated>0</truncated>
		<difficult>0</difficult>
		<occluded>0</occluded>
		<bndbox>
			<xmin>310</xmin>
			<xmax>316</xmax>
			<ymin>187</ymin>
			<ymax>286</ymax>
		</bndbox>
	</object>
</annotation>
