<annotation>
	<folder></folder>
	<filename>0000001063-1-Image_jpeg.rf.0246daddb4749df6b3c91b924d62b910.jpg</filename>
	<path>0000001063-1-Image_jpeg.rf.0246daddb4749df6b3c91b924d62b910.jpg</path>
	<source>
		<database>roboflow.ai</database>
	</source>
	<size>
		<width>600</width>
		<height>600</height>
		<depth>3</depth>
	</size>
	<segmented>0</segmented>
	<object>
		<name>0</name>
		<pose>Unspecified</pose>
		<truncated>0</truncated>
		<difficult>0</difficult>
		<occluded>0</occluded>
		<bndbox>
			<xmin>258</xmin>
			<xmax>260</xmax>
			<ymin>316</ymin>
			<ymax>327</ymax>
		</bndbox>
	</object>
	<object>
		<name>0</name>
		<pose>Unspecified</pose>
		<truncated>0</truncated>
		<difficult>0</difficult>
		<occluded>0</occluded>
		<bndbox>
			<xmin>254</xmin>
			<xmax>258</xmax>
			<ymin>245</ymin>
			<ymax>275</ymax>
		</bndbox>
	</object>
</annotation>
