<annotation>
	<folder></folder>
	<filename>0000000235-1-Image_jpeg.rf.ccdb22975af6f41309eb42c4c8df11a4.jpg</filename>
	<path>0000000235-1-Image_jpeg.rf.ccdb22975af6f41309eb42c4c8df11a4.jpg</path>
	<source>
		<database>roboflow.ai</database>
	</source>
	<size>
		<width>600</width>
		<height>600</height>
		<depth>3</depth>
	</size>
	<segmented>0</segmented>
	<object>
		<name>0</name>
		<pose>Unspecified</pose>
		<truncated>0</truncated>
		<difficult>0</difficult>
		<occluded>0</occluded>
		<bndbox>
			<xmin>294</xmin>
			<xmax>298</xmax>
			<ymin>303</ymin>
			<ymax>316</ymax>
		</bndbox>
	</object>
	<object>
		<name>0</name>
		<pose>Unspecified</pose>
		<truncated>0</truncated>
		<difficult>0</difficult>
		<occluded>0</occluded>
		<bndbox>
			<xmin>292</xmin>
			<xmax>296</xmax>
			<ymin>207</ymin>
			<ymax>262</ymax>
		</bndbox>
	</object>
</annotation>
