<annotation>
	<folder></folder>
	<filename>0000001364-1-Image_jpeg.rf.cc10ff55de5beee19cc3914c4ead52df.jpg</filename>
	<path>0000001364-1-Image_jpeg.rf.cc10ff55de5beee19cc3914c4ead52df.jpg</path>
	<source>
		<database>roboflow.ai</database>
	</source>
	<size>
		<width>600</width>
		<height>600</height>
		<depth>3</depth>
	</size>
	<segmented>0</segmented>
	<object>
		<name>0</name>
		<pose>Unspecified</pose>
		<truncated>0</truncated>
		<difficult>0</difficult>
		<occluded>0</occluded>
		<bndbox>
			<xmin>265</xmin>
			<xmax>269</xmax>
			<ymin>329</ymin>
			<ymax>342</ymax>
		</bndbox>
	</object>
</annotation>
