<annotation>
	<folder></folder>
	<filename>0000000430-1-Image_jpeg.rf.3ffbde8ee1f7057655bfcf5afb911807.jpg</filename>
	<path>0000000430-1-Image_jpeg.rf.3ffbde8ee1f7057655bfcf5afb911807.jpg</path>
	<source>
		<database>roboflow.ai</database>
	</source>
	<size>
		<width>600</width>
		<height>600</height>
		<depth>3</depth>
	</size>
	<segmented>0</segmented>
	<object>
		<name>0</name>
		<pose>Unspecified</pose>
		<truncated>0</truncated>
		<difficult>0</difficult>
		<occluded>0</occluded>
		<bndbox>
			<xmin>331</xmin>
			<xmax>335</xmax>
			<ymin>275</ymin>
			<ymax>286</ymax>
		</bndbox>
	</object>
</annotation>
