<annotation>
	<folder></folder>
	<filename>0000000070-1-Image_jpeg.rf.ca1efded0a7ac72b4aeb622a0184f177.jpg</filename>
	<path>0000000070-1-Image_jpeg.rf.ca1efded0a7ac72b4aeb622a0184f177.jpg</path>
	<source>
		<database>roboflow.ai</database>
	</source>
	<size>
		<width>600</width>
		<height>600</height>
		<depth>3</depth>
	</size>
	<segmented>0</segmented>
	<object>
		<name>0</name>
		<pose>Unspecified</pose>
		<truncated>0</truncated>
		<difficult>0</difficult>
		<occluded>0</occluded>
		<bndbox>
			<xmin>318</xmin>
			<xmax>320</xmax>
			<ymin>290</ymin>
			<ymax>299</ymax>
		</bndbox>
	</object>
	<object>
		<name>0</name>
		<pose>Unspecified</pose>
		<truncated>0</truncated>
		<difficult>0</difficult>
		<occluded>0</occluded>
		<bndbox>
			<xmin>295</xmin>
			<xmax>318</xmax>
			<ymin>196</ymin>
			<ymax>282</ymax>
		</bndbox>
	</object>
</annotation>
