<annotation>
	<folder></folder>
	<filename>0000000545-1-Image_jpeg.rf.0ed3edc3b54a00a55ea46fbf23ff82c8.jpg</filename>
	<path>0000000545-1-Image_jpeg.rf.0ed3edc3b54a00a55ea46fbf23ff82c8.jpg</path>
	<source>
		<database>roboflow.ai</database>
	</source>
	<size>
		<width>600</width>
		<height>600</height>
		<depth>3</depth>
	</size>
	<segmented>0</segmented>
	<object>
		<name>0</name>
		<pose>Unspecified</pose>
		<truncated>0</truncated>
		<difficult>0</difficult>
		<occluded>0</occluded>
		<bndbox>
			<xmin>292</xmin>
			<xmax>294</xmax>
			<ymin>346</ymin>
			<ymax>357</ymax>
		</bndbox>
	</object>
</annotation>
