<annotation>
	<folder></folder>
	<filename>0000000117-1-Image_jpeg.rf.c42d9fc10678a38acb05672fc1864d92.jpg</filename>
	<path>0000000117-1-Image_jpeg.rf.c42d9fc10678a38acb05672fc1864d92.jpg</path>
	<source>
		<database>roboflow.ai</database>
	</source>
	<size>
		<width>600</width>
		<height>600</height>
		<depth>3</depth>
	</size>
	<segmented>0</segmented>
	<object>
		<name>0</name>
		<pose>Unspecified</pose>
		<truncated>0</truncated>
		<difficult>0</difficult>
		<occluded>0</occluded>
		<bndbox>
			<xmin>311</xmin>
			<xmax>313</xmax>
			<ymin>307</ymin>
			<ymax>318</ymax>
		</bndbox>
	</object>
	<object>
		<name>0</name>
		<pose>Unspecified</pose>
		<truncated>0</truncated>
		<difficult>0</difficult>
		<occluded>0</occluded>
		<bndbox>
			<xmin>292</xmin>
			<xmax>311</xmax>
			<ymin>219</ymin>
			<ymax>305</ymax>
		</bndbox>
	</object>
</annotation>
