<annotation>
	<folder></folder>
	<filename>0000001155-1-Image_jpeg.rf.1011204141535b90268731b04085e49c.jpg</filename>
	<path>0000001155-1-Image_jpeg.rf.1011204141535b90268731b04085e49c.jpg</path>
	<source>
		<database>roboflow.ai</database>
	</source>
	<size>
		<width>600</width>
		<height>600</height>
		<depth>3</depth>
	</size>
	<segmented>0</segmented>
	<object>
		<name>0</name>
		<pose>Unspecified</pose>
		<truncated>0</truncated>
		<difficult>0</difficult>
		<occluded>0</occluded>
		<bndbox>
			<xmin>309</xmin>
			<xmax>311</xmax>
			<ymin>335</ymin>
			<ymax>346</ymax>
		</bndbox>
	</object>
</annotation>
