<annotation>
	<folder></folder>
	<filename>0000000221-1-Image_jpeg.rf.eec8bc7cec026e7010a161dfaff0c284.jpg</filename>
	<path>0000000221-1-Image_jpeg.rf.eec8bc7cec026e7010a161dfaff0c284.jpg</path>
	<source>
		<database>roboflow.ai</database>
	</source>
	<size>
		<width>600</width>
		<height>600</height>
		<depth>3</depth>
	</size>
	<segmented>0</segmented>
	<object>
		<name>0</name>
		<pose>Unspecified</pose>
		<truncated>0</truncated>
		<difficult>0</difficult>
		<occluded>0</occluded>
		<bndbox>
			<xmin>314</xmin>
			<xmax>318</xmax>
			<ymin>284</ymin>
			<ymax>297</ymax>
		</bndbox>
	</object>
	<object>
		<name>0</name>
		<pose>Unspecified</pose>
		<truncated>0</truncated>
		<difficult>0</difficult>
		<occluded>0</occluded>
		<bndbox>
			<xmin>318</xmin>
			<xmax>340</xmax>
			<ymin>187</ymin>
			<ymax>279</ymax>
		</bndbox>
	</object>
</annotation>
