<annotation>
	<folder></folder>
	<filename>0000001275-1-Image_jpeg.rf.0e59d7fea6909f8bd5aa3adf26ad8570.jpg</filename>
	<path>0000001275-1-Image_jpeg.rf.0e59d7fea6909f8bd5aa3adf26ad8570.jpg</path>
	<source>
		<database>roboflow.ai</database>
	</source>
	<size>
		<width>600</width>
		<height>600</height>
		<depth>3</depth>
	</size>
	<segmented>0</segmented>
	<object>
		<name>0</name>
		<pose>Unspecified</pose>
		<truncated>0</truncated>
		<difficult>0</difficult>
		<occluded>0</occluded>
		<bndbox>
			<xmin>281</xmin>
			<xmax>283</xmax>
			<ymin>290</ymin>
			<ymax>301</ymax>
		</bndbox>
	</object>
	<object>
		<name>0</name>
		<pose>Unspecified</pose>
		<truncated>0</truncated>
		<difficult>0</difficult>
		<occluded>0</occluded>
		<bndbox>
			<xmin>273</xmin>
			<xmax>282</xmax>
			<ymin>189</ymin>
			<ymax>279</ymax>
		</bndbox>
	</object>
</annotation>
