<annotation>
	<folder></folder>
	<filename>0000000557-1-Image_jpeg.rf.7e6fcca22cd85c4a2ab4e949599b2230.jpg</filename>
	<path>0000000557-1-Image_jpeg.rf.7e6fcca22cd85c4a2ab4e949599b2230.jpg</path>
	<source>
		<database>roboflow.ai</database>
	</source>
	<size>
		<width>600</width>
		<height>600</height>
		<depth>3</depth>
	</size>
	<segmented>0</segmented>
	<object>
		<name>0</name>
		<pose>Unspecified</pose>
		<truncated>0</truncated>
		<difficult>0</difficult>
		<occluded>0</occluded>
		<bndbox>
			<xmin>284</xmin>
			<xmax>288</xmax>
			<ymin>281</ymin>
			<ymax>294</ymax>
		</bndbox>
	</object>
	<object>
		<name>0</name>
		<pose>Unspecified</pose>
		<truncated>0</truncated>
		<difficult>0</difficult>
		<occluded>0</occluded>
		<bndbox>
			<xmin>286</xmin>
			<xmax>295</xmax>
			<ymin>191</ymin>
			<ymax>270</ymax>
		</bndbox>
	</object>
</annotation>
