<annotation>
	<folder></folder>
	<filename>0000000859-1-Image_jpeg.rf.ba44a9ef63018ff309447d88824c1da0.jpg</filename>
	<path>0000000859-1-Image_jpeg.rf.ba44a9ef63018ff309447d88824c1da0.jpg</path>
	<source>
		<database>roboflow.ai</database>
	</source>
	<size>
		<width>600</width>
		<height>600</height>
		<depth>3</depth>
	</size>
	<segmented>0</segmented>
	<object>
		<name>0</name>
		<pose>Unspecified</pose>
		<truncated>0</truncated>
		<difficult>0</difficult>
		<occluded>0</occluded>
		<bndbox>
			<xmin>284</xmin>
			<xmax>286</xmax>
			<ymin>309</ymin>
			<ymax>322</ymax>
		</bndbox>
	</object>
</annotation>
