<annotation>
	<folder></folder>
	<filename>0000001288-1-Image_jpeg.rf.fe004b365fe5ed55c83c7ca48d0a995b.jpg</filename>
	<path>0000001288-1-Image_jpeg.rf.fe004b365fe5ed55c83c7ca48d0a995b.jpg</path>
	<source>
		<database>roboflow.ai</database>
	</source>
	<size>
		<width>600</width>
		<height>600</height>
		<depth>3</depth>
	</size>
	<segmented>0</segmented>
	<object>
		<name>0</name>
		<pose>Unspecified</pose>
		<truncated>0</truncated>
		<difficult>0</difficult>
		<occluded>0</occluded>
		<bndbox>
			<xmin>312</xmin>
			<xmax>316</xmax>
			<ymin>292</ymin>
			<ymax>303</ymax>
		</bndbox>
	</object>
	<object>
		<name>0</name>
		<pose>Unspecified</pose>
		<truncated>0</truncated>
		<difficult>0</difficult>
		<occluded>0</occluded>
		<bndbox>
			<xmin>292</xmin>
			<xmax>309</xmax>
			<ymin>198</ymin>
			<ymax>254</ymax>
		</bndbox>
	</object>
</annotation>
