<annotation>
	<folder></folder>
	<filename>0000001055-1-Image_jpeg.rf.74353c643780c78f00e471b335e94893.jpg</filename>
	<path>0000001055-1-Image_jpeg.rf.74353c643780c78f00e471b335e94893.jpg</path>
	<source>
		<database>roboflow.ai</database>
	</source>
	<size>
		<width>600</width>
		<height>600</height>
		<depth>3</depth>
	</size>
	<segmented>0</segmented>
	<object>
		<name>0</name>
		<pose>Unspecified</pose>
		<truncated>0</truncated>
		<difficult>0</difficult>
		<occluded>0</occluded>
		<bndbox>
			<xmin>271</xmin>
			<xmax>275</xmax>
			<ymin>369</ymin>
			<ymax>382</ymax>
		</bndbox>
	</object>
</annotation>
