<annotation>
	<folder></folder>
	<filename>0000000010-1-Image_jpeg.rf.8e9d1cabc1f192cf5976a5ff0bcdeb6e.jpg</filename>
	<path>0000000010-1-Image_jpeg.rf.8e9d1cabc1f192cf5976a5ff0bcdeb6e.jpg</path>
	<source>
		<database>roboflow.ai</database>
	</source>
	<size>
		<width>600</width>
		<height>600</height>
		<depth>3</depth>
	</size>
	<segmented>0</segmented>
	<object>
		<name>0</name>
		<pose>Unspecified</pose>
		<truncated>0</truncated>
		<difficult>0</difficult>
		<occluded>0</occluded>
		<bndbox>
			<xmin>301</xmin>
			<xmax>303</xmax>
			<ymin>305</ymin>
			<ymax>316</ymax>
		</bndbox>
	</object>
	<object>
		<name>0</name>
		<pose>Unspecified</pose>
		<truncated>0</truncated>
		<difficult>0</difficult>
		<occluded>0</occluded>
		<bndbox>
			<xmin>301</xmin>
			<xmax>312</xmax>
			<ymin>209</ymin>
			<ymax>303</ymax>
		</bndbox>
	</object>
</annotation>
