<annotation>
	<folder></folder>
	<filename>0000000784-1-Image_jpeg.rf.1d2c77a93dda605d23a0628bbbd4af24.jpg</filename>
	<path>0000000784-1-Image_jpeg.rf.1d2c77a93dda605d23a0628bbbd4af24.jpg</path>
	<source>
		<database>roboflow.ai</database>
	</source>
	<size>
		<width>600</width>
		<height>600</height>
		<depth>3</depth>
	</size>
	<segmented>0</segmented>
	<object>
		<name>0</name>
		<pose>Unspecified</pose>
		<truncated>0</truncated>
		<difficult>0</difficult>
		<occluded>0</occluded>
		<bndbox>
			<xmin>277</xmin>
			<xmax>279</xmax>
			<ymin>305</ymin>
			<ymax>316</ymax>
		</bndbox>
	</object>
</annotation>
