<annotation>
	<folder></folder>
	<filename>0000000472-1-Image_jpeg.rf.eb3e696df1db4b82831c4cea4a9eec08.jpg</filename>
	<path>0000000472-1-Image_jpeg.rf.eb3e696df1db4b82831c4cea4a9eec08.jpg</path>
	<source>
		<database>roboflow.ai</database>
	</source>
	<size>
		<width>600</width>
		<height>600</height>
		<depth>3</depth>
	</size>
	<segmented>0</segmented>
	<object>
		<name>0</name>
		<pose>Unspecified</pose>
		<truncated>0</truncated>
		<difficult>0</difficult>
		<occluded>0</occluded>
		<bndbox>
			<xmin>305</xmin>
			<xmax>307</xmax>
			<ymin>294</ymin>
			<ymax>305</ymax>
		</bndbox>
	</object>
	<object>
		<name>0</name>
		<pose>Unspecified</pose>
		<truncated>0</truncated>
		<difficult>0</difficult>
		<occluded>0</occluded>
		<bndbox>
			<xmin>301</xmin>
			<xmax>305</xmax>
			<ymin>222</ymin>
			<ymax>286</ymax>
		</bndbox>
	</object>
</annotation>
