<annotation>
	<folder></folder>
	<filename>0000000589-1-Image_jpeg.rf.00777c3fac36055fe1ca1ab21818dfe9.jpg</filename>
	<path>0000000589-1-Image_jpeg.rf.00777c3fac36055fe1ca1ab21818dfe9.jpg</path>
	<source>
		<database>roboflow.ai</database>
	</source>
	<size>
		<width>600</width>
		<height>600</height>
		<depth>3</depth>
	</size>
	<segmented>0</segmented>
	<object>
		<name>0</name>
		<pose>Unspecified</pose>
		<truncated>0</truncated>
		<difficult>0</difficult>
		<occluded>0</occluded>
		<bndbox>
			<xmin>333</xmin>
			<xmax>335</xmax>
			<ymin>260</ymin>
			<ymax>271</ymax>
		</bndbox>
	</object>
	<object>
		<name>0</name>
		<pose>Unspecified</pose>
		<truncated>0</truncated>
		<difficult>0</difficult>
		<occluded>0</occluded>
		<bndbox>
			<xmin>327</xmin>
			<xmax>333</xmax>
			<ymin>164</ymin>
			<ymax>243</ymax>
		</bndbox>
	</object>
</annotation>
