<annotation>
	<folder></folder>
	<filename>0000000058-1-Image_jpeg.rf.c93c94e3361528ba8471402be1934bee.jpg</filename>
	<path>0000000058-1-Image_jpeg.rf.c93c94e3361528ba8471402be1934bee.jpg</path>
	<source>
		<database>roboflow.ai</database>
	</source>
	<size>
		<width>600</width>
		<height>600</height>
		<depth>3</depth>
	</size>
	<segmented>0</segmented>
	<object>
		<name>0</name>
		<pose>Unspecified</pose>
		<truncated>0</truncated>
		<difficult>0</difficult>
		<occluded>0</occluded>
		<bndbox>
			<xmin>275</xmin>
			<xmax>277</xmax>
			<ymin>267</ymin>
			<ymax>277</ymax>
		</bndbox>
	</object>
	<object>
		<name>0</name>
		<pose>Unspecified</pose>
		<truncated>0</truncated>
		<difficult>0</difficult>
		<occluded>0</occluded>
		<bndbox>
			<xmin>275</xmin>
			<xmax>277</xmax>
			<ymin>200</ymin>
			<ymax>265</ymax>
		</bndbox>
	</object>
</annotation>
