<annotation>
	<folder></folder>
	<filename>0000001218-1-Image_jpeg.rf.7916123ebf3bed2b40360f799176e5d4.jpg</filename>
	<path>0000001218-1-Image_jpeg.rf.7916123ebf3bed2b40360f799176e5d4.jpg</path>
	<source>
		<database>roboflow.ai</database>
	</source>
	<size>
		<width>600</width>
		<height>600</height>
		<depth>3</depth>
	</size>
	<segmented>0</segmented>
	<object>
		<name>0</name>
		<pose>Unspecified</pose>
		<truncated>0</truncated>
		<difficult>0</difficult>
		<occluded>0</occluded>
		<bndbox>
			<xmin>280</xmin>
			<xmax>284</xmax>
			<ymin>314</ymin>
			<ymax>327</ymax>
		</bndbox>
	</object>
	<object>
		<name>0</name>
		<pose>Unspecified</pose>
		<truncated>0</truncated>
		<difficult>0</difficult>
		<occluded>0</occluded>
		<bndbox>
			<xmin>277</xmin>
			<xmax>282</xmax>
			<ymin>213</ymin>
			<ymax>297</ymax>
		</bndbox>
	</object>
</annotation>
