<annotation>
	<folder></folder>
	<filename>0000001295-1-Image_jpeg.rf.16db3469eb59af889e2e820210fcd8a9.jpg</filename>
	<path>0000001295-1-Image_jpeg.rf.16db3469eb59af889e2e820210fcd8a9.jpg</path>
	<source>
		<database>roboflow.ai</database>
	</source>
	<size>
		<width>600</width>
		<height>600</height>
		<depth>3</depth>
	</size>
	<segmented>0</segmented>
	<object>
		<name>0</name>
		<pose>Unspecified</pose>
		<truncated>0</truncated>
		<difficult>0</difficult>
		<occluded>0</occluded>
		<bndbox>
			<xmin>196</xmin>
			<xmax>198</xmax>
			<ymin>234</ymin>
			<ymax>245</ymax>
		</bndbox>
	</object>
	<object>
		<name>0</name>
		<pose>Unspecified</pose>
		<truncated>0</truncated>
		<difficult>0</difficult>
		<occluded>0</occluded>
		<bndbox>
			<xmin>198</xmin>
			<xmax>224</xmax>
			<ymin>136</ymin>
			<ymax>220</ymax>
		</bndbox>
	</object>
</annotation>
