<annotation>
	<folder></folder>
	<filename>0000000186-1-Image_jpeg.rf.14d2278ff788be517f041aa0dea55eb1.jpg</filename>
	<path>0000000186-1-Image_jpeg.rf.14d2278ff788be517f041aa0dea55eb1.jpg</path>
	<source>
		<database>roboflow.ai</database>
	</source>
	<size>
		<width>600</width>
		<height>600</height>
		<depth>3</depth>
	</size>
	<segmented>0</segmented>
	<object>
		<name>0</name>
		<pose>Unspecified</pose>
		<truncated>0</truncated>
		<difficult>0</difficult>
		<occluded>0</occluded>
		<bndbox>
			<xmin>301</xmin>
			<xmax>303</xmax>
			<ymin>290</ymin>
			<ymax>301</ymax>
		</bndbox>
	</object>
	<object>
		<name>0</name>
		<pose>Unspecified</pose>
		<truncated>0</truncated>
		<difficult>0</difficult>
		<occluded>0</occluded>
		<bndbox>
			<xmin>303</xmin>
			<xmax>318</xmax>
			<ymin>196</ymin>
			<ymax>267</ymax>
		</bndbox>
	</object>
</annotation>
