<annotation>
	<folder></folder>
	<filename>0000000435-1-Image_jpeg.rf.8ce3696ddf75996b4bdc171a1b25ca8a.jpg</filename>
	<path>0000000435-1-Image_jpeg.rf.8ce3696ddf75996b4bdc171a1b25ca8a.jpg</path>
	<source>
		<database>roboflow.ai</database>
	</source>
	<size>
		<width>600</width>
		<height>600</height>
		<depth>3</depth>
	</size>
	<segmented>0</segmented>
	<object>
		<name>0</name>
		<pose>Unspecified</pose>
		<truncated>0</truncated>
		<difficult>0</difficult>
		<occluded>0</occluded>
		<bndbox>
			<xmin>344</xmin>
			<xmax>346</xmax>
			<ymin>228</ymin>
			<ymax>239</ymax>
		</bndbox>
	</object>
	<object>
		<name>0</name>
		<pose>Unspecified</pose>
		<truncated>0</truncated>
		<difficult>0</difficult>
		<occluded>0</occluded>
		<bndbox>
			<xmin>324</xmin>
			<xmax>344</xmax>
			<ymin>134</ymin>
			<ymax>215</ymax>
		</bndbox>
	</object>
</annotation>
