<annotation>
	<folder></folder>
	<filename>0000001320-1-Image_jpeg.rf.4a97ee9f6278e7f83e3cbbe5ceacf6d4.jpg</filename>
	<path>0000001320-1-Image_jpeg.rf.4a97ee9f6278e7f83e3cbbe5ceacf6d4.jpg</path>
	<source>
		<database>roboflow.ai</database>
	</source>
	<size>
		<width>600</width>
		<height>600</height>
		<depth>3</depth>
	</size>
	<segmented>0</segmented>
	<object>
		<name>0</name>
		<pose>Unspecified</pose>
		<truncated>0</truncated>
		<difficult>0</difficult>
		<occluded>0</occluded>
		<bndbox>
			<xmin>316</xmin>
			<xmax>318</xmax>
			<ymin>258</ymin>
			<ymax>269</ymax>
		</bndbox>
	</object>
	<object>
		<name>0</name>
		<pose>Unspecified</pose>
		<truncated>0</truncated>
		<difficult>0</difficult>
		<occluded>0</occluded>
		<bndbox>
			<xmin>308</xmin>
			<xmax>316</xmax>
			<ymin>172</ymin>
			<ymax>236</ymax>
		</bndbox>
	</object>
</annotation>
