<annotation>
	<folder></folder>
	<filename>0000000538-1-Image_jpeg.rf.4f1442d8ef4a5aaf6cc7f813c13811c7.jpg</filename>
	<path>0000000538-1-Image_jpeg.rf.4f1442d8ef4a5aaf6cc7f813c13811c7.jpg</path>
	<source>
		<database>roboflow.ai</database>
	</source>
	<size>
		<width>600</width>
		<height>600</height>
		<depth>3</depth>
	</size>
	<segmented>0</segmented>
	<object>
		<name>0</name>
		<pose>Unspecified</pose>
		<truncated>0</truncated>
		<difficult>0</difficult>
		<occluded>0</occluded>
		<bndbox>
			<xmin>301</xmin>
			<xmax>303</xmax>
			<ymin>300</ymin>
			<ymax>311</ymax>
		</bndbox>
	</object>
	<object>
		<name>0</name>
		<pose>Unspecified</pose>
		<truncated>0</truncated>
		<difficult>0</difficult>
		<occluded>0</occluded>
		<bndbox>
			<xmin>303</xmin>
			<xmax>320</xmax>
			<ymin>206</ymin>
			<ymax>283</ymax>
		</bndbox>
	</object>
</annotation>
