<annotation>
	<folder></folder>
	<filename>0000000909-1-Image_jpeg.rf.ccf4a7a0ca1c26aec86ba48cd601af49.jpg</filename>
	<path>0000000909-1-Image_jpeg.rf.ccf4a7a0ca1c26aec86ba48cd601af49.jpg</path>
	<source>
		<database>roboflow.ai</database>
	</source>
	<size>
		<width>600</width>
		<height>600</height>
		<depth>3</depth>
	</size>
	<segmented>0</segmented>
	<object>
		<name>0</name>
		<pose>Unspecified</pose>
		<truncated>0</truncated>
		<difficult>0</difficult>
		<occluded>0</occluded>
		<bndbox>
			<xmin>301</xmin>
			<xmax>305</xmax>
			<ymin>268</ymin>
			<ymax>281</ymax>
		</bndbox>
	</object>
	<object>
		<name>0</name>
		<pose>Unspecified</pose>
		<truncated>0</truncated>
		<difficult>0</difficult>
		<occluded>0</occluded>
		<bndbox>
			<xmin>303</xmin>
			<xmax>305</xmax>
			<ymin>181</ymin>
			<ymax>217</ymax>
		</bndbox>
	</object>
</annotation>
