<annotation>
	<folder></folder>
	<filename>0000000334-1-Image_jpeg.rf.e40f0cf376be78034e988cb4547fb31f.jpg</filename>
	<path>0000000334-1-Image_jpeg.rf.e40f0cf376be78034e988cb4547fb31f.jpg</path>
	<source>
		<database>roboflow.ai</database>
	</source>
	<size>
		<width>600</width>
		<height>600</height>
		<depth>3</depth>
	</size>
	<segmented>0</segmented>
	<object>
		<name>0</name>
		<pose>Unspecified</pose>
		<truncated>0</truncated>
		<difficult>0</difficult>
		<occluded>0</occluded>
		<bndbox>
			<xmin>359</xmin>
			<xmax>361</xmax>
			<ymin>300</ymin>
			<ymax>311</ymax>
		</bndbox>
	</object>
</annotation>
