<annotation>
	<folder></folder>
	<filename>0000001176-1-Image_jpeg.rf.7eb6b7a60ac56a2a147b2ce818d183d4.jpg</filename>
	<path>0000001176-1-Image_jpeg.rf.7eb6b7a60ac56a2a147b2ce818d183d4.jpg</path>
	<source>
		<database>roboflow.ai</database>
	</source>
	<size>
		<width>600</width>
		<height>600</height>
		<depth>3</depth>
	</size>
	<segmented>0</segmented>
	<object>
		<name>0</name>
		<pose>Unspecified</pose>
		<truncated>0</truncated>
		<difficult>0</difficult>
		<occluded>0</occluded>
		<bndbox>
			<xmin>277</xmin>
			<xmax>281</xmax>
			<ymin>294</ymin>
			<ymax>307</ymax>
		</bndbox>
	</object>
</annotation>
