<annotation>
	<folder></folder>
	<filename>0000001046-1-Image_jpeg.rf.b12823b62432ec09f51a017cbe83dc9d.jpg</filename>
	<path>0000001046-1-Image_jpeg.rf.b12823b62432ec09f51a017cbe83dc9d.jpg</path>
	<source>
		<database>roboflow.ai</database>
	</source>
	<size>
		<width>600</width>
		<height>600</height>
		<depth>3</depth>
	</size>
	<segmented>0</segmented>
	<object>
		<name>0</name>
		<pose>Unspecified</pose>
		<truncated>0</truncated>
		<difficult>0</difficult>
		<occluded>0</occluded>
		<bndbox>
			<xmin>292</xmin>
			<xmax>296</xmax>
			<ymin>309</ymin>
			<ymax>320</ymax>
		</bndbox>
	</object>
	<object>
		<name>0</name>
		<pose>Unspecified</pose>
		<truncated>0</truncated>
		<difficult>0</difficult>
		<occluded>0</occluded>
		<bndbox>
			<xmin>294</xmin>
			<xmax>299</xmax>
			<ymin>207</ymin>
			<ymax>262</ymax>
		</bndbox>
	</object>
</annotation>
