<annotation>
	<folder></folder>
	<filename>0000000081-1-Image_jpeg.rf.fa2b97027baa49734adbd169dd1fa576.jpg</filename>
	<path>0000000081-1-Image_jpeg.rf.fa2b97027baa49734adbd169dd1fa576.jpg</path>
	<source>
		<database>roboflow.ai</database>
	</source>
	<size>
		<width>600</width>
		<height>600</height>
		<depth>3</depth>
	</size>
	<segmented>0</segmented>
	<object>
		<name>0</name>
		<pose>Unspecified</pose>
		<truncated>0</truncated>
		<difficult>0</difficult>
		<occluded>0</occluded>
		<bndbox>
			<xmin>267</xmin>
			<xmax>271</xmax>
			<ymin>311</ymin>
			<ymax>324</ymax>
		</bndbox>
	</object>
</annotation>
