<annotation>
	<folder></folder>
	<filename>0000000236-1-Image_jpeg.rf.db1af0fc381db7d0e0ad735e73b24ca6.jpg</filename>
	<path>0000000236-1-Image_jpeg.rf.db1af0fc381db7d0e0ad735e73b24ca6.jpg</path>
	<source>
		<database>roboflow.ai</database>
	</source>
	<size>
		<width>600</width>
		<height>600</height>
		<depth>3</depth>
	</size>
	<segmented>0</segmented>
	<object>
		<name>0</name>
		<pose>Unspecified</pose>
		<truncated>0</truncated>
		<difficult>0</difficult>
		<occluded>0</occluded>
		<bndbox>
			<xmin>297</xmin>
			<xmax>299</xmax>
			<ymin>262</ymin>
			<ymax>271</ymax>
		</bndbox>
	</object>
	<object>
		<name>0</name>
		<pose>Unspecified</pose>
		<truncated>0</truncated>
		<difficult>0</difficult>
		<occluded>0</occluded>
		<bndbox>
			<xmin>292</xmin>
			<xmax>297</xmax>
			<ymin>209</ymin>
			<ymax>249</ymax>
		</bndbox>
	</object>
</annotation>
