<annotation>
	<folder></folder>
	<filename>0000000438-1-Image_jpeg.rf.d87873264b4309ac18f7bee565412404.jpg</filename>
	<path>0000000438-1-Image_jpeg.rf.d87873264b4309ac18f7bee565412404.jpg</path>
	<source>
		<database>roboflow.ai</database>
	</source>
	<size>
		<width>600</width>
		<height>600</height>
		<depth>3</depth>
	</size>
	<segmented>0</segmented>
	<object>
		<name>0</name>
		<pose>Unspecified</pose>
		<truncated>0</truncated>
		<difficult>0</difficult>
		<occluded>0</occluded>
		<bndbox>
			<xmin>294</xmin>
			<xmax>296</xmax>
			<ymin>290</ymin>
			<ymax>299</ymax>
		</bndbox>
	</object>
	<object>
		<name>0</name>
		<pose>Unspecified</pose>
		<truncated>0</truncated>
		<difficult>0</difficult>
		<occluded>0</occluded>
		<bndbox>
			<xmin>277</xmin>
			<xmax>294</xmax>
			<ymin>200</ymin>
			<ymax>277</ymax>
		</bndbox>
	</object>
</annotation>
