<annotation>
	<folder></folder>
	<filename>0000000304-1-Image_jpeg.rf.e8fc8cf537dbdbf21a51dbc6365c93b7.jpg</filename>
	<path>0000000304-1-Image_jpeg.rf.e8fc8cf537dbdbf21a51dbc6365c93b7.jpg</path>
	<source>
		<database>roboflow.ai</database>
	</source>
	<size>
		<width>600</width>
		<height>600</height>
		<depth>3</depth>
	</size>
	<segmented>0</segmented>
	<object>
		<name>0</name>
		<pose>Unspecified</pose>
		<truncated>0</truncated>
		<difficult>0</difficult>
		<occluded>0</occluded>
		<bndbox>
			<xmin>251</xmin>
			<xmax>253</xmax>
			<ymin>296</ymin>
			<ymax>307</ymax>
		</bndbox>
	</object>
</annotation>
