<annotation>
	<folder></folder>
	<filename>0000000061-1-Image_jpeg.rf.cc2d8965a5a02eba8379f52598f9636f.jpg</filename>
	<path>0000000061-1-Image_jpeg.rf.cc2d8965a5a02eba8379f52598f9636f.jpg</path>
	<source>
		<database>roboflow.ai</database>
	</source>
	<size>
		<width>600</width>
		<height>600</height>
		<depth>3</depth>
	</size>
	<segmented>0</segmented>
	<object>
		<name>0</name>
		<pose>Unspecified</pose>
		<truncated>0</truncated>
		<difficult>0</difficult>
		<occluded>0</occluded>
		<bndbox>
			<xmin>299</xmin>
			<xmax>301</xmax>
			<ymin>295</ymin>
			<ymax>305</ymax>
		</bndbox>
	</object>
	<object>
		<name>0</name>
		<pose>Unspecified</pose>
		<truncated>0</truncated>
		<difficult>0</difficult>
		<occluded>0</occluded>
		<bndbox>
			<xmin>294</xmin>
			<xmax>299</xmax>
			<ymin>218</ymin>
			<ymax>273</ymax>
		</bndbox>
	</object>
</annotation>
