<annotation>
	<folder></folder>
	<filename>0000000701-1-Image_jpeg.rf.02387f7713b71c6875b836f4e109c63e.jpg</filename>
	<path>0000000701-1-Image_jpeg.rf.02387f7713b71c6875b836f4e109c63e.jpg</path>
	<source>
		<database>roboflow.ai</database>
	</source>
	<size>
		<width>600</width>
		<height>600</height>
		<depth>3</depth>
	</size>
	<segmented>0</segmented>
	<object>
		<name>0</name>
		<pose>Unspecified</pose>
		<truncated>0</truncated>
		<difficult>0</difficult>
		<occluded>0</occluded>
		<bndbox>
			<xmin>217</xmin>
			<xmax>221</xmax>
			<ymin>311</ymin>
			<ymax>322</ymax>
		</bndbox>
	</object>
</annotation>
