<annotation>
	<folder></folder>
	<filename>0000001260-1-Image_jpeg.rf.507f8d4a14f331a5b2172107a41cdb4d.jpg</filename>
	<path>0000001260-1-Image_jpeg.rf.507f8d4a14f331a5b2172107a41cdb4d.jpg</path>
	<source>
		<database>roboflow.ai</database>
	</source>
	<size>
		<width>600</width>
		<height>600</height>
		<depth>3</depth>
	</size>
	<segmented>0</segmented>
	<object>
		<name>0</name>
		<pose>Unspecified</pose>
		<truncated>0</truncated>
		<difficult>0</difficult>
		<occluded>0</occluded>
		<bndbox>
			<xmin>324</xmin>
			<xmax>328</xmax>
			<ymin>258</ymin>
			<ymax>271</ymax>
		</bndbox>
	</object>
	<object>
		<name>0</name>
		<pose>Unspecified</pose>
		<truncated>0</truncated>
		<difficult>0</difficult>
		<occluded>0</occluded>
		<bndbox>
			<xmin>301</xmin>
			<xmax>322</xmax>
			<ymin>166</ymin>
			<ymax>241</ymax>
		</bndbox>
	</object>
</annotation>
