<annotation>
	<folder></folder>
	<filename>0000001037-1-Image_jpeg.rf.aeac6fb2f9058a8cf3c195a5c0e36dcf.jpg</filename>
	<path>0000001037-1-Image_jpeg.rf.aeac6fb2f9058a8cf3c195a5c0e36dcf.jpg</path>
	<source>
		<database>roboflow.ai</database>
	</source>
	<size>
		<width>600</width>
		<height>600</height>
		<depth>3</depth>
	</size>
	<segmented>0</segmented>
	<object>
		<name>0</name>
		<pose>Unspecified</pose>
		<truncated>0</truncated>
		<difficult>0</difficult>
		<occluded>0</occluded>
		<bndbox>
			<xmin>294</xmin>
			<xmax>296</xmax>
			<ymin>294</ymin>
			<ymax>305</ymax>
		</bndbox>
	</object>
	<object>
		<name>0</name>
		<pose>Unspecified</pose>
		<truncated>0</truncated>
		<difficult>0</difficult>
		<occluded>0</occluded>
		<bndbox>
			<xmin>279</xmin>
			<xmax>294</xmax>
			<ymin>198</ymin>
			<ymax>277</ymax>
		</bndbox>
	</object>
</annotation>
