<annotation>
	<folder></folder>
	<filename>0000001205-1-Image_jpeg.rf.1971faaf8cb7038f7a4092739596606f.jpg</filename>
	<path>0000001205-1-Image_jpeg.rf.1971faaf8cb7038f7a4092739596606f.jpg</path>
	<source>
		<database>roboflow.ai</database>
	</source>
	<size>
		<width>600</width>
		<height>600</height>
		<depth>3</depth>
	</size>
	<segmented>0</segmented>
	<object>
		<name>0</name>
		<pose>Unspecified</pose>
		<truncated>0</truncated>
		<difficult>0</difficult>
		<occluded>0</occluded>
		<bndbox>
			<xmin>299</xmin>
			<xmax>303</xmax>
			<ymin>296</ymin>
			<ymax>309</ymax>
		</bndbox>
	</object>
	<object>
		<name>0</name>
		<pose>Unspecified</pose>
		<truncated>0</truncated>
		<difficult>0</difficult>
		<occluded>0</occluded>
		<bndbox>
			<xmin>299</xmin>
			<xmax>301</xmax>
			<ymin>200</ymin>
			<ymax>294</ymax>
		</bndbox>
	</object>
</annotation>
