<annotation>
	<folder></folder>
	<filename>0000001289-1-Image_jpeg.rf.857d876ed43d0154c466b86f607a4ccf.jpg</filename>
	<path>0000001289-1-Image_jpeg.rf.857d876ed43d0154c466b86f607a4ccf.jpg</path>
	<source>
		<database>roboflow.ai</database>
	</source>
	<size>
		<width>600</width>
		<height>600</height>
		<depth>3</depth>
	</size>
	<segmented>0</segmented>
	<object>
		<name>0</name>
		<pose>Unspecified</pose>
		<truncated>0</truncated>
		<difficult>0</difficult>
		<occluded>0</occluded>
		<bndbox>
			<xmin>309</xmin>
			<xmax>311</xmax>
			<ymin>292</ymin>
			<ymax>303</ymax>
		</bndbox>
	</object>
	<object>
		<name>0</name>
		<pose>Unspecified</pose>
		<truncated>0</truncated>
		<difficult>0</difficult>
		<occluded>0</occluded>
		<bndbox>
			<xmin>307</xmin>
			<xmax>311</xmax>
			<ymin>190</ymin>
			<ymax>290</ymax>
		</bndbox>
	</object>
</annotation>
