<annotation>
	<folder></folder>
	<filename>0000000130-1-Image_jpeg.rf.8ba84e6e997c131ac1cab2aa098bf4a6.jpg</filename>
	<path>0000000130-1-Image_jpeg.rf.8ba84e6e997c131ac1cab2aa098bf4a6.jpg</path>
	<source>
		<database>roboflow.ai</database>
	</source>
	<size>
		<width>600</width>
		<height>600</height>
		<depth>3</depth>
	</size>
	<segmented>0</segmented>
	<object>
		<name>0</name>
		<pose>Unspecified</pose>
		<truncated>0</truncated>
		<difficult>0</difficult>
		<occluded>0</occluded>
		<bndbox>
			<xmin>299</xmin>
			<xmax>301</xmax>
			<ymin>295</ymin>
			<ymax>305</ymax>
		</bndbox>
	</object>
	<object>
		<name>0</name>
		<pose>Unspecified</pose>
		<truncated>0</truncated>
		<difficult>0</difficult>
		<occluded>0</occluded>
		<bndbox>
			<xmin>303</xmin>
			<xmax>322</xmax>
			<ymin>207</ymin>
			<ymax>288</ymax>
		</bndbox>
	</object>
</annotation>
