<annotation>
	<folder></folder>
	<filename>0000000958-1-Image_jpeg.rf.25b7e1cf485fa7fb11d4889c2d9c8556.jpg</filename>
	<path>0000000958-1-Image_jpeg.rf.25b7e1cf485fa7fb11d4889c2d9c8556.jpg</path>
	<source>
		<database>roboflow.ai</database>
	</source>
	<size>
		<width>600</width>
		<height>600</height>
		<depth>3</depth>
	</size>
	<segmented>0</segmented>
	<object>
		<name>0</name>
		<pose>Unspecified</pose>
		<truncated>0</truncated>
		<difficult>0</difficult>
		<occluded>0</occluded>
		<bndbox>
			<xmin>350</xmin>
			<xmax>354</xmax>
			<ymin>290</ymin>
			<ymax>303</ymax>
		</bndbox>
	</object>
</annotation>
