<annotation>
	<folder></folder>
	<filename>0000000635-1-Image_jpeg.rf.3a59791ee2b537558b9ed371d7a7ddbc.jpg</filename>
	<path>0000000635-1-Image_jpeg.rf.3a59791ee2b537558b9ed371d7a7ddbc.jpg</path>
	<source>
		<database>roboflow.ai</database>
	</source>
	<size>
		<width>600</width>
		<height>600</height>
		<depth>3</depth>
	</size>
	<segmented>0</segmented>
	<object>
		<name>0</name>
		<pose>Unspecified</pose>
		<truncated>0</truncated>
		<difficult>0</difficult>
		<occluded>0</occluded>
		<bndbox>
			<xmin>307</xmin>
			<xmax>311</xmax>
			<ymin>294</ymin>
			<ymax>307</ymax>
		</bndbox>
	</object>
	<object>
		<name>0</name>
		<pose>Unspecified</pose>
		<truncated>0</truncated>
		<difficult>0</difficult>
		<occluded>0</occluded>
		<bndbox>
			<xmin>309</xmin>
			<xmax>313</xmax>
			<ymin>198</ymin>
			<ymax>258</ymax>
		</bndbox>
	</object>
</annotation>
