<annotation>
	<folder></folder>
	<filename>0000001198-1-Image_jpeg.rf.912064e743e82f09031c236f920c3491.jpg</filename>
	<path>0000001198-1-Image_jpeg.rf.912064e743e82f09031c236f920c3491.jpg</path>
	<source>
		<database>roboflow.ai</database>
	</source>
	<size>
		<width>600</width>
		<height>600</height>
		<depth>3</depth>
	</size>
	<segmented>0</segmented>
	<object>
		<name>0</name>
		<pose>Unspecified</pose>
		<truncated>0</truncated>
		<difficult>0</difficult>
		<occluded>0</occluded>
		<bndbox>
			<xmin>288</xmin>
			<xmax>292</xmax>
			<ymin>281</ymin>
			<ymax>294</ymax>
		</bndbox>
	</object>
	<object>
		<name>0</name>
		<pose>Unspecified</pose>
		<truncated>0</truncated>
		<difficult>0</difficult>
		<occluded>0</occluded>
		<bndbox>
			<xmin>286</xmin>
			<xmax>290</xmax>
			<ymin>185</ymin>
			<ymax>264</ymax>
		</bndbox>
	</object>
</annotation>
