<annotation>
	<folder></folder>
	<filename>0000000175-1-Image_jpeg.rf.4d858a85301f32c5a8ea204a4940a37c.jpg</filename>
	<path>0000000175-1-Image_jpeg.rf.4d858a85301f32c5a8ea204a4940a37c.jpg</path>
	<source>
		<database>roboflow.ai</database>
	</source>
	<size>
		<width>600</width>
		<height>600</height>
		<depth>3</depth>
	</size>
	<segmented>0</segmented>
	<object>
		<name>0</name>
		<pose>Unspecified</pose>
		<truncated>0</truncated>
		<difficult>0</difficult>
		<occluded>0</occluded>
		<bndbox>
			<xmin>295</xmin>
			<xmax>299</xmax>
			<ymin>305</ymin>
			<ymax>318</ymax>
		</bndbox>
	</object>
	<object>
		<name>0</name>
		<pose>Unspecified</pose>
		<truncated>0</truncated>
		<difficult>0</difficult>
		<occluded>0</occluded>
		<bndbox>
			<xmin>279</xmin>
			<xmax>298</xmax>
			<ymin>211</ymin>
			<ymax>303</ymax>
		</bndbox>
	</object>
</annotation>
