<annotation>
	<folder></folder>
	<filename>0000000464-1-Image_jpeg.rf.f7b4241f65ac8bb47f8315b196abfd64.jpg</filename>
	<path>0000000464-1-Image_jpeg.rf.f7b4241f65ac8bb47f8315b196abfd64.jpg</path>
	<source>
		<database>roboflow.ai</database>
	</source>
	<size>
		<width>600</width>
		<height>600</height>
		<depth>3</depth>
	</size>
	<segmented>0</segmented>
	<object>
		<name>0</name>
		<pose>Unspecified</pose>
		<truncated>0</truncated>
		<difficult>0</difficult>
		<occluded>0</occluded>
		<bndbox>
			<xmin>299</xmin>
			<xmax>301</xmax>
			<ymin>286</ymin>
			<ymax>295</ymax>
		</bndbox>
	</object>
	<object>
		<name>0</name>
		<pose>Unspecified</pose>
		<truncated>0</truncated>
		<difficult>0</difficult>
		<occluded>0</occluded>
		<bndbox>
			<xmin>282</xmin>
			<xmax>299</xmax>
			<ymin>191</ymin>
			<ymax>268</ymax>
		</bndbox>
	</object>
</annotation>
