<annotation>
	<folder></folder>
	<filename>0000001456-1-Image_jpeg.rf.07c5320523a264efe25e7042ebc428a0.jpg</filename>
	<path>0000001456-1-Image_jpeg.rf.07c5320523a264efe25e7042ebc428a0.jpg</path>
	<source>
		<database>roboflow.ai</database>
	</source>
	<size>
		<width>600</width>
		<height>600</height>
		<depth>3</depth>
	</size>
	<segmented>0</segmented>
	<object>
		<name>0</name>
		<pose>Unspecified</pose>
		<truncated>0</truncated>
		<difficult>0</difficult>
		<occluded>0</occluded>
		<bndbox>
			<xmin>290</xmin>
			<xmax>303</xmax>
			<ymin>237</ymin>
			<ymax>286</ymax>
		</bndbox>
	</object>
	<object>
		<name>0</name>
		<pose>Unspecified</pose>
		<truncated>0</truncated>
		<difficult>0</difficult>
		<occluded>0</occluded>
		<bndbox>
			<xmin>296</xmin>
			<xmax>322</xmax>
			<ymin>5</ymin>
			<ymax>235</ymax>
		</bndbox>
	</object>
</annotation>
