<annotation>
	<folder></folder>
	<filename>0000000655-1-Image_jpeg.rf.b1c5536e990db4dd093fde25f50012ea.jpg</filename>
	<path>0000000655-1-Image_jpeg.rf.b1c5536e990db4dd093fde25f50012ea.jpg</path>
	<source>
		<database>roboflow.ai</database>
	</source>
	<size>
		<width>600</width>
		<height>600</height>
		<depth>3</depth>
	</size>
	<segmented>0</segmented>
	<object>
		<name>0</name>
		<pose>Unspecified</pose>
		<truncated>0</truncated>
		<difficult>0</difficult>
		<occluded>0</occluded>
		<bndbox>
			<xmin>451</xmin>
			<xmax>464</xmax>
			<ymin>412</ymin>
			<ymax>461</ymax>
		</bndbox>
	</object>
</annotation>
