<annotation>
	<folder></folder>
	<filename>0000000805-1-Image_jpeg.rf.9d741260cb356dcb4a978abf2c72e7d7.jpg</filename>
	<path>0000000805-1-Image_jpeg.rf.9d741260cb356dcb4a978abf2c72e7d7.jpg</path>
	<source>
		<database>roboflow.ai</database>
	</source>
	<size>
		<width>600</width>
		<height>600</height>
		<depth>3</depth>
	</size>
	<segmented>0</segmented>
	<object>
		<name>0</name>
		<pose>Unspecified</pose>
		<truncated>0</truncated>
		<difficult>0</difficult>
		<occluded>0</occluded>
		<bndbox>
			<xmin>311</xmin>
			<xmax>324</xmax>
			<ymin>290</ymin>
			<ymax>339</ymax>
		</bndbox>
	</object>
	<object>
		<name>0</name>
		<pose>Unspecified</pose>
		<truncated>0</truncated>
		<difficult>0</difficult>
		<occluded>0</occluded>
		<bndbox>
			<xmin>312</xmin>
			<xmax>348</xmax>
			<ymin>7</ymin>
			<ymax>288</ymax>
		</bndbox>
	</object>
</annotation>
