<annotation>
	<folder></folder>
	<filename>0000001154-1-Image_jpeg.rf.3e2442403d75c9aa74eb1e7a3972564a.jpg</filename>
	<path>0000001154-1-Image_jpeg.rf.3e2442403d75c9aa74eb1e7a3972564a.jpg</path>
	<source>
		<database>roboflow.ai</database>
	</source>
	<size>
		<width>600</width>
		<height>600</height>
		<depth>3</depth>
	</size>
	<segmented>0</segmented>
	<object>
		<name>0</name>
		<pose>Unspecified</pose>
		<truncated>0</truncated>
		<difficult>0</difficult>
		<occluded>0</occluded>
		<bndbox>
			<xmin>346</xmin>
			<xmax>359</xmax>
			<ymin>254</ymin>
			<ymax>303</ymax>
		</bndbox>
	</object>
	<object>
		<name>0</name>
		<pose>Unspecified</pose>
		<truncated>0</truncated>
		<difficult>0</difficult>
		<occluded>0</occluded>
		<bndbox>
			<xmin>299</xmin>
			<xmax>354</xmax>
			<ymin>9</ymin>
			<ymax>253</ymax>
		</bndbox>
	</object>
</annotation>
