<annotation>
	<folder></folder>
	<filename>0000000201-1-Image_jpeg.rf.52227ca3e520a807a2b1be51058cda9e.jpg</filename>
	<path>0000000201-1-Image_jpeg.rf.52227ca3e520a807a2b1be51058cda9e.jpg</path>
	<source>
		<database>roboflow.ai</database>
	</source>
	<size>
		<width>600</width>
		<height>600</height>
		<depth>3</depth>
	</size>
	<segmented>0</segmented>
	<object>
		<name>0</name>
		<pose>Unspecified</pose>
		<truncated>0</truncated>
		<difficult>0</difficult>
		<occluded>0</occluded>
		<bndbox>
			<xmin>301</xmin>
			<xmax>316</xmax>
			<ymin>267</ymin>
			<ymax>316</ymax>
		</bndbox>
	</object>
	<object>
		<name>0</name>
		<pose>Unspecified</pose>
		<truncated>0</truncated>
		<difficult>0</difficult>
		<occluded>0</occluded>
		<bndbox>
			<xmin>302</xmin>
			<xmax>312</xmax>
			<ymin>1</ymin>
			<ymax>265</ymax>
		</bndbox>
	</object>
</annotation>
