<annotation>
	<folder></folder>
	<filename>0000001381-1-Image_jpeg.rf.a93c512ad846b0374fca47c5640f80c7.jpg</filename>
	<path>0000001381-1-Image_jpeg.rf.a93c512ad846b0374fca47c5640f80c7.jpg</path>
	<source>
		<database>roboflow.ai</database>
	</source>
	<size>
		<width>600</width>
		<height>600</height>
		<depth>3</depth>
	</size>
	<segmented>0</segmented>
	<object>
		<name>0</name>
		<pose>Unspecified</pose>
		<truncated>0</truncated>
		<difficult>0</difficult>
		<occluded>0</occluded>
		<bndbox>
			<xmin>303</xmin>
			<xmax>318</xmax>
			<ymin>316</ymin>
			<ymax>365</ymax>
		</bndbox>
	</object>
	<object>
		<name>0</name>
		<pose>Unspecified</pose>
		<truncated>0</truncated>
		<difficult>0</difficult>
		<occluded>0</occluded>
		<bndbox>
			<xmin>309</xmin>
			<xmax>343</xmax>
			<ymin>80</ymin>
			<ymax>314</ymax>
		</bndbox>
	</object>
</annotation>
