<annotation>
	<folder></folder>
	<filename>0000001421-1-Image_jpeg.rf.1b7f6f8369a5251f09770552f66b8158.jpg</filename>
	<path>0000001421-1-Image_jpeg.rf.1b7f6f8369a5251f09770552f66b8158.jpg</path>
	<source>
		<database>roboflow.ai</database>
	</source>
	<size>
		<width>600</width>
		<height>600</height>
		<depth>3</depth>
	</size>
	<segmented>0</segmented>
	<object>
		<name>0</name>
		<pose>Unspecified</pose>
		<truncated>0</truncated>
		<difficult>0</difficult>
		<occluded>0</occluded>
		<bndbox>
			<xmin>313</xmin>
			<xmax>328</xmax>
			<ymin>292</ymin>
			<ymax>341</ymax>
		</bndbox>
	</object>
	<object>
		<name>0</name>
		<pose>Unspecified</pose>
		<truncated>0</truncated>
		<difficult>0</difficult>
		<occluded>0</occluded>
		<bndbox>
			<xmin>316</xmin>
			<xmax>352</xmax>
			<ymin>7</ymin>
			<ymax>290</ymax>
		</bndbox>
	</object>
</annotation>
