<annotation>
	<folder></folder>
	<filename>0000000465-1-Image_jpeg.rf.b3f9d67a5e5876945fd271a237ebd4ad.jpg</filename>
	<path>0000000465-1-Image_jpeg.rf.b3f9d67a5e5876945fd271a237ebd4ad.jpg</path>
	<source>
		<database>roboflow.ai</database>
	</source>
	<size>
		<width>600</width>
		<height>600</height>
		<depth>3</depth>
	</size>
	<segmented>0</segmented>
	<object>
		<name>0</name>
		<pose>Unspecified</pose>
		<truncated>0</truncated>
		<difficult>0</difficult>
		<occluded>0</occluded>
		<bndbox>
			<xmin>329</xmin>
			<xmax>342</xmax>
			<ymin>273</ymin>
			<ymax>320</ymax>
		</bndbox>
	</object>
	<object>
		<name>0</name>
		<pose>Unspecified</pose>
		<truncated>0</truncated>
		<difficult>0</difficult>
		<occluded>0</occluded>
		<bndbox>
			<xmin>290</xmin>
			<xmax>339</xmax>
			<ymin>42</ymin>
			<ymax>271</ymax>
		</bndbox>
	</object>
</annotation>
