<annotation>
	<folder></folder>
	<filename>0000000328-1-Image_jpeg.rf.48b97c91e9d85b402f178dfef14670dd.jpg</filename>
	<path>0000000328-1-Image_jpeg.rf.48b97c91e9d85b402f178dfef14670dd.jpg</path>
	<source>
		<database>roboflow.ai</database>
	</source>
	<size>
		<width>600</width>
		<height>600</height>
		<depth>3</depth>
	</size>
	<segmented>0</segmented>
	<object>
		<name>0</name>
		<pose>Unspecified</pose>
		<truncated>0</truncated>
		<difficult>0</difficult>
		<occluded>0</occluded>
		<bndbox>
			<xmin>320</xmin>
			<xmax>333</xmax>
			<ymin>269</ymin>
			<ymax>320</ymax>
		</bndbox>
	</object>
	<object>
		<name>0</name>
		<pose>Unspecified</pose>
		<truncated>0</truncated>
		<difficult>0</difficult>
		<occluded>0</occluded>
		<bndbox>
			<xmin>326</xmin>
			<xmax>382</xmax>
			<ymin>7</ymin>
			<ymax>267</ymax>
		</bndbox>
	</object>
</annotation>
