<annotation>
	<folder></folder>
	<filename>0000000923-1-Image_jpeg.rf.fb6017c170e4f190c59f12a035177382.jpg</filename>
	<path>0000000923-1-Image_jpeg.rf.fb6017c170e4f190c59f12a035177382.jpg</path>
	<source>
		<database>roboflow.ai</database>
	</source>
	<size>
		<width>600</width>
		<height>600</height>
		<depth>3</depth>
	</size>
	<segmented>0</segmented>
	<object>
		<name>0</name>
		<pose>Unspecified</pose>
		<truncated>0</truncated>
		<difficult>0</difficult>
		<occluded>0</occluded>
		<bndbox>
			<xmin>436</xmin>
			<xmax>449</xmax>
			<ymin>241</ymin>
			<ymax>290</ymax>
		</bndbox>
	</object>
	<object>
		<name>0</name>
		<pose>Unspecified</pose>
		<truncated>0</truncated>
		<difficult>0</difficult>
		<occluded>0</occluded>
		<bndbox>
			<xmin>414</xmin>
			<xmax>440</xmax>
			<ymin>8</ymin>
			<ymax>168</ymax>
		</bndbox>
	</object>
</annotation>
