<annotation>
	<folder></folder>
	<filename>0000000428-1-Image_jpeg.rf.92d8559eae5adb5c9a7f4e02e514b048.jpg</filename>
	<path>0000000428-1-Image_jpeg.rf.92d8559eae5adb5c9a7f4e02e514b048.jpg</path>
	<source>
		<database>roboflow.ai</database>
	</source>
	<size>
		<width>600</width>
		<height>600</height>
		<depth>3</depth>
	</size>
	<segmented>0</segmented>
	<object>
		<name>0</name>
		<pose>Unspecified</pose>
		<truncated>0</truncated>
		<difficult>0</difficult>
		<occluded>0</occluded>
		<bndbox>
			<xmin>249</xmin>
			<xmax>262</xmax>
			<ymin>192</ymin>
			<ymax>241</ymax>
		</bndbox>
	</object>
	<object>
		<name>0</name>
		<pose>Unspecified</pose>
		<truncated>0</truncated>
		<difficult>0</difficult>
		<occluded>0</occluded>
		<bndbox>
			<xmin>253</xmin>
			<xmax>268</xmax>
			<ymin>13</ymin>
			<ymax>191</ymax>
		</bndbox>
	</object>
</annotation>
