<annotation>
	<folder></folder>
	<filename>0000001360-1-Image_jpeg.rf.24de307e33af8d6ebf584710ce014c7c.jpg</filename>
	<path>0000001360-1-Image_jpeg.rf.24de307e33af8d6ebf584710ce014c7c.jpg</path>
	<source>
		<database>roboflow.ai</database>
	</source>
	<size>
		<width>600</width>
		<height>600</height>
		<depth>3</depth>
	</size>
	<segmented>0</segmented>
	<object>
		<name>0</name>
		<pose>Unspecified</pose>
		<truncated>0</truncated>
		<difficult>0</difficult>
		<occluded>0</occluded>
		<bndbox>
			<xmin>288</xmin>
			<xmax>301</xmax>
			<ymin>279</ymin>
			<ymax>326</ymax>
		</bndbox>
	</object>
	<object>
		<name>0</name>
		<pose>Unspecified</pose>
		<truncated>0</truncated>
		<difficult>0</difficult>
		<occluded>0</occluded>
		<bndbox>
			<xmin>292</xmin>
			<xmax>350</xmax>
			<ymin>1</ymin>
			<ymax>277</ymax>
		</bndbox>
	</object>
</annotation>
