<annotation>
	<folder></folder>
	<filename>0000000421-1-Image_jpeg.rf.a84f6865c02e507c5237575273c56409.jpg</filename>
	<path>0000000421-1-Image_jpeg.rf.a84f6865c02e507c5237575273c56409.jpg</path>
	<source>
		<database>roboflow.ai</database>
	</source>
	<size>
		<width>600</width>
		<height>600</height>
		<depth>3</depth>
	</size>
	<segmented>0</segmented>
	<object>
		<name>0</name>
		<pose>Unspecified</pose>
		<truncated>0</truncated>
		<difficult>0</difficult>
		<occluded>0</occluded>
		<bndbox>
			<xmin>303</xmin>
			<xmax>316</xmax>
			<ymin>213</ymin>
			<ymax>262</ymax>
		</bndbox>
	</object>
	<object>
		<name>0</name>
		<pose>Unspecified</pose>
		<truncated>0</truncated>
		<difficult>0</difficult>
		<occluded>0</occluded>
		<bndbox>
			<xmin>309</xmin>
			<xmax>341</xmax>
			<ymin>1</ymin>
			<ymax>211</ymax>
		</bndbox>
	</object>
</annotation>
