<annotation>
	<folder></folder>
	<filename>0000001289-1-Image_jpeg.rf.d62f676190da8b8a3a832ccb942a925c.jpg</filename>
	<path>0000001289-1-Image_jpeg.rf.d62f676190da8b8a3a832ccb942a925c.jpg</path>
	<source>
		<database>roboflow.ai</database>
	</source>
	<size>
		<width>600</width>
		<height>600</height>
		<depth>3</depth>
	</size>
	<segmented>0</segmented>
	<object>
		<name>0</name>
		<pose>Unspecified</pose>
		<truncated>0</truncated>
		<difficult>0</difficult>
		<occluded>0</occluded>
		<bndbox>
			<xmin>256</xmin>
			<xmax>269</xmax>
			<ymin>296</ymin>
			<ymax>345</ymax>
		</bndbox>
	</object>
	<object>
		<name>0</name>
		<pose>Unspecified</pose>
		<truncated>0</truncated>
		<difficult>0</difficult>
		<occluded>0</occluded>
		<bndbox>
			<xmin>214</xmin>
			<xmax>265</xmax>
			<ymin>1</ymin>
			<ymax>293</ymax>
		</bndbox>
	</object>
</annotation>
