<annotation>
	<folder></folder>
	<filename>0000001458-1-Image_jpeg.rf.a9f91762a7ca072099e23636699c505e.jpg</filename>
	<path>0000001458-1-Image_jpeg.rf.a9f91762a7ca072099e23636699c505e.jpg</path>
	<source>
		<database>roboflow.ai</database>
	</source>
	<size>
		<width>600</width>
		<height>600</height>
		<depth>3</depth>
	</size>
	<segmented>0</segmented>
	<object>
		<name>0</name>
		<pose>Unspecified</pose>
		<truncated>0</truncated>
		<difficult>0</difficult>
		<occluded>0</occluded>
		<bndbox>
			<xmin>159</xmin>
			<xmax>172</xmax>
			<ymin>416</ymin>
			<ymax>465</ymax>
		</bndbox>
	</object>
	<object>
		<name>0</name>
		<pose>Unspecified</pose>
		<truncated>0</truncated>
		<difficult>0</difficult>
		<occluded>0</occluded>
		<bndbox>
			<xmin>127</xmin>
			<xmax>166</xmax>
			<ymin>189</ymin>
			<ymax>412</ymax>
		</bndbox>
	</object>
</annotation>
