<annotation>
	<folder></folder>
	<filename>0000000088-1-Image_jpeg.rf.682b752676d95a8053257fd958fbc5af.jpg</filename>
	<path>0000000088-1-Image_jpeg.rf.682b752676d95a8053257fd958fbc5af.jpg</path>
	<source>
		<database>roboflow.ai</database>
	</source>
	<size>
		<width>600</width>
		<height>600</height>
		<depth>3</depth>
	</size>
	<segmented>0</segmented>
	<object>
		<name>0</name>
		<pose>Unspecified</pose>
		<truncated>0</truncated>
		<difficult>0</difficult>
		<occluded>0</occluded>
		<bndbox>
			<xmin>343</xmin>
			<xmax>358</xmax>
			<ymin>224</ymin>
			<ymax>273</ymax>
		</bndbox>
	</object>
	<object>
		<name>0</name>
		<pose>Unspecified</pose>
		<truncated>0</truncated>
		<difficult>0</difficult>
		<occluded>0</occluded>
		<bndbox>
			<xmin>343</xmin>
			<xmax>354</xmax>
			<ymin>9</ymin>
			<ymax>223</ymax>
		</bndbox>
	</object>
</annotation>
