<annotation>
	<folder></folder>
	<filename>0000000329-1-Image_jpeg.rf.74b7e650fe3486a8dcae67aeb426c0a2.jpg</filename>
	<path>0000000329-1-Image_jpeg.rf.74b7e650fe3486a8dcae67aeb426c0a2.jpg</path>
	<source>
		<database>roboflow.ai</database>
	</source>
	<size>
		<width>600</width>
		<height>600</height>
		<depth>3</depth>
	</size>
	<segmented>0</segmented>
	<object>
		<name>0</name>
		<pose>Unspecified</pose>
		<truncated>0</truncated>
		<difficult>0</difficult>
		<occluded>0</occluded>
		<bndbox>
			<xmin>354</xmin>
			<xmax>367</xmax>
			<ymin>256</ymin>
			<ymax>305</ymax>
		</bndbox>
	</object>
	<object>
		<name>0</name>
		<pose>Unspecified</pose>
		<truncated>0</truncated>
		<difficult>0</difficult>
		<occluded>0</occluded>
		<bndbox>
			<xmin>359</xmin>
			<xmax>397</xmax>
			<ymin>9</ymin>
			<ymax>254</ymax>
		</bndbox>
	</object>
</annotation>
