<annotation>
	<folder></folder>
	<filename>0000000496-1-Image_jpeg.rf.ade091f9c461e667058ccc0134b98a6b.jpg</filename>
	<path>0000000496-1-Image_jpeg.rf.ade091f9c461e667058ccc0134b98a6b.jpg</path>
	<source>
		<database>roboflow.ai</database>
	</source>
	<size>
		<width>600</width>
		<height>600</height>
		<depth>3</depth>
	</size>
	<segmented>0</segmented>
	<object>
		<name>0</name>
		<pose>Unspecified</pose>
		<truncated>0</truncated>
		<difficult>0</difficult>
		<occluded>0</occluded>
		<bndbox>
			<xmin>193</xmin>
			<xmax>206</xmax>
			<ymin>251</ymin>
			<ymax>300</ymax>
		</bndbox>
	</object>
	<object>
		<name>0</name>
		<pose>Unspecified</pose>
		<truncated>0</truncated>
		<difficult>0</difficult>
		<occluded>0</occluded>
		<bndbox>
			<xmin>196</xmin>
			<xmax>215</xmax>
			<ymin>1</ymin>
			<ymax>245</ymax>
		</bndbox>
	</object>
</annotation>
