<annotation>
	<folder></folder>
	<filename>0000000397-1-Image_jpeg.rf.20838a06123c5854691941bae0d80a58.jpg</filename>
	<path>0000000397-1-Image_jpeg.rf.20838a06123c5854691941bae0d80a58.jpg</path>
	<source>
		<database>roboflow.ai</database>
	</source>
	<size>
		<width>600</width>
		<height>600</height>
		<depth>3</depth>
	</size>
	<segmented>0</segmented>
	<object>
		<name>0</name>
		<pose>Unspecified</pose>
		<truncated>0</truncated>
		<difficult>0</difficult>
		<occluded>0</occluded>
		<bndbox>
			<xmin>281</xmin>
			<xmax>294</xmax>
			<ymin>271</ymin>
			<ymax>320</ymax>
		</bndbox>
	</object>
	<object>
		<name>0</name>
		<pose>Unspecified</pose>
		<truncated>0</truncated>
		<difficult>0</difficult>
		<occluded>0</occluded>
		<bndbox>
			<xmin>283</xmin>
			<xmax>296</xmax>
			<ymin>3</ymin>
			<ymax>267</ymax>
		</bndbox>
	</object>
</annotation>
