<annotation>
	<folder></folder>
	<filename>0000000250-1-Image_jpeg.rf.b3f0bee4a98607e8d65c1756756a60e5.jpg</filename>
	<path>0000000250-1-Image_jpeg.rf.b3f0bee4a98607e8d65c1756756a60e5.jpg</path>
	<source>
		<database>roboflow.ai</database>
	</source>
	<size>
		<width>600</width>
		<height>600</height>
		<depth>3</depth>
	</size>
	<segmented>0</segmented>
	<object>
		<name>0</name>
		<pose>Unspecified</pose>
		<truncated>0</truncated>
		<difficult>0</difficult>
		<occluded>0</occluded>
		<bndbox>
			<xmin>200</xmin>
			<xmax>213</xmax>
			<ymin>166</ymin>
			<ymax>215</ymax>
		</bndbox>
	</object>
	<object>
		<name>0</name>
		<pose>Unspecified</pose>
		<truncated>0</truncated>
		<difficult>0</difficult>
		<occluded>0</occluded>
		<bndbox>
			<xmin>192</xmin>
			<xmax>209</xmax>
			<ymin>3</ymin>
			<ymax>164</ymax>
		</bndbox>
	</object>
</annotation>
