<annotation>
	<folder></folder>
	<filename>0000000794-1-Image_jpeg.rf.2490baf1eee73957ab8b0fa0201ae202.jpg</filename>
	<path>0000000794-1-Image_jpeg.rf.2490baf1eee73957ab8b0fa0201ae202.jpg</path>
	<source>
		<database>roboflow.ai</database>
	</source>
	<size>
		<width>600</width>
		<height>600</height>
		<depth>3</depth>
	</size>
	<segmented>0</segmented>
	<object>
		<name>0</name>
		<pose>Unspecified</pose>
		<truncated>0</truncated>
		<difficult>0</difficult>
		<occluded>0</occluded>
		<bndbox>
			<xmin>320</xmin>
			<xmax>333</xmax>
			<ymin>301</ymin>
			<ymax>350</ymax>
		</bndbox>
	</object>
	<object>
		<name>0</name>
		<pose>Unspecified</pose>
		<truncated>0</truncated>
		<difficult>0</difficult>
		<occluded>0</occluded>
		<bndbox>
			<xmin>262</xmin>
			<xmax>327</xmax>
			<ymin>9</ymin>
			<ymax>299</ymax>
		</bndbox>
	</object>
</annotation>
