<annotation>
	<folder></folder>
	<filename>0000001100-1-Image_jpeg.rf.6f4b64e76ea6a652ed93b8a2e5cf2229.jpg</filename>
	<path>0000001100-1-Image_jpeg.rf.6f4b64e76ea6a652ed93b8a2e5cf2229.jpg</path>
	<source>
		<database>roboflow.ai</database>
	</source>
	<size>
		<width>600</width>
		<height>600</height>
		<depth>3</depth>
	</size>
	<segmented>0</segmented>
	<object>
		<name>0</name>
		<pose>Unspecified</pose>
		<truncated>0</truncated>
		<difficult>0</difficult>
		<occluded>0</occluded>
		<bndbox>
			<xmin>346</xmin>
			<xmax>361</xmax>
			<ymin>318</ymin>
			<ymax>367</ymax>
		</bndbox>
	</object>
	<object>
		<name>0</name>
		<pose>Unspecified</pose>
		<truncated>0</truncated>
		<difficult>0</difficult>
		<occluded>0</occluded>
		<bndbox>
			<xmin>352</xmin>
			<xmax>408</xmax>
			<ymin>1</ymin>
			<ymax>316</ymax>
		</bndbox>
	</object>
</annotation>
