<annotation>
	<folder></folder>
	<filename>0000001093-1-Image_jpeg.rf.73f07bc7ca8384c4c4ca70ebcd169d5a.jpg</filename>
	<path>0000001093-1-Image_jpeg.rf.73f07bc7ca8384c4c4ca70ebcd169d5a.jpg</path>
	<source>
		<database>roboflow.ai</database>
	</source>
	<size>
		<width>600</width>
		<height>600</height>
		<depth>3</depth>
	</size>
	<segmented>0</segmented>
	<object>
		<name>0</name>
		<pose>Unspecified</pose>
		<truncated>0</truncated>
		<difficult>0</difficult>
		<occluded>0</occluded>
		<bndbox>
			<xmin>223</xmin>
			<xmax>236</xmax>
			<ymin>342</ymin>
			<ymax>391</ymax>
		</bndbox>
	</object>
	<object>
		<name>0</name>
		<pose>Unspecified</pose>
		<truncated>0</truncated>
		<difficult>0</difficult>
		<occluded>0</occluded>
		<bndbox>
			<xmin>189</xmin>
			<xmax>209</xmax>
			<ymin>5</ymin>
			<ymax>106</ymax>
		</bndbox>
	</object>
</annotation>
