<annotation>
	<folder></folder>
	<filename>0000000706-1-Image_jpeg.rf.9dbd94cfb0b6c30121d707357f04f44e.jpg</filename>
	<path>0000000706-1-Image_jpeg.rf.9dbd94cfb0b6c30121d707357f04f44e.jpg</path>
	<source>
		<database>roboflow.ai</database>
	</source>
	<size>
		<width>600</width>
		<height>600</height>
		<depth>3</depth>
	</size>
	<segmented>0</segmented>
	<object>
		<name>0</name>
		<pose>Unspecified</pose>
		<truncated>0</truncated>
		<difficult>0</difficult>
		<occluded>0</occluded>
		<bndbox>
			<xmin>346</xmin>
			<xmax>359</xmax>
			<ymin>221</ymin>
			<ymax>270</ymax>
		</bndbox>
	</object>
	<object>
		<name>0</name>
		<pose>Unspecified</pose>
		<truncated>0</truncated>
		<difficult>0</difficult>
		<occluded>0</occluded>
		<bndbox>
			<xmin>322</xmin>
			<xmax>354</xmax>
			<ymin>7</ymin>
			<ymax>219</ymax>
		</bndbox>
	</object>
</annotation>
