<annotation>
	<folder></folder>
	<filename>0000000987-1-Image_jpeg.rf.db99582330425400294a70e6a19f7a0b.jpg</filename>
	<path>0000000987-1-Image_jpeg.rf.db99582330425400294a70e6a19f7a0b.jpg</path>
	<source>
		<database>roboflow.ai</database>
	</source>
	<size>
		<width>600</width>
		<height>600</height>
		<depth>3</depth>
	</size>
	<segmented>0</segmented>
	<object>
		<name>0</name>
		<pose>Unspecified</pose>
		<truncated>0</truncated>
		<difficult>0</difficult>
		<occluded>0</occluded>
		<bndbox>
			<xmin>298</xmin>
			<xmax>311</xmax>
			<ymin>273</ymin>
			<ymax>322</ymax>
		</bndbox>
	</object>
	<object>
		<name>0</name>
		<pose>Unspecified</pose>
		<truncated>0</truncated>
		<difficult>0</difficult>
		<occluded>0</occluded>
		<bndbox>
			<xmin>249</xmin>
			<xmax>305</xmax>
			<ymin>12</ymin>
			<ymax>273</ymax>
		</bndbox>
	</object>
</annotation>
