<annotation>
	<folder></folder>
	<filename>0000000026-1-Image_jpeg.rf.a10fa98067b6bf46a63449b5af624dc9.jpg</filename>
	<path>0000000026-1-Image_jpeg.rf.a10fa98067b6bf46a63449b5af624dc9.jpg</path>
	<source>
		<database>roboflow.ai</database>
	</source>
	<size>
		<width>600</width>
		<height>600</height>
		<depth>3</depth>
	</size>
	<segmented>0</segmented>
	<object>
		<name>0</name>
		<pose>Unspecified</pose>
		<truncated>0</truncated>
		<difficult>0</difficult>
		<occluded>0</occluded>
		<bndbox>
			<xmin>73</xmin>
			<xmax>86</xmax>
			<ymin>209</ymin>
			<ymax>258</ymax>
		</bndbox>
	</object>
	<object>
		<name>0</name>
		<pose>Unspecified</pose>
		<truncated>0</truncated>
		<difficult>0</difficult>
		<occluded>0</occluded>
		<bndbox>
			<xmin>59</xmin>
			<xmax>78</xmax>
			<ymin>117</ymin>
			<ymax>207</ymax>
		</bndbox>
	</object>
</annotation>
