<annotation>
	<folder></folder>
	<filename>0000001049-1-Image_jpeg.rf.0f2eba469fa8a669377aa3af5ddda051.jpg</filename>
	<path>0000001049-1-Image_jpeg.rf.0f2eba469fa8a669377aa3af5ddda051.jpg</path>
	<source>
		<database>roboflow.ai</database>
	</source>
	<size>
		<width>600</width>
		<height>600</height>
		<depth>3</depth>
	</size>
	<segmented>0</segmented>
	<object>
		<name>0</name>
		<pose>Unspecified</pose>
		<truncated>0</truncated>
		<difficult>0</difficult>
		<occluded>0</occluded>
		<bndbox>
			<xmin>307</xmin>
			<xmax>320</xmax>
			<ymin>262</ymin>
			<ymax>311</ymax>
		</bndbox>
	</object>
	<object>
		<name>0</name>
		<pose>Unspecified</pose>
		<truncated>0</truncated>
		<difficult>0</difficult>
		<occluded>0</occluded>
		<bndbox>
			<xmin>305</xmin>
			<xmax>318</xmax>
			<ymin>12</ymin>
			<ymax>260</ymax>
		</bndbox>
	</object>
</annotation>
