<annotation>
	<folder></folder>
	<filename>0000000056-1-Image_jpeg.rf.d49c323596453897ccc1b376d351e03a.jpg</filename>
	<path>0000000056-1-Image_jpeg.rf.d49c323596453897ccc1b376d351e03a.jpg</path>
	<source>
		<database>roboflow.ai</database>
	</source>
	<size>
		<width>600</width>
		<height>600</height>
		<depth>3</depth>
	</size>
	<segmented>0</segmented>
	<object>
		<name>0</name>
		<pose>Unspecified</pose>
		<truncated>0</truncated>
		<difficult>0</difficult>
		<occluded>0</occluded>
		<bndbox>
			<xmin>361</xmin>
			<xmax>374</xmax>
			<ymin>252</ymin>
			<ymax>301</ymax>
		</bndbox>
	</object>
	<object>
		<name>0</name>
		<pose>Unspecified</pose>
		<truncated>0</truncated>
		<difficult>0</difficult>
		<occluded>0</occluded>
		<bndbox>
			<xmin>365</xmin>
			<xmax>384</xmax>
			<ymin>3</ymin>
			<ymax>252</ymax>
		</bndbox>
	</object>
</annotation>
