<annotation>
	<folder></folder>
	<filename>0000000865-1-Image_jpeg.rf.8af175ec627348363fe98acab03a165f.jpg</filename>
	<path>0000000865-1-Image_jpeg.rf.8af175ec627348363fe98acab03a165f.jpg</path>
	<source>
		<database>roboflow.ai</database>
	</source>
	<size>
		<width>600</width>
		<height>600</height>
		<depth>3</depth>
	</size>
	<segmented>0</segmented>
	<object>
		<name>0</name>
		<pose>Unspecified</pose>
		<truncated>0</truncated>
		<difficult>0</difficult>
		<occluded>0</occluded>
		<bndbox>
			<xmin>303</xmin>
			<xmax>316</xmax>
			<ymin>266</ymin>
			<ymax>315</ymax>
		</bndbox>
	</object>
	<object>
		<name>0</name>
		<pose>Unspecified</pose>
		<truncated>0</truncated>
		<difficult>0</difficult>
		<occluded>0</occluded>
		<bndbox>
			<xmin>287</xmin>
			<xmax>312</xmax>
			<ymin>1</ymin>
			<ymax>263</ymax>
		</bndbox>
	</object>
</annotation>
