<annotation>
	<folder></folder>
	<filename>0000000270-1-Image_jpeg.rf.a1b97b8db8123e14331b4723733c7a22.jpg</filename>
	<path>0000000270-1-Image_jpeg.rf.a1b97b8db8123e14331b4723733c7a22.jpg</path>
	<source>
		<database>roboflow.ai</database>
	</source>
	<size>
		<width>600</width>
		<height>600</height>
		<depth>3</depth>
	</size>
	<segmented>0</segmented>
	<object>
		<name>0</name>
		<pose>Unspecified</pose>
		<truncated>0</truncated>
		<difficult>0</difficult>
		<occluded>0</occluded>
		<bndbox>
			<xmin>517</xmin>
			<xmax>530</xmax>
			<ymin>237</ymin>
			<ymax>286</ymax>
		</bndbox>
	</object>
	<object>
		<name>0</name>
		<pose>Unspecified</pose>
		<truncated>0</truncated>
		<difficult>0</difficult>
		<occluded>0</occluded>
		<bndbox>
			<xmin>504</xmin>
			<xmax>509</xmax>
			<ymin>9</ymin>
			<ymax>28</ymax>
		</bndbox>
	</object>
</annotation>
