<annotation>
	<folder></folder>
	<filename>0000000423-1-Image_jpeg.rf.932a4e1ad033f801800da54b4d9676ce.jpg</filename>
	<path>0000000423-1-Image_jpeg.rf.932a4e1ad033f801800da54b4d9676ce.jpg</path>
	<source>
		<database>roboflow.ai</database>
	</source>
	<size>
		<width>600</width>
		<height>600</height>
		<depth>3</depth>
	</size>
	<segmented>0</segmented>
	<object>
		<name>0</name>
		<pose>Unspecified</pose>
		<truncated>0</truncated>
		<difficult>0</difficult>
		<occluded>0</occluded>
		<bndbox>
			<xmin>112</xmin>
			<xmax>127</xmax>
			<ymin>401</ymin>
			<ymax>450</ymax>
		</bndbox>
	</object>
	<object>
		<name>0</name>
		<pose>Unspecified</pose>
		<truncated>0</truncated>
		<difficult>0</difficult>
		<occluded>0</occluded>
		<bndbox>
			<xmin>57</xmin>
			<xmax>117</xmax>
			<ymin>57</ymin>
			<ymax>395</ymax>
		</bndbox>
	</object>
</annotation>
