<annotation>
	<folder></folder>
	<filename>0000000901-1-Image_jpeg.rf.f6f3b29624ec6b0a03cc573bf3902981.jpg</filename>
	<path>0000000901-1-Image_jpeg.rf.f6f3b29624ec6b0a03cc573bf3902981.jpg</path>
	<source>
		<database>roboflow.ai</database>
	</source>
	<size>
		<width>600</width>
		<height>600</height>
		<depth>3</depth>
	</size>
	<segmented>0</segmented>
	<object>
		<name>0</name>
		<pose>Unspecified</pose>
		<truncated>0</truncated>
		<difficult>0</difficult>
		<occluded>0</occluded>
		<bndbox>
			<xmin>457</xmin>
			<xmax>472</xmax>
			<ymin>391</ymin>
			<ymax>440</ymax>
		</bndbox>
	</object>
	<object>
		<name>0</name>
		<pose>Unspecified</pose>
		<truncated>0</truncated>
		<difficult>0</difficult>
		<occluded>0</occluded>
		<bndbox>
			<xmin>478</xmin>
			<xmax>521</xmax>
			<ymin>40</ymin>
			<ymax>198</ymax>
		</bndbox>
	</object>
</annotation>
