<annotation>
	<folder></folder>
	<filename>0000001197-1-Image_jpeg.rf.14fa38f1a9f621e8e6e7a0c15295165f.jpg</filename>
	<path>0000001197-1-Image_jpeg.rf.14fa38f1a9f621e8e6e7a0c15295165f.jpg</path>
	<source>
		<database>roboflow.ai</database>
	</source>
	<size>
		<width>600</width>
		<height>600</height>
		<depth>3</depth>
	</size>
	<segmented>0</segmented>
	<object>
		<name>0</name>
		<pose>Unspecified</pose>
		<truncated>0</truncated>
		<difficult>0</difficult>
		<occluded>0</occluded>
		<bndbox>
			<xmin>309</xmin>
			<xmax>322</xmax>
			<ymin>284</ymin>
			<ymax>333</ymax>
		</bndbox>
	</object>
	<object>
		<name>0</name>
		<pose>Unspecified</pose>
		<truncated>0</truncated>
		<difficult>0</difficult>
		<occluded>0</occluded>
		<bndbox>
			<xmin>312</xmin>
			<xmax>352</xmax>
			<ymin>1</ymin>
			<ymax>282</ymax>
		</bndbox>
	</object>
</annotation>
