<annotation>
	<folder></folder>
	<filename>0000000932-1-Image_jpeg.rf.e1d579cc6072e90a0d31b9e1bc4d06b6.jpg</filename>
	<path>0000000932-1-Image_jpeg.rf.e1d579cc6072e90a0d31b9e1bc4d06b6.jpg</path>
	<source>
		<database>roboflow.ai</database>
	</source>
	<size>
		<width>600</width>
		<height>600</height>
		<depth>3</depth>
	</size>
	<segmented>0</segmented>
	<object>
		<name>0</name>
		<pose>Unspecified</pose>
		<truncated>0</truncated>
		<difficult>0</difficult>
		<occluded>0</occluded>
		<bndbox>
			<xmin>266</xmin>
			<xmax>279</xmax>
			<ymin>337</ymin>
			<ymax>386</ymax>
		</bndbox>
	</object>
	<object>
		<name>0</name>
		<pose>Unspecified</pose>
		<truncated>0</truncated>
		<difficult>0</difficult>
		<occluded>0</occluded>
		<bndbox>
			<xmin>273</xmin>
			<xmax>297</xmax>
			<ymin>54</ymin>
			<ymax>193</ymax>
		</bndbox>
	</object>
</annotation>
