<annotation>
	<folder></folder>
	<filename>0000001165-1-Image_jpeg.rf.a0b5700a467d97424de810cc225e9a96.jpg</filename>
	<path>0000001165-1-Image_jpeg.rf.a0b5700a467d97424de810cc225e9a96.jpg</path>
	<source>
		<database>roboflow.ai</database>
	</source>
	<size>
		<width>600</width>
		<height>600</height>
		<depth>3</depth>
	</size>
	<segmented>0</segmented>
	<object>
		<name>0</name>
		<pose>Unspecified</pose>
		<truncated>0</truncated>
		<difficult>0</difficult>
		<occluded>0</occluded>
		<bndbox>
			<xmin>194</xmin>
			<xmax>207</xmax>
			<ymin>245</ymin>
			<ymax>294</ymax>
		</bndbox>
	</object>
	<object>
		<name>0</name>
		<pose>Unspecified</pose>
		<truncated>0</truncated>
		<difficult>0</difficult>
		<occluded>0</occluded>
		<bndbox>
			<xmin>193</xmin>
			<xmax>204</xmax>
			<ymin>12</ymin>
			<ymax>239</ymax>
		</bndbox>
	</object>
</annotation>
