<annotation>
	<folder></folder>
	<filename>0000000463-1-Image_jpeg.rf.5fef2bbb5aea82c623bf2fe46de49095.jpg</filename>
	<path>0000000463-1-Image_jpeg.rf.5fef2bbb5aea82c623bf2fe46de49095.jpg</path>
	<source>
		<database>roboflow.ai</database>
	</source>
	<size>
		<width>600</width>
		<height>600</height>
		<depth>3</depth>
	</size>
	<segmented>0</segmented>
	<object>
		<name>0</name>
		<pose>Unspecified</pose>
		<truncated>0</truncated>
		<difficult>0</difficult>
		<occluded>0</occluded>
		<bndbox>
			<xmin>318</xmin>
			<xmax>333</xmax>
			<ymin>262</ymin>
			<ymax>311</ymax>
		</bndbox>
	</object>
	<object>
		<name>0</name>
		<pose>Unspecified</pose>
		<truncated>0</truncated>
		<difficult>0</difficult>
		<occluded>0</occluded>
		<bndbox>
			<xmin>297</xmin>
			<xmax>327</xmax>
			<ymin>1</ymin>
			<ymax>260</ymax>
		</bndbox>
	</object>
</annotation>
