<annotation>
	<folder></folder>
	<filename>0000001193-1-Image_jpeg.rf.761a6ed45d7024926f5e2d8c24ddb713.jpg</filename>
	<path>0000001193-1-Image_jpeg.rf.761a6ed45d7024926f5e2d8c24ddb713.jpg</path>
	<source>
		<database>roboflow.ai</database>
	</source>
	<size>
		<width>600</width>
		<height>600</height>
		<depth>3</depth>
	</size>
	<segmented>0</segmented>
	<object>
		<name>0</name>
		<pose>Unspecified</pose>
		<truncated>0</truncated>
		<difficult>0</difficult>
		<occluded>0</occluded>
		<bndbox>
			<xmin>211</xmin>
			<xmax>224</xmax>
			<ymin>176</ymin>
			<ymax>225</ymax>
		</bndbox>
	</object>
	<object>
		<name>0</name>
		<pose>Unspecified</pose>
		<truncated>0</truncated>
		<difficult>0</difficult>
		<occluded>0</occluded>
		<bndbox>
			<xmin>205</xmin>
			<xmax>220</xmax>
			<ymin>1</ymin>
			<ymax>173</ymax>
		</bndbox>
	</object>
</annotation>
