<annotation>
	<folder></folder>
	<filename>0000000778-1-Image_jpeg.rf.77dac337de3402542cb9f055adb8ee44.jpg</filename>
	<path>0000000778-1-Image_jpeg.rf.77dac337de3402542cb9f055adb8ee44.jpg</path>
	<source>
		<database>roboflow.ai</database>
	</source>
	<size>
		<width>600</width>
		<height>600</height>
		<depth>3</depth>
	</size>
	<segmented>0</segmented>
	<object>
		<name>0</name>
		<pose>Unspecified</pose>
		<truncated>0</truncated>
		<difficult>0</difficult>
		<occluded>0</occluded>
		<bndbox>
			<xmin>367</xmin>
			<xmax>380</xmax>
			<ymin>252</ymin>
			<ymax>301</ymax>
		</bndbox>
	</object>
	<object>
		<name>0</name>
		<pose>Unspecified</pose>
		<truncated>0</truncated>
		<difficult>0</difficult>
		<occluded>0</occluded>
		<bndbox>
			<xmin>363</xmin>
			<xmax>378</xmax>
			<ymin>3</ymin>
			<ymax>250</ymax>
		</bndbox>
	</object>
</annotation>
