<annotation>
	<folder></folder>
	<filename>0000000554-1-Image_jpeg.rf.5c18c79366c57b70ffe00782c5b10d82.jpg</filename>
	<path>0000000554-1-Image_jpeg.rf.5c18c79366c57b70ffe00782c5b10d82.jpg</path>
	<source>
		<database>roboflow.ai</database>
	</source>
	<size>
		<width>600</width>
		<height>600</height>
		<depth>3</depth>
	</size>
	<segmented>0</segmented>
	<object>
		<name>0</name>
		<pose>Unspecified</pose>
		<truncated>0</truncated>
		<difficult>0</difficult>
		<occluded>0</occluded>
		<bndbox>
			<xmin>354</xmin>
			<xmax>367</xmax>
			<ymin>275</ymin>
			<ymax>322</ymax>
		</bndbox>
	</object>
	<object>
		<name>0</name>
		<pose>Unspecified</pose>
		<truncated>0</truncated>
		<difficult>0</difficult>
		<occluded>0</occluded>
		<bndbox>
			<xmin>356</xmin>
			<xmax>369</xmax>
			<ymin>7</ymin>
			<ymax>273</ymax>
		</bndbox>
	</object>
</annotation>
