<annotation>
	<folder></folder>
	<filename>0000001260-1-Image_jpeg.rf.5cf150a6b5d0b80236693244e2d19d21.jpg</filename>
	<path>0000001260-1-Image_jpeg.rf.5cf150a6b5d0b80236693244e2d19d21.jpg</path>
	<source>
		<database>roboflow.ai</database>
	</source>
	<size>
		<width>600</width>
		<height>600</height>
		<depth>3</depth>
	</size>
	<segmented>0</segmented>
	<object>
		<name>0</name>
		<pose>Unspecified</pose>
		<truncated>0</truncated>
		<difficult>0</difficult>
		<occluded>0</occluded>
		<bndbox>
			<xmin>248</xmin>
			<xmax>256</xmax>
			<ymin>294</ymin>
			<ymax>326</ymax>
		</bndbox>
	</object>
	<object>
		<name>0</name>
		<pose>Unspecified</pose>
		<truncated>0</truncated>
		<difficult>0</difficult>
		<occluded>0</occluded>
		<bndbox>
			<xmin>273</xmin>
			<xmax>295</xmax>
			<ymin>61</ymin>
			<ymax>104</ymax>
		</bndbox>
	</object>
</annotation>
