<annotation>
	<folder></folder>
	<filename>0000000132-1-Image_jpeg.rf.df861791ce7ee724635b0c851f6cb1e9.jpg</filename>
	<path>0000000132-1-Image_jpeg.rf.df861791ce7ee724635b0c851f6cb1e9.jpg</path>
	<source>
		<database>roboflow.ai</database>
	</source>
	<size>
		<width>600</width>
		<height>600</height>
		<depth>3</depth>
	</size>
	<segmented>0</segmented>
	<object>
		<name>0</name>
		<pose>Unspecified</pose>
		<truncated>0</truncated>
		<difficult>0</difficult>
		<occluded>0</occluded>
		<bndbox>
			<xmin>301</xmin>
			<xmax>310</xmax>
			<ymin>354</ymin>
			<ymax>386</ymax>
		</bndbox>
	</object>
</annotation>
