<annotation>
	<folder></folder>
	<filename>0000001473-1-Image_jpeg.rf.75d99059b12f058c72fc64146ba2e915.jpg</filename>
	<path>0000001473-1-Image_jpeg.rf.75d99059b12f058c72fc64146ba2e915.jpg</path>
	<source>
		<database>roboflow.ai</database>
	</source>
	<size>
		<width>600</width>
		<height>600</height>
		<depth>3</depth>
	</size>
	<segmented>0</segmented>
	<object>
		<name>0</name>
		<pose>Unspecified</pose>
		<truncated>0</truncated>
		<difficult>0</difficult>
		<occluded>0</occluded>
		<bndbox>
			<xmin>333</xmin>
			<xmax>340</xmax>
			<ymin>241</ymin>
			<ymax>273</ymax>
		</bndbox>
	</object>
	<object>
		<name>0</name>
		<pose>Unspecified</pose>
		<truncated>0</truncated>
		<difficult>0</difficult>
		<occluded>0</occluded>
		<bndbox>
			<xmin>339</xmin>
			<xmax>391</xmax>
			<ymin>11</ymin>
			<ymax>240</ymax>
		</bndbox>
	</object>
</annotation>
