<annotation>
	<folder></folder>
	<filename>0000001212-1-Image_jpeg.rf.a4066b1b3174aa4b180295146764eeef.jpg</filename>
	<path>0000001212-1-Image_jpeg.rf.a4066b1b3174aa4b180295146764eeef.jpg</path>
	<source>
		<database>roboflow.ai</database>
	</source>
	<size>
		<width>600</width>
		<height>600</height>
		<depth>3</depth>
	</size>
	<segmented>0</segmented>
	<object>
		<name>0</name>
		<pose>Unspecified</pose>
		<truncated>0</truncated>
		<difficult>0</difficult>
		<occluded>0</occluded>
		<bndbox>
			<xmin>314</xmin>
			<xmax>324</xmax>
			<ymin>267</ymin>
			<ymax>299</ymax>
		</bndbox>
	</object>
	<object>
		<name>0</name>
		<pose>Unspecified</pose>
		<truncated>0</truncated>
		<difficult>0</difficult>
		<occluded>0</occluded>
		<bndbox>
			<xmin>320</xmin>
			<xmax>365</xmax>
			<ymin>37</ymin>
			<ymax>266</ymax>
		</bndbox>
	</object>
</annotation>
