<annotation>
	<folder></folder>
	<filename>0000001108-1-Image_jpeg.rf.ad75c763eb3e153ca64ab40835d978b4.jpg</filename>
	<path>0000001108-1-Image_jpeg.rf.ad75c763eb3e153ca64ab40835d978b4.jpg</path>
	<source>
		<database>roboflow.ai</database>
	</source>
	<size>
		<width>600</width>
		<height>600</height>
		<depth>3</depth>
	</size>
	<segmented>0</segmented>
	<object>
		<name>0</name>
		<pose>Unspecified</pose>
		<truncated>0</truncated>
		<difficult>0</difficult>
		<occluded>0</occluded>
		<bndbox>
			<xmin>391</xmin>
			<xmax>400</xmax>
			<ymin>239</ymin>
			<ymax>269</ymax>
		</bndbox>
	</object>
	<object>
		<name>0</name>
		<pose>Unspecified</pose>
		<truncated>0</truncated>
		<difficult>0</difficult>
		<occluded>0</occluded>
		<bndbox>
			<xmin>358</xmin>
			<xmax>399</xmax>
			<ymin>7</ymin>
			<ymax>237</ymax>
		</bndbox>
	</object>
</annotation>
