<annotation>
	<folder></folder>
	<filename>0000001471-1-Image_jpeg.rf.6a2690c4b221bedcbbadd15982a65003.jpg</filename>
	<path>0000001471-1-Image_jpeg.rf.6a2690c4b221bedcbbadd15982a65003.jpg</path>
	<source>
		<database>roboflow.ai</database>
	</source>
	<size>
		<width>600</width>
		<height>600</height>
		<depth>3</depth>
	</size>
	<segmented>0</segmented>
	<object>
		<name>0</name>
		<pose>Unspecified</pose>
		<truncated>0</truncated>
		<difficult>0</difficult>
		<occluded>0</occluded>
		<bndbox>
			<xmin>202</xmin>
			<xmax>209</xmax>
			<ymin>517</ymin>
			<ymax>549</ymax>
		</bndbox>
	</object>
</annotation>
