<annotation>
	<folder></folder>
	<filename>0000001306-1-Image_jpeg.rf.eca366c3c59a7e5a98d3e8f912b09cf5.jpg</filename>
	<path>0000001306-1-Image_jpeg.rf.eca366c3c59a7e5a98d3e8f912b09cf5.jpg</path>
	<source>
		<database>roboflow.ai</database>
	</source>
	<size>
		<width>600</width>
		<height>600</height>
		<depth>3</depth>
	</size>
	<segmented>0</segmented>
	<object>
		<name>0</name>
		<pose>Unspecified</pose>
		<truncated>0</truncated>
		<difficult>0</difficult>
		<occluded>0</occluded>
		<bndbox>
			<xmin>252</xmin>
			<xmax>262</xmax>
			<ymin>273</ymin>
			<ymax>303</ymax>
		</bndbox>
	</object>
	<object>
		<name>0</name>
		<pose>Unspecified</pose>
		<truncated>0</truncated>
		<difficult>0</difficult>
		<occluded>0</occluded>
		<bndbox>
			<xmin>256</xmin>
			<xmax>265</xmax>
			<ymin>48</ymin>
			<ymax>271</ymax>
		</bndbox>
	</object>
</annotation>
