<annotation>
	<folder></folder>
	<filename>0000001166-1-Image_jpeg.rf.ce19d2ae40f79cf49910dd27b968bd18.jpg</filename>
	<path>0000001166-1-Image_jpeg.rf.ce19d2ae40f79cf49910dd27b968bd18.jpg</path>
	<source>
		<database>roboflow.ai</database>
	</source>
	<size>
		<width>600</width>
		<height>600</height>
		<depth>3</depth>
	</size>
	<segmented>0</segmented>
	<object>
		<name>0</name>
		<pose>Unspecified</pose>
		<truncated>0</truncated>
		<difficult>0</difficult>
		<occluded>0</occluded>
		<bndbox>
			<xmin>277</xmin>
			<xmax>284</xmax>
			<ymin>249</ymin>
			<ymax>281</ymax>
		</bndbox>
	</object>
	<object>
		<name>0</name>
		<pose>Unspecified</pose>
		<truncated>0</truncated>
		<difficult>0</difficult>
		<occluded>0</occluded>
		<bndbox>
			<xmin>224</xmin>
			<xmax>282</xmax>
			<ymin>20</ymin>
			<ymax>247</ymax>
		</bndbox>
	</object>
</annotation>
