<annotation>
	<folder></folder>
	<filename>0000000308-1-Image_jpeg.rf.8d0a6c29715b3c75f7031f497368ecb0.jpg</filename>
	<path>0000000308-1-Image_jpeg.rf.8d0a6c29715b3c75f7031f497368ecb0.jpg</path>
	<source>
		<database>roboflow.ai</database>
	</source>
	<size>
		<width>600</width>
		<height>600</height>
		<depth>3</depth>
	</size>
	<segmented>0</segmented>
	<object>
		<name>0</name>
		<pose>Unspecified</pose>
		<truncated>0</truncated>
		<difficult>0</difficult>
		<occluded>0</occluded>
		<bndbox>
			<xmin>286</xmin>
			<xmax>294</xmax>
			<ymin>222</ymin>
			<ymax>254</ymax>
		</bndbox>
	</object>
	<object>
		<name>0</name>
		<pose>Unspecified</pose>
		<truncated>0</truncated>
		<difficult>0</difficult>
		<occluded>0</occluded>
		<bndbox>
			<xmin>220</xmin>
			<xmax>291</xmax>
			<ymin>1</ymin>
			<ymax>220</ymax>
		</bndbox>
	</object>
</annotation>
