<annotation>
	<folder></folder>
	<filename>0000000274-1-Image_jpeg.rf.a4f237c94297c9627c8a2eb0ab3f170f.jpg</filename>
	<path>0000000274-1-Image_jpeg.rf.a4f237c94297c9627c8a2eb0ab3f170f.jpg</path>
	<source>
		<database>roboflow.ai</database>
	</source>
	<size>
		<width>600</width>
		<height>600</height>
		<depth>3</depth>
	</size>
	<segmented>0</segmented>
	<object>
		<name>0</name>
		<pose>Unspecified</pose>
		<truncated>0</truncated>
		<difficult>0</difficult>
		<occluded>0</occluded>
		<bndbox>
			<xmin>295</xmin>
			<xmax>305</xmax>
			<ymin>297</ymin>
			<ymax>329</ymax>
		</bndbox>
	</object>
	<object>
		<name>0</name>
		<pose>Unspecified</pose>
		<truncated>0</truncated>
		<difficult>0</difficult>
		<occluded>0</occluded>
		<bndbox>
			<xmin>303</xmin>
			<xmax>312</xmax>
			<ymin>142</ymin>
			<ymax>296</ymax>
		</bndbox>
	</object>
</annotation>
