<annotation>
	<folder></folder>
	<filename>0000001022-1-Image_jpeg.rf.8192236d2f2539bfa9591147515b7054.jpg</filename>
	<path>0000001022-1-Image_jpeg.rf.8192236d2f2539bfa9591147515b7054.jpg</path>
	<source>
		<database>roboflow.ai</database>
	</source>
	<size>
		<width>600</width>
		<height>600</height>
		<depth>3</depth>
	</size>
	<segmented>0</segmented>
	<object>
		<name>0</name>
		<pose>Unspecified</pose>
		<truncated>0</truncated>
		<difficult>0</difficult>
		<occluded>0</occluded>
		<bndbox>
			<xmin>269</xmin>
			<xmax>279</xmax>
			<ymin>279</ymin>
			<ymax>309</ymax>
		</bndbox>
	</object>
	<object>
		<name>0</name>
		<pose>Unspecified</pose>
		<truncated>0</truncated>
		<difficult>0</difficult>
		<occluded>0</occluded>
		<bndbox>
			<xmin>269</xmin>
			<xmax>279</xmax>
			<ymin>54</ymin>
			<ymax>275</ymax>
		</bndbox>
	</object>
</annotation>
