<annotation>
	<folder></folder>
	<filename>0000000038-1-Image_jpeg.rf.bfac95fd288da6b61ae15868d6e605e2.jpg</filename>
	<path>0000000038-1-Image_jpeg.rf.bfac95fd288da6b61ae15868d6e605e2.jpg</path>
	<source>
		<database>roboflow.ai</database>
	</source>
	<size>
		<width>600</width>
		<height>600</height>
		<depth>3</depth>
	</size>
	<segmented>0</segmented>
	<object>
		<name>0</name>
		<pose>Unspecified</pose>
		<truncated>0</truncated>
		<difficult>0</difficult>
		<occluded>0</occluded>
		<bndbox>
			<xmin>382</xmin>
			<xmax>391</xmax>
			<ymin>131</ymin>
			<ymax>159</ymax>
		</bndbox>
	</object>
	<object>
		<name>0</name>
		<pose>Unspecified</pose>
		<truncated>0</truncated>
		<difficult>0</difficult>
		<occluded>0</occluded>
		<bndbox>
			<xmin>371</xmin>
			<xmax>386</xmax>
			<ymin>1</ymin>
			<ymax>127</ymax>
		</bndbox>
	</object>
</annotation>
