<annotation>
	<folder></folder>
	<filename>0000001309-1-Image_jpeg.rf.798fa80e48eced6a408e1b472be368f2.jpg</filename>
	<path>0000001309-1-Image_jpeg.rf.798fa80e48eced6a408e1b472be368f2.jpg</path>
	<source>
		<database>roboflow.ai</database>
	</source>
	<size>
		<width>600</width>
		<height>600</height>
		<depth>3</depth>
	</size>
	<segmented>0</segmented>
	<object>
		<name>0</name>
		<pose>Unspecified</pose>
		<truncated>0</truncated>
		<difficult>0</difficult>
		<occluded>0</occluded>
		<bndbox>
			<xmin>271</xmin>
			<xmax>280</xmax>
			<ymin>251</ymin>
			<ymax>281</ymax>
		</bndbox>
	</object>
	<object>
		<name>0</name>
		<pose>Unspecified</pose>
		<truncated>0</truncated>
		<difficult>0</difficult>
		<occluded>0</occluded>
		<bndbox>
			<xmin>275</xmin>
			<xmax>301</xmax>
			<ymin>12</ymin>
			<ymax>247</ymax>
		</bndbox>
	</object>
</annotation>
