<annotation>
	<folder></folder>
	<filename>0000000827-1-Image_jpeg.rf.aa4e2b6451e964abcdcd922c808b18b6.jpg</filename>
	<path>0000000827-1-Image_jpeg.rf.aa4e2b6451e964abcdcd922c808b18b6.jpg</path>
	<source>
		<database>roboflow.ai</database>
	</source>
	<size>
		<width>600</width>
		<height>600</height>
		<depth>3</depth>
	</size>
	<segmented>0</segmented>
	<object>
		<name>0</name>
		<pose>Unspecified</pose>
		<truncated>0</truncated>
		<difficult>0</difficult>
		<occluded>0</occluded>
		<bndbox>
			<xmin>378</xmin>
			<xmax>385</xmax>
			<ymin>329</ymin>
			<ymax>361</ymax>
		</bndbox>
	</object>
	<object>
		<name>0</name>
		<pose>Unspecified</pose>
		<truncated>0</truncated>
		<difficult>0</difficult>
		<occluded>0</occluded>
		<bndbox>
			<xmin>389</xmin>
			<xmax>391</xmax>
			<ymin>157</ymin>
			<ymax>192</ymax>
		</bndbox>
	</object>
</annotation>
