<annotation>
	<folder></folder>
	<filename>0000000305-1-Image_jpeg.rf.84cf7677d2b332549b166325eb23926c.jpg</filename>
	<path>0000000305-1-Image_jpeg.rf.84cf7677d2b332549b166325eb23926c.jpg</path>
	<source>
		<database>roboflow.ai</database>
	</source>
	<size>
		<width>600</width>
		<height>600</height>
		<depth>3</depth>
	</size>
	<segmented>0</segmented>
	<object>
		<name>0</name>
		<pose>Unspecified</pose>
		<truncated>0</truncated>
		<difficult>0</difficult>
		<occluded>0</occluded>
		<bndbox>
			<xmin>301</xmin>
			<xmax>309</xmax>
			<ymin>264</ymin>
			<ymax>296</ymax>
		</bndbox>
	</object>
	<object>
		<name>0</name>
		<pose>Unspecified</pose>
		<truncated>0</truncated>
		<difficult>0</difficult>
		<occluded>0</occluded>
		<bndbox>
			<xmin>305</xmin>
			<xmax>369</xmax>
			<ymin>39</ymin>
			<ymax>262</ymax>
		</bndbox>
	</object>
</annotation>
