<annotation>
	<folder></folder>
	<filename>0000000033-1-Image_jpeg.rf.6f715e3632e9093d9d1ab118df0d3f82.jpg</filename>
	<path>0000000033-1-Image_jpeg.rf.6f715e3632e9093d9d1ab118df0d3f82.jpg</path>
	<source>
		<database>roboflow.ai</database>
	</source>
	<size>
		<width>600</width>
		<height>600</height>
		<depth>3</depth>
	</size>
	<segmented>0</segmented>
	<object>
		<name>0</name>
		<pose>Unspecified</pose>
		<truncated>0</truncated>
		<difficult>0</difficult>
		<occluded>0</occluded>
		<bndbox>
			<xmin>263</xmin>
			<xmax>271</xmax>
			<ymin>217</ymin>
			<ymax>249</ymax>
		</bndbox>
	</object>
	<object>
		<name>0</name>
		<pose>Unspecified</pose>
		<truncated>0</truncated>
		<difficult>0</difficult>
		<occluded>0</occluded>
		<bndbox>
			<xmin>267</xmin>
			<xmax>301</xmax>
			<ymin>9</ymin>
			<ymax>215</ymax>
		</bndbox>
	</object>
</annotation>
