<annotation>
	<folder></folder>
	<filename>0000000113-1-Image_jpeg.rf.2864df369dd1400b3d6888d4e26e10aa.jpg</filename>
	<path>0000000113-1-Image_jpeg.rf.2864df369dd1400b3d6888d4e26e10aa.jpg</path>
	<source>
		<database>roboflow.ai</database>
	</source>
	<size>
		<width>600</width>
		<height>600</height>
		<depth>3</depth>
	</size>
	<segmented>0</segmented>
	<object>
		<name>0</name>
		<pose>Unspecified</pose>
		<truncated>0</truncated>
		<difficult>0</difficult>
		<occluded>0</occluded>
		<bndbox>
			<xmin>237</xmin>
			<xmax>245</xmax>
			<ymin>168</ymin>
			<ymax>200</ymax>
		</bndbox>
	</object>
	<object>
		<name>0</name>
		<pose>Unspecified</pose>
		<truncated>0</truncated>
		<difficult>0</difficult>
		<occluded>0</occluded>
		<bndbox>
			<xmin>226</xmin>
			<xmax>243</xmax>
			<ymin>3</ymin>
			<ymax>166</ymax>
		</bndbox>
	</object>
</annotation>
