<annotation>
	<folder></folder>
	<filename>0000001369-1-Image_jpeg.rf.f3c192796fb491dc4cbd5e9e2adab845.jpg</filename>
	<path>0000001369-1-Image_jpeg.rf.f3c192796fb491dc4cbd5e9e2adab845.jpg</path>
	<source>
		<database>roboflow.ai</database>
	</source>
	<size>
		<width>600</width>
		<height>600</height>
		<depth>3</depth>
	</size>
	<segmented>0</segmented>
	<object>
		<name>0</name>
		<pose>Unspecified</pose>
		<truncated>0</truncated>
		<difficult>0</difficult>
		<occluded>0</occluded>
		<bndbox>
			<xmin>308</xmin>
			<xmax>316</xmax>
			<ymin>256</ymin>
			<ymax>288</ymax>
		</bndbox>
	</object>
	<object>
		<name>0</name>
		<pose>Unspecified</pose>
		<truncated>0</truncated>
		<difficult>0</difficult>
		<occluded>0</occluded>
		<bndbox>
			<xmin>260</xmin>
			<xmax>312</xmax>
			<ymin>27</ymin>
			<ymax>254</ymax>
		</bndbox>
	</object>
</annotation>
