<annotation>
	<folder></folder>
	<filename>0000000454-1-Image_jpeg.rf.31d900ad1806a9b928273cf566938302.jpg</filename>
	<path>0000000454-1-Image_jpeg.rf.31d900ad1806a9b928273cf566938302.jpg</path>
	<source>
		<database>roboflow.ai</database>
	</source>
	<size>
		<width>600</width>
		<height>600</height>
		<depth>3</depth>
	</size>
	<segmented>0</segmented>
	<object>
		<name>0</name>
		<pose>Unspecified</pose>
		<truncated>0</truncated>
		<difficult>0</difficult>
		<occluded>0</occluded>
		<bndbox>
			<xmin>284</xmin>
			<xmax>292</xmax>
			<ymin>217</ymin>
			<ymax>249</ymax>
		</bndbox>
	</object>
	<object>
		<name>0</name>
		<pose>Unspecified</pose>
		<truncated>0</truncated>
		<difficult>0</difficult>
		<occluded>0</occluded>
		<bndbox>
			<xmin>288</xmin>
			<xmax>331</xmax>
			<ymin>1</ymin>
			<ymax>215</ymax>
		</bndbox>
	</object>
</annotation>
