<annotation>
	<folder></folder>
	<filename>0000001382-1-Image_jpeg.rf.05835db6bb0bf6f50b0aca19a990c449.jpg</filename>
	<path>0000001382-1-Image_jpeg.rf.05835db6bb0bf6f50b0aca19a990c449.jpg</path>
	<source>
		<database>roboflow.ai</database>
	</source>
	<size>
		<width>600</width>
		<height>600</height>
		<depth>3</depth>
	</size>
	<segmented>0</segmented>
	<object>
		<name>0</name>
		<pose>Unspecified</pose>
		<truncated>0</truncated>
		<difficult>0</difficult>
		<occluded>0</occluded>
		<bndbox>
			<xmin>260</xmin>
			<xmax>269</xmax>
			<ymin>290</ymin>
			<ymax>322</ymax>
		</bndbox>
	</object>
	<object>
		<name>0</name>
		<pose>Unspecified</pose>
		<truncated>0</truncated>
		<difficult>0</difficult>
		<occluded>0</occluded>
		<bndbox>
			<xmin>217</xmin>
			<xmax>264</xmax>
			<ymin>59</ymin>
			<ymax>277</ymax>
		</bndbox>
	</object>
</annotation>
