<annotation>
	<folder></folder>
	<filename>0000001428-1-Image_jpeg.rf.21add67de5998946831eed8d4a7dc4e9.jpg</filename>
	<path>0000001428-1-Image_jpeg.rf.21add67de5998946831eed8d4a7dc4e9.jpg</path>
	<source>
		<database>roboflow.ai</database>
	</source>
	<size>
		<width>600</width>
		<height>600</height>
		<depth>3</depth>
	</size>
	<segmented>0</segmented>
	<object>
		<name>0</name>
		<pose>Unspecified</pose>
		<truncated>0</truncated>
		<difficult>0</difficult>
		<occluded>0</occluded>
		<bndbox>
			<xmin>344</xmin>
			<xmax>352</xmax>
			<ymin>252</ymin>
			<ymax>284</ymax>
		</bndbox>
	</object>
	<object>
		<name>0</name>
		<pose>Unspecified</pose>
		<truncated>0</truncated>
		<difficult>0</difficult>
		<occluded>0</occluded>
		<bndbox>
			<xmin>352</xmin>
			<xmax>417</xmax>
			<ymin>28</ymin>
			<ymax>251</ymax>
		</bndbox>
	</object>
</annotation>
