<annotation>
	<folder></folder>
	<filename>0000000169-1-Image_jpeg.rf.a946d79f22c6da1254a3dc7f623c6a12.jpg</filename>
	<path>0000000169-1-Image_jpeg.rf.a946d79f22c6da1254a3dc7f623c6a12.jpg</path>
	<source>
		<database>roboflow.ai</database>
	</source>
	<size>
		<width>600</width>
		<height>600</height>
		<depth>3</depth>
	</size>
	<segmented>0</segmented>
	<object>
		<name>0</name>
		<pose>Unspecified</pose>
		<truncated>0</truncated>
		<difficult>0</difficult>
		<occluded>0</occluded>
		<bndbox>
			<xmin>325</xmin>
			<xmax>333</xmax>
			<ymin>282</ymin>
			<ymax>314</ymax>
		</bndbox>
	</object>
	<object>
		<name>0</name>
		<pose>Unspecified</pose>
		<truncated>0</truncated>
		<difficult>0</difficult>
		<occluded>0</occluded>
		<bndbox>
			<xmin>282</xmin>
			<xmax>329</xmax>
			<ymin>52</ymin>
			<ymax>269</ymax>
		</bndbox>
	</object>
</annotation>
