<annotation>
	<folder></folder>
	<filename>0000000070-1-Image_jpeg.rf.80f77dc4eb1891634a662745d49e4979.jpg</filename>
	<path>0000000070-1-Image_jpeg.rf.80f77dc4eb1891634a662745d49e4979.jpg</path>
	<source>
		<database>roboflow.ai</database>
	</source>
	<size>
		<width>600</width>
		<height>600</height>
		<depth>3</depth>
	</size>
	<segmented>0</segmented>
	<object>
		<name>0</name>
		<pose>Unspecified</pose>
		<truncated>0</truncated>
		<difficult>0</difficult>
		<occluded>0</occluded>
		<bndbox>
			<xmin>254</xmin>
			<xmax>264</xmax>
			<ymin>389</ymin>
			<ymax>421</ymax>
		</bndbox>
	</object>
	<object>
		<name>0</name>
		<pose>Unspecified</pose>
		<truncated>0</truncated>
		<difficult>0</difficult>
		<occluded>0</occluded>
		<bndbox>
			<xmin>239</xmin>
			<xmax>249</xmax>
			<ymin>148</ymin>
			<ymax>193</ymax>
		</bndbox>
	</object>
</annotation>
