<annotation>
	<folder></folder>
	<filename>0000000524-1-Image_jpeg.rf.01d1f1631fcd168dca53faa2d5d0c2f5.jpg</filename>
	<path>0000000524-1-Image_jpeg.rf.01d1f1631fcd168dca53faa2d5d0c2f5.jpg</path>
	<source>
		<database>roboflow.ai</database>
	</source>
	<size>
		<width>600</width>
		<height>600</height>
		<depth>3</depth>
	</size>
	<segmented>0</segmented>
	<object>
		<name>0</name>
		<pose>Unspecified</pose>
		<truncated>0</truncated>
		<difficult>0</difficult>
		<occluded>0</occluded>
		<bndbox>
			<xmin>303</xmin>
			<xmax>312</xmax>
			<ymin>434</ymin>
			<ymax>466</ymax>
		</bndbox>
	</object>
	<object>
		<name>0</name>
		<pose>Unspecified</pose>
		<truncated>0</truncated>
		<difficult>0</difficult>
		<occluded>0</occluded>
		<bndbox>
			<xmin>309</xmin>
			<xmax>322</xmax>
			<ymin>232</ymin>
			<ymax>326</ymax>
		</bndbox>
	</object>
</annotation>
