<annotation>
	<folder></folder>
	<filename>0000000354-1-Image_jpeg.rf.28dd5ed1b92db05e961011ab809fef33.jpg</filename>
	<path>0000000354-1-Image_jpeg.rf.28dd5ed1b92db05e961011ab809fef33.jpg</path>
	<source>
		<database>roboflow.ai</database>
	</source>
	<size>
		<width>600</width>
		<height>600</height>
		<depth>3</depth>
	</size>
	<segmented>0</segmented>
	<object>
		<name>0</name>
		<pose>Unspecified</pose>
		<truncated>0</truncated>
		<difficult>0</difficult>
		<occluded>0</occluded>
		<bndbox>
			<xmin>209</xmin>
			<xmax>217</xmax>
			<ymin>226</ymin>
			<ymax>258</ymax>
		</bndbox>
	</object>
	<object>
		<name>0</name>
		<pose>Unspecified</pose>
		<truncated>0</truncated>
		<difficult>0</difficult>
		<occluded>0</occluded>
		<bndbox>
			<xmin>174</xmin>
			<xmax>215</xmax>
			<ymin>7</ymin>
			<ymax>224</ymax>
		</bndbox>
	</object>
</annotation>
