<annotation>
	<folder></folder>
	<filename>0000000319-1-Image_jpeg.rf.2e05d6c7047aa0d728c5186341d24408.jpg</filename>
	<path>0000000319-1-Image_jpeg.rf.2e05d6c7047aa0d728c5186341d24408.jpg</path>
	<source>
		<database>roboflow.ai</database>
	</source>
	<size>
		<width>600</width>
		<height>600</height>
		<depth>3</depth>
	</size>
	<segmented>0</segmented>
	<object>
		<name>0</name>
		<pose>Unspecified</pose>
		<truncated>0</truncated>
		<difficult>0</difficult>
		<occluded>0</occluded>
		<bndbox>
			<xmin>280</xmin>
			<xmax>288</xmax>
			<ymin>292</ymin>
			<ymax>324</ymax>
		</bndbox>
	</object>
	<object>
		<name>0</name>
		<pose>Unspecified</pose>
		<truncated>0</truncated>
		<difficult>0</difficult>
		<occluded>0</occluded>
		<bndbox>
			<xmin>283</xmin>
			<xmax>311</xmax>
			<ymin>55</ymin>
			<ymax>290</ymax>
		</bndbox>
	</object>
</annotation>
