<annotation>
	<folder></folder>
	<filename>0000000474-1-Image_jpeg.rf.d5206275538709da5487d34e33af663c.jpg</filename>
	<path>0000000474-1-Image_jpeg.rf.d5206275538709da5487d34e33af663c.jpg</path>
	<source>
		<database>roboflow.ai</database>
	</source>
	<size>
		<width>600</width>
		<height>600</height>
		<depth>3</depth>
	</size>
	<segmented>0</segmented>
	<object>
		<name>0</name>
		<pose>Unspecified</pose>
		<truncated>0</truncated>
		<difficult>0</difficult>
		<occluded>0</occluded>
		<bndbox>
			<xmin>305</xmin>
			<xmax>314</xmax>
			<ymin>279</ymin>
			<ymax>309</ymax>
		</bndbox>
	</object>
	<object>
		<name>0</name>
		<pose>Unspecified</pose>
		<truncated>0</truncated>
		<difficult>0</difficult>
		<occluded>0</occluded>
		<bndbox>
			<xmin>309</xmin>
			<xmax>337</xmax>
			<ymin>42</ymin>
			<ymax>277</ymax>
		</bndbox>
	</object>
</annotation>
