<annotation>
	<folder></folder>
	<filename>0000000517-1-Image_jpeg.rf.f571f6a267beecd4b46bbd10b286a0e0.jpg</filename>
	<path>0000000517-1-Image_jpeg.rf.f571f6a267beecd4b46bbd10b286a0e0.jpg</path>
	<source>
		<database>roboflow.ai</database>
	</source>
	<size>
		<width>600</width>
		<height>600</height>
		<depth>3</depth>
	</size>
	<segmented>0</segmented>
	<object>
		<name>0</name>
		<pose>Unspecified</pose>
		<truncated>0</truncated>
		<difficult>0</difficult>
		<occluded>0</occluded>
		<bndbox>
			<xmin>250</xmin>
			<xmax>258</xmax>
			<ymin>237</ymin>
			<ymax>269</ymax>
		</bndbox>
	</object>
	<object>
		<name>0</name>
		<pose>Unspecified</pose>
		<truncated>0</truncated>
		<difficult>0</difficult>
		<occluded>0</occluded>
		<bndbox>
			<xmin>258</xmin>
			<xmax>307</xmax>
			<ymin>7</ymin>
			<ymax>236</ymax>
		</bndbox>
	</object>
</annotation>
