<annotation>
	<folder></folder>
	<filename>0000000709-1-Image_jpeg.rf.20c9f1a5a9e91e138fee8c8489aacca8.jpg</filename>
	<path>0000000709-1-Image_jpeg.rf.20c9f1a5a9e91e138fee8c8489aacca8.jpg</path>
	<source>
		<database>roboflow.ai</database>
	</source>
	<size>
		<width>600</width>
		<height>600</height>
		<depth>3</depth>
	</size>
	<segmented>0</segmented>
	<object>
		<name>0</name>
		<pose>Unspecified</pose>
		<truncated>0</truncated>
		<difficult>0</difficult>
		<occluded>0</occluded>
		<bndbox>
			<xmin>132</xmin>
			<xmax>140</xmax>
			<ymin>271</ymin>
			<ymax>303</ymax>
		</bndbox>
	</object>
	<object>
		<name>0</name>
		<pose>Unspecified</pose>
		<truncated>0</truncated>
		<difficult>0</difficult>
		<occluded>0</occluded>
		<bndbox>
			<xmin>91</xmin>
			<xmax>136</xmax>
			<ymin>41</ymin>
			<ymax>268</ymax>
		</bndbox>
	</object>
</annotation>
