<annotation>
	<folder></folder>
	<filename>0000000649-1-Image_jpeg.rf.dbe50f5c54cb06a22434287ac529ddbf.jpg</filename>
	<path>0000000649-1-Image_jpeg.rf.dbe50f5c54cb06a22434287ac529ddbf.jpg</path>
	<source>
		<database>roboflow.ai</database>
	</source>
	<size>
		<width>600</width>
		<height>600</height>
		<depth>3</depth>
	</size>
	<segmented>0</segmented>
	<object>
		<name>0</name>
		<pose>Unspecified</pose>
		<truncated>0</truncated>
		<difficult>0</difficult>
		<occluded>0</occluded>
		<bndbox>
			<xmin>213</xmin>
			<xmax>222</xmax>
			<ymin>247</ymin>
			<ymax>279</ymax>
		</bndbox>
	</object>
	<object>
		<name>0</name>
		<pose>Unspecified</pose>
		<truncated>0</truncated>
		<difficult>0</difficult>
		<occluded>0</occluded>
		<bndbox>
			<xmin>215</xmin>
			<xmax>220</xmax>
			<ymin>127</ymin>
			<ymax>221</ymax>
		</bndbox>
	</object>
</annotation>
