<annotation>
	<folder></folder>
	<filename>0000000466-1-Image_jpeg.rf.18ca36975a201f527c0caa8b7ef01f8a.jpg</filename>
	<path>0000000466-1-Image_jpeg.rf.18ca36975a201f527c0caa8b7ef01f8a.jpg</path>
	<source>
		<database>roboflow.ai</database>
	</source>
	<size>
		<width>600</width>
		<height>600</height>
		<depth>3</depth>
	</size>
	<segmented>0</segmented>
	<object>
		<name>0</name>
		<pose>Unspecified</pose>
		<truncated>0</truncated>
		<difficult>0</difficult>
		<occluded>0</occluded>
		<bndbox>
			<xmin>211</xmin>
			<xmax>220</xmax>
			<ymin>357</ymin>
			<ymax>387</ymax>
		</bndbox>
	</object>
</annotation>
