<annotation>
	<folder></folder>
	<filename>0000001013-1-Image_jpeg.rf.5038cb5f572b63524a4e119a8c1b0d59.jpg</filename>
	<path>0000001013-1-Image_jpeg.rf.5038cb5f572b63524a4e119a8c1b0d59.jpg</path>
	<source>
		<database>roboflow.ai</database>
	</source>
	<size>
		<width>600</width>
		<height>600</height>
		<depth>3</depth>
	</size>
	<segmented>0</segmented>
	<object>
		<name>0</name>
		<pose>Unspecified</pose>
		<truncated>0</truncated>
		<difficult>0</difficult>
		<occluded>0</occluded>
		<bndbox>
			<xmin>230</xmin>
			<xmax>237</xmax>
			<ymin>144</ymin>
			<ymax>174</ymax>
		</bndbox>
	</object>
	<object>
		<name>0</name>
		<pose>Unspecified</pose>
		<truncated>0</truncated>
		<difficult>0</difficult>
		<occluded>0</occluded>
		<bndbox>
			<xmin>234</xmin>
			<xmax>254</xmax>
			<ymin>1</ymin>
			<ymax>140</ymax>
		</bndbox>
	</object>
</annotation>
