<annotation>
	<folder></folder>
	<filename>0000000509-1-Image_jpeg.rf.ac4b576d871e36d570e6b8ac1ff252f4.jpg</filename>
	<path>0000000509-1-Image_jpeg.rf.ac4b576d871e36d570e6b8ac1ff252f4.jpg</path>
	<source>
		<database>roboflow.ai</database>
	</source>
	<size>
		<width>600</width>
		<height>600</height>
		<depth>3</depth>
	</size>
	<segmented>0</segmented>
	<object>
		<name>0</name>
		<pose>Unspecified</pose>
		<truncated>0</truncated>
		<difficult>0</difficult>
		<occluded>0</occluded>
		<bndbox>
			<xmin>211</xmin>
			<xmax>220</xmax>
			<ymin>380</ymin>
			<ymax>410</ymax>
		</bndbox>
	</object>
	<object>
		<name>0</name>
		<pose>Unspecified</pose>
		<truncated>0</truncated>
		<difficult>0</difficult>
		<occluded>0</occluded>
		<bndbox>
			<xmin>215</xmin>
			<xmax>224</xmax>
			<ymin>198</ymin>
			<ymax>280</ymax>
		</bndbox>
	</object>
</annotation>
