<annotation>
	<folder></folder>
	<filename>0000000275-1-Image_jpeg.rf.6113fbe457cef04283f0db2db6f85597.jpg</filename>
	<path>0000000275-1-Image_jpeg.rf.6113fbe457cef04283f0db2db6f85597.jpg</path>
	<source>
		<database>roboflow.ai</database>
	</source>
	<size>
		<width>600</width>
		<height>600</height>
		<depth>3</depth>
	</size>
	<segmented>0</segmented>
	<object>
		<name>0</name>
		<pose>Unspecified</pose>
		<truncated>0</truncated>
		<difficult>0</difficult>
		<occluded>0</occluded>
		<bndbox>
			<xmin>286</xmin>
			<xmax>295</xmax>
			<ymin>354</ymin>
			<ymax>384</ymax>
		</bndbox>
	</object>
	<object>
		<name>0</name>
		<pose>Unspecified</pose>
		<truncated>0</truncated>
		<difficult>0</difficult>
		<occluded>0</occluded>
		<bndbox>
			<xmin>288</xmin>
			<xmax>312</xmax>
			<ymin>117</ymin>
			<ymax>350</ymax>
		</bndbox>
	</object>
</annotation>
