<annotation>
	<folder></folder>
	<filename>0000000013-1-Image_jpeg.rf.fae8c03a5e90052d38086ed4e413c64c.jpg</filename>
	<path>0000000013-1-Image_jpeg.rf.fae8c03a5e90052d38086ed4e413c64c.jpg</path>
	<source>
		<database>roboflow.ai</database>
	</source>
	<size>
		<width>600</width>
		<height>600</height>
		<depth>3</depth>
	</size>
	<segmented>0</segmented>
	<object>
		<name>0</name>
		<pose>Unspecified</pose>
		<truncated>0</truncated>
		<difficult>0</difficult>
		<occluded>0</occluded>
		<bndbox>
			<xmin>303</xmin>
			<xmax>312</xmax>
			<ymin>271</ymin>
			<ymax>303</ymax>
		</bndbox>
	</object>
	<object>
		<name>0</name>
		<pose>Unspecified</pose>
		<truncated>0</truncated>
		<difficult>0</difficult>
		<occluded>0</occluded>
		<bndbox>
			<xmin>247</xmin>
			<xmax>309</xmax>
			<ymin>44</ymin>
			<ymax>269</ymax>
		</bndbox>
	</object>
</annotation>
