<annotation>
	<folder></folder>
	<filename>0000000602-1-Image_jpeg.rf.f2028cdd9d2901697936f190c826c739.jpg</filename>
	<path>0000000602-1-Image_jpeg.rf.f2028cdd9d2901697936f190c826c739.jpg</path>
	<source>
		<database>roboflow.ai</database>
	</source>
	<size>
		<width>600</width>
		<height>600</height>
		<depth>3</depth>
	</size>
	<segmented>0</segmented>
	<object>
		<name>0</name>
		<pose>Unspecified</pose>
		<truncated>0</truncated>
		<difficult>0</difficult>
		<occluded>0</occluded>
		<bndbox>
			<xmin>314</xmin>
			<xmax>324</xmax>
			<ymin>209</ymin>
			<ymax>239</ymax>
		</bndbox>
	</object>
	<object>
		<name>0</name>
		<pose>Unspecified</pose>
		<truncated>0</truncated>
		<difficult>0</difficult>
		<occluded>0</occluded>
		<bndbox>
			<xmin>318</xmin>
			<xmax>350</xmax>
			<ymin>1</ymin>
			<ymax>205</ymax>
		</bndbox>
	</object>
</annotation>
