<annotation>
	<folder></folder>
	<filename>0000001071-1-Image_jpeg.rf.d3409020999290c8f189636f926fb9d5.jpg</filename>
	<path>0000001071-1-Image_jpeg.rf.d3409020999290c8f189636f926fb9d5.jpg</path>
	<source>
		<database>roboflow.ai</database>
	</source>
	<size>
		<width>600</width>
		<height>600</height>
		<depth>3</depth>
	</size>
	<segmented>0</segmented>
	<object>
		<name>0</name>
		<pose>Unspecified</pose>
		<truncated>0</truncated>
		<difficult>0</difficult>
		<occluded>0</occluded>
		<bndbox>
			<xmin>305</xmin>
			<xmax>312</xmax>
			<ymin>318</ymin>
			<ymax>350</ymax>
		</bndbox>
	</object>
	<object>
		<name>0</name>
		<pose>Unspecified</pose>
		<truncated>0</truncated>
		<difficult>0</difficult>
		<occluded>0</occluded>
		<bndbox>
			<xmin>284</xmin>
			<xmax>310</xmax>
			<ymin>87</ymin>
			<ymax>314</ymax>
		</bndbox>
	</object>
</annotation>
