<annotation>
	<folder></folder>
	<filename>0000000657-1-Image_jpeg.rf.bc1a4b89c095409bedc97aff99d8ad43.jpg</filename>
	<path>0000000657-1-Image_jpeg.rf.bc1a4b89c095409bedc97aff99d8ad43.jpg</path>
	<source>
		<database>roboflow.ai</database>
	</source>
	<size>
		<width>600</width>
		<height>600</height>
		<depth>3</depth>
	</size>
	<segmented>0</segmented>
	<object>
		<name>0</name>
		<pose>Unspecified</pose>
		<truncated>0</truncated>
		<difficult>0</difficult>
		<occluded>0</occluded>
		<bndbox>
			<xmin>301</xmin>
			<xmax>309</xmax>
			<ymin>269</ymin>
			<ymax>301</ymax>
		</bndbox>
	</object>
	<object>
		<name>0</name>
		<pose>Unspecified</pose>
		<truncated>0</truncated>
		<difficult>0</difficult>
		<occluded>0</occluded>
		<bndbox>
			<xmin>305</xmin>
			<xmax>354</xmax>
			<ymin>43</ymin>
			<ymax>268</ymax>
		</bndbox>
	</object>
</annotation>
