<annotation>
	<folder></folder>
	<filename>0000000512-1-Image_jpeg.rf.554a9240dc7435b1663ff483e1238aea.jpg</filename>
	<path>0000000512-1-Image_jpeg.rf.554a9240dc7435b1663ff483e1238aea.jpg</path>
	<source>
		<database>roboflow.ai</database>
	</source>
	<size>
		<width>600</width>
		<height>600</height>
		<depth>3</depth>
	</size>
	<segmented>0</segmented>
	<object>
		<name>0</name>
		<pose>Unspecified</pose>
		<truncated>0</truncated>
		<difficult>0</difficult>
		<occluded>0</occluded>
		<bndbox>
			<xmin>382</xmin>
			<xmax>391</xmax>
			<ymin>262</ymin>
			<ymax>294</ymax>
		</bndbox>
	</object>
	<object>
		<name>0</name>
		<pose>Unspecified</pose>
		<truncated>0</truncated>
		<difficult>0</difficult>
		<occluded>0</occluded>
		<bndbox>
			<xmin>386</xmin>
			<xmax>416</xmax>
			<ymin>25</ymin>
			<ymax>258</ymax>
		</bndbox>
	</object>
</annotation>
