<annotation>
	<folder></folder>
	<filename>0000000807-1-Image_jpeg.rf.c8e7eea1375cda7c24dcf191e701c22b.jpg</filename>
	<path>0000000807-1-Image_jpeg.rf.c8e7eea1375cda7c24dcf191e701c22b.jpg</path>
	<source>
		<database>roboflow.ai</database>
	</source>
	<size>
		<width>600</width>
		<height>600</height>
		<depth>3</depth>
	</size>
	<segmented>0</segmented>
	<object>
		<name>0</name>
		<pose>Unspecified</pose>
		<truncated>0</truncated>
		<difficult>0</difficult>
		<occluded>0</occluded>
		<bndbox>
			<xmin>247</xmin>
			<xmax>254</xmax>
			<ymin>316</ymin>
			<ymax>348</ymax>
		</bndbox>
	</object>
	<object>
		<name>0</name>
		<pose>Unspecified</pose>
		<truncated>0</truncated>
		<difficult>0</difficult>
		<occluded>0</occluded>
		<bndbox>
			<xmin>204</xmin>
			<xmax>253</xmax>
			<ymin>86</ymin>
			<ymax>315</ymax>
		</bndbox>
	</object>
</annotation>
