<annotation>
	<folder></folder>
	<filename>0000000312-1-Image_jpeg.rf.754103fb3d345d337cea09024d887c21.jpg</filename>
	<path>0000000312-1-Image_jpeg.rf.754103fb3d345d337cea09024d887c21.jpg</path>
	<source>
		<database>roboflow.ai</database>
	</source>
	<size>
		<width>600</width>
		<height>600</height>
		<depth>3</depth>
	</size>
	<segmented>0</segmented>
	<object>
		<name>0</name>
		<pose>Unspecified</pose>
		<truncated>0</truncated>
		<difficult>0</difficult>
		<occluded>0</occluded>
		<bndbox>
			<xmin>280</xmin>
			<xmax>288</xmax>
			<ymin>277</ymin>
			<ymax>309</ymax>
		</bndbox>
	</object>
	<object>
		<name>0</name>
		<pose>Unspecified</pose>
		<truncated>0</truncated>
		<difficult>0</difficult>
		<occluded>0</occluded>
		<bndbox>
			<xmin>284</xmin>
			<xmax>320</xmax>
			<ymin>42</ymin>
			<ymax>275</ymax>
		</bndbox>
	</object>
</annotation>
