<annotation>
	<folder></folder>
	<filename>0000000732-1-Image_jpeg.rf.23a13d2f13e4b5eae6da9477bc8caa1b.jpg</filename>
	<path>0000000732-1-Image_jpeg.rf.23a13d2f13e4b5eae6da9477bc8caa1b.jpg</path>
	<source>
		<database>roboflow.ai</database>
	</source>
	<size>
		<width>600</width>
		<height>600</height>
		<depth>3</depth>
	</size>
	<segmented>0</segmented>
	<object>
		<name>0</name>
		<pose>Unspecified</pose>
		<truncated>0</truncated>
		<difficult>0</difficult>
		<occluded>0</occluded>
		<bndbox>
			<xmin>275</xmin>
			<xmax>284</xmax>
			<ymin>254</ymin>
			<ymax>284</ymax>
		</bndbox>
	</object>
	<object>
		<name>0</name>
		<pose>Unspecified</pose>
		<truncated>0</truncated>
		<difficult>0</difficult>
		<occluded>0</occluded>
		<bndbox>
			<xmin>230</xmin>
			<xmax>280</xmax>
			<ymin>26</ymin>
			<ymax>251</ymax>
		</bndbox>
	</object>
</annotation>
