<annotation>
	<folder></folder>
	<filename>0000000459-1-Image_jpeg.rf.5d8786cf8bd1d0022c504235197141f5.jpg</filename>
	<path>0000000459-1-Image_jpeg.rf.5d8786cf8bd1d0022c504235197141f5.jpg</path>
	<source>
		<database>roboflow.ai</database>
	</source>
	<size>
		<width>600</width>
		<height>600</height>
		<depth>3</depth>
	</size>
	<segmented>0</segmented>
	<object>
		<name>0</name>
		<pose>Unspecified</pose>
		<truncated>0</truncated>
		<difficult>0</difficult>
		<occluded>0</occluded>
		<bndbox>
			<xmin>400</xmin>
			<xmax>410</xmax>
			<ymin>95</ymin>
			<ymax>127</ymax>
		</bndbox>
	</object>
	<object>
		<name>0</name>
		<pose>Unspecified</pose>
		<truncated>0</truncated>
		<difficult>0</difficult>
		<occluded>0</occluded>
		<bndbox>
			<xmin>405</xmin>
			<xmax>416</xmax>
			<ymin>1</ymin>
			<ymax>95</ymax>
		</bndbox>
	</object>
</annotation>
