<annotation>
	<folder></folder>
	<filename>0000001153-1-Image_jpeg.rf.0c9918dbcb3ca45afb9c74478ee86537.jpg</filename>
	<path>0000001153-1-Image_jpeg.rf.0c9918dbcb3ca45afb9c74478ee86537.jpg</path>
	<source>
		<database>roboflow.ai</database>
	</source>
	<size>
		<width>600</width>
		<height>600</height>
		<depth>3</depth>
	</size>
	<segmented>0</segmented>
	<object>
		<name>0</name>
		<pose>Unspecified</pose>
		<truncated>0</truncated>
		<difficult>0</difficult>
		<occluded>0</occluded>
		<bndbox>
			<xmin>387</xmin>
			<xmax>395</xmax>
			<ymin>333</ymin>
			<ymax>365</ymax>
		</bndbox>
	</object>
</annotation>
