<annotation>
	<folder></folder>
	<filename>0000000890-1-Image_jpeg.rf.429dfd5f4580cefe69c05268fbe297b0.jpg</filename>
	<path>0000000890-1-Image_jpeg.rf.429dfd5f4580cefe69c05268fbe297b0.jpg</path>
	<source>
		<database>roboflow.ai</database>
	</source>
	<size>
		<width>600</width>
		<height>600</height>
		<depth>3</depth>
	</size>
	<segmented>0</segmented>
	<object>
		<name>0</name>
		<pose>Unspecified</pose>
		<truncated>0</truncated>
		<difficult>0</difficult>
		<occluded>0</occluded>
		<bndbox>
			<xmin>355</xmin>
			<xmax>365</xmax>
			<ymin>269</ymin>
			<ymax>299</ymax>
		</bndbox>
	</object>
	<object>
		<name>0</name>
		<pose>Unspecified</pose>
		<truncated>0</truncated>
		<difficult>0</difficult>
		<occluded>0</occluded>
		<bndbox>
			<xmin>359</xmin>
			<xmax>367</xmax>
			<ymin>232</ymin>
			<ymax>267</ymax>
		</bndbox>
	</object>
</annotation>
