<annotation>
	<folder></folder>
	<filename>0000000425-1-Image_jpeg.rf.2ce3ffe74deca14f5aa467f108d92401.jpg</filename>
	<path>0000000425-1-Image_jpeg.rf.2ce3ffe74deca14f5aa467f108d92401.jpg</path>
	<source>
		<database>roboflow.ai</database>
	</source>
	<size>
		<width>600</width>
		<height>600</height>
		<depth>3</depth>
	</size>
	<segmented>0</segmented>
	<object>
		<name>0</name>
		<pose>Unspecified</pose>
		<truncated>0</truncated>
		<difficult>0</difficult>
		<occluded>0</occluded>
		<bndbox>
			<xmin>288</xmin>
			<xmax>295</xmax>
			<ymin>391</ymin>
			<ymax>423</ymax>
		</bndbox>
	</object>
	<object>
		<name>0</name>
		<pose>Unspecified</pose>
		<truncated>0</truncated>
		<difficult>0</difficult>
		<occluded>0</occluded>
		<bndbox>
			<xmin>297</xmin>
			<xmax>303</xmax>
			<ymin>273</ymin>
			<ymax>367</ymax>
		</bndbox>
	</object>
</annotation>
