<annotation>
	<folder></folder>
	<filename>0000000508-1-Image_jpeg.rf.22e957a6bc6f65008ff9d7a95aa8f271.jpg</filename>
	<path>0000000508-1-Image_jpeg.rf.22e957a6bc6f65008ff9d7a95aa8f271.jpg</path>
	<source>
		<database>roboflow.ai</database>
	</source>
	<size>
		<width>600</width>
		<height>600</height>
		<depth>3</depth>
	</size>
	<segmented>0</segmented>
	<object>
		<name>0</name>
		<pose>Unspecified</pose>
		<truncated>0</truncated>
		<difficult>0</difficult>
		<occluded>0</occluded>
		<bndbox>
			<xmin>314</xmin>
			<xmax>324</xmax>
			<ymin>271</ymin>
			<ymax>301</ymax>
		</bndbox>
	</object>
	<object>
		<name>0</name>
		<pose>Unspecified</pose>
		<truncated>0</truncated>
		<difficult>0</difficult>
		<occluded>0</occluded>
		<bndbox>
			<xmin>260</xmin>
			<xmax>320</xmax>
			<ymin>44</ymin>
			<ymax>267</ymax>
		</bndbox>
	</object>
</annotation>
