<annotation>
	<folder></folder>
	<filename>0000000488-1-Image_jpeg.rf.37ce32511742cb878ed040a2f231a138.jpg</filename>
	<path>0000000488-1-Image_jpeg.rf.37ce32511742cb878ed040a2f231a138.jpg</path>
	<source>
		<database>roboflow.ai</database>
	</source>
	<size>
		<width>600</width>
		<height>600</height>
		<depth>3</depth>
	</size>
	<segmented>0</segmented>
	<object>
		<name>0</name>
		<pose>Unspecified</pose>
		<truncated>0</truncated>
		<difficult>0</difficult>
		<occluded>0</occluded>
		<bndbox>
			<xmin>271</xmin>
			<xmax>280</xmax>
			<ymin>247</ymin>
			<ymax>277</ymax>
		</bndbox>
	</object>
	<object>
		<name>0</name>
		<pose>Unspecified</pose>
		<truncated>0</truncated>
		<difficult>0</difficult>
		<occluded>0</occluded>
		<bndbox>
			<xmin>273</xmin>
			<xmax>278</xmax>
			<ymin>44</ymin>
			<ymax>245</ymax>
		</bndbox>
	</object>
</annotation>
