<annotation>
	<folder></folder>
	<filename>0000000323-1-Image_jpeg.rf.42d2161263bd308b7a3c48d5b8fecfe8.jpg</filename>
	<path>0000000323-1-Image_jpeg.rf.42d2161263bd308b7a3c48d5b8fecfe8.jpg</path>
	<source>
		<database>roboflow.ai</database>
	</source>
	<size>
		<width>600</width>
		<height>600</height>
		<depth>3</depth>
	</size>
	<segmented>0</segmented>
	<object>
		<name>0</name>
		<pose>Unspecified</pose>
		<truncated>0</truncated>
		<difficult>0</difficult>
		<occluded>0</occluded>
		<bndbox>
			<xmin>293</xmin>
			<xmax>301</xmax>
			<ymin>262</ymin>
			<ymax>292</ymax>
		</bndbox>
	</object>
	<object>
		<name>0</name>
		<pose>Unspecified</pose>
		<truncated>0</truncated>
		<difficult>0</difficult>
		<occluded>0</occluded>
		<bndbox>
			<xmin>297</xmin>
			<xmax>348</xmax>
			<ymin>29</ymin>
			<ymax>260</ymax>
		</bndbox>
	</object>
</annotation>
