<annotation>
	<folder></folder>
	<filename>0000001322-1-Image_jpeg.rf.a197c51eda0a1b30d0828bd8ef0704bb.jpg</filename>
	<path>0000001322-1-Image_jpeg.rf.a197c51eda0a1b30d0828bd8ef0704bb.jpg</path>
	<source>
		<database>roboflow.ai</database>
	</source>
	<size>
		<width>600</width>
		<height>600</height>
		<depth>3</depth>
	</size>
	<segmented>0</segmented>
	<object>
		<name>0</name>
		<pose>Unspecified</pose>
		<truncated>0</truncated>
		<difficult>0</difficult>
		<occluded>0</occluded>
		<bndbox>
			<xmin>325</xmin>
			<xmax>335</xmax>
			<ymin>305</ymin>
			<ymax>335</ymax>
		</bndbox>
	</object>
	<object>
		<name>0</name>
		<pose>Unspecified</pose>
		<truncated>0</truncated>
		<difficult>0</difficult>
		<occluded>0</occluded>
		<bndbox>
			<xmin>279</xmin>
			<xmax>331</xmax>
			<ymin>76</ymin>
			<ymax>301</ymax>
		</bndbox>
	</object>
</annotation>
