<annotation>
	<folder></folder>
	<filename>0000000211-1-Image_jpeg.rf.b33080d512c651d480fdff37244087a1.jpg</filename>
	<path>0000000211-1-Image_jpeg.rf.b33080d512c651d480fdff37244087a1.jpg</path>
	<source>
		<database>roboflow.ai</database>
	</source>
	<size>
		<width>600</width>
		<height>600</height>
		<depth>3</depth>
	</size>
	<segmented>0</segmented>
	<object>
		<name>0</name>
		<pose>Unspecified</pose>
		<truncated>0</truncated>
		<difficult>0</difficult>
		<occluded>0</occluded>
		<bndbox>
			<xmin>299</xmin>
			<xmax>309</xmax>
			<ymin>294</ymin>
			<ymax>324</ymax>
		</bndbox>
	</object>
	<object>
		<name>0</name>
		<pose>Unspecified</pose>
		<truncated>0</truncated>
		<difficult>0</difficult>
		<occluded>0</occluded>
		<bndbox>
			<xmin>292</xmin>
			<xmax>307</xmax>
			<ymin>57</ymin>
			<ymax>290</ymax>
		</bndbox>
	</object>
</annotation>
