<annotation>
	<folder></folder>
	<filename>0000000930-1-Image_jpeg.rf.444e658f234de8c8548a6d684639dea5.jpg</filename>
	<path>0000000930-1-Image_jpeg.rf.444e658f234de8c8548a6d684639dea5.jpg</path>
	<source>
		<database>roboflow.ai</database>
	</source>
	<size>
		<width>600</width>
		<height>600</height>
		<depth>3</depth>
	</size>
	<segmented>0</segmented>
	<object>
		<name>0</name>
		<pose>Unspecified</pose>
		<truncated>0</truncated>
		<difficult>0</difficult>
		<occluded>0</occluded>
		<bndbox>
			<xmin>383</xmin>
			<xmax>393</xmax>
			<ymin>359</ymin>
			<ymax>389</ymax>
		</bndbox>
	</object>
</annotation>
