<annotation>
	<folder></folder>
	<filename>0000000414-1-Image_jpeg.rf.3529997ee2de33bc8a32d484f42cbb77.jpg</filename>
	<path>0000000414-1-Image_jpeg.rf.3529997ee2de33bc8a32d484f42cbb77.jpg</path>
	<source>
		<database>roboflow.ai</database>
	</source>
	<size>
		<width>600</width>
		<height>600</height>
		<depth>3</depth>
	</size>
	<segmented>0</segmented>
	<object>
		<name>0</name>
		<pose>Unspecified</pose>
		<truncated>0</truncated>
		<difficult>0</difficult>
		<occluded>0</occluded>
		<bndbox>
			<xmin>312</xmin>
			<xmax>320</xmax>
			<ymin>286</ymin>
			<ymax>318</ymax>
		</bndbox>
	</object>
	<object>
		<name>0</name>
		<pose>Unspecified</pose>
		<truncated>0</truncated>
		<difficult>0</difficult>
		<occluded>0</occluded>
		<bndbox>
			<xmin>284</xmin>
			<xmax>305</xmax>
			<ymin>123</ymin>
			<ymax>202</ymax>
		</bndbox>
	</object>
</annotation>
