<annotation>
	<folder></folder>
	<filename>0000001067-1-Image_jpeg.rf.9723c3bd9ff27cf9a3933b684ef90b1b.jpg</filename>
	<path>0000001067-1-Image_jpeg.rf.9723c3bd9ff27cf9a3933b684ef90b1b.jpg</path>
	<source>
		<database>roboflow.ai</database>
	</source>
	<size>
		<width>600</width>
		<height>600</height>
		<depth>3</depth>
	</size>
	<segmented>0</segmented>
	<object>
		<name>0</name>
		<pose>Unspecified</pose>
		<truncated>0</truncated>
		<difficult>0</difficult>
		<occluded>0</occluded>
		<bndbox>
			<xmin>295</xmin>
			<xmax>303</xmax>
			<ymin>279</ymin>
			<ymax>311</ymax>
		</bndbox>
	</object>
	<object>
		<name>0</name>
		<pose>Unspecified</pose>
		<truncated>0</truncated>
		<difficult>0</difficult>
		<occluded>0</occluded>
		<bndbox>
			<xmin>254</xmin>
			<xmax>301</xmax>
			<ymin>48</ymin>
			<ymax>277</ymax>
		</bndbox>
	</object>
</annotation>
