<annotation>
	<folder></folder>
	<filename>0000001333-1-Image_jpeg.rf.43ea2030c6e7b0ce80ca2acc1420730b.jpg</filename>
	<path>0000001333-1-Image_jpeg.rf.43ea2030c6e7b0ce80ca2acc1420730b.jpg</path>
	<source>
		<database>roboflow.ai</database>
	</source>
	<size>
		<width>600</width>
		<height>600</height>
		<depth>3</depth>
	</size>
	<segmented>0</segmented>
	<object>
		<name>0</name>
		<pose>Unspecified</pose>
		<truncated>0</truncated>
		<difficult>0</difficult>
		<occluded>0</occluded>
		<bndbox>
			<xmin>299</xmin>
			<xmax>307</xmax>
			<ymin>273</ymin>
			<ymax>305</ymax>
		</bndbox>
	</object>
	<object>
		<name>0</name>
		<pose>Unspecified</pose>
		<truncated>0</truncated>
		<difficult>0</difficult>
		<occluded>0</occluded>
		<bndbox>
			<xmin>224</xmin>
			<xmax>303</xmax>
			<ymin>40</ymin>
			<ymax>271</ymax>
		</bndbox>
	</object>
</annotation>
