<annotation>
	<folder></folder>
	<filename>0000000223-1-Image_jpeg.rf.8ab09c7300c09f7299ae095e22cdad5d.jpg</filename>
	<path>0000000223-1-Image_jpeg.rf.8ab09c7300c09f7299ae095e22cdad5d.jpg</path>
	<source>
		<database>roboflow.ai</database>
	</source>
	<size>
		<width>600</width>
		<height>600</height>
		<depth>3</depth>
	</size>
	<segmented>0</segmented>
	<object>
		<name>0</name>
		<pose>Unspecified</pose>
		<truncated>0</truncated>
		<difficult>0</difficult>
		<occluded>0</occluded>
		<bndbox>
			<xmin>280</xmin>
			<xmax>290</xmax>
			<ymin>329</ymin>
			<ymax>361</ymax>
		</bndbox>
	</object>
	<object>
		<name>0</name>
		<pose>Unspecified</pose>
		<truncated>0</truncated>
		<difficult>0</difficult>
		<occluded>0</occluded>
		<bndbox>
			<xmin>267</xmin>
			<xmax>288</xmax>
			<ymin>93</ymin>
			<ymax>327</ymax>
		</bndbox>
	</object>
</annotation>
