<annotation>
	<folder></folder>
	<filename>0000001349-1-Image_jpeg.rf.b23faf8bc8896cb8eff93c4dacf66712.jpg</filename>
	<path>0000001349-1-Image_jpeg.rf.b23faf8bc8896cb8eff93c4dacf66712.jpg</path>
	<source>
		<database>roboflow.ai</database>
	</source>
	<size>
		<width>600</width>
		<height>600</height>
		<depth>3</depth>
	</size>
	<segmented>0</segmented>
	<object>
		<name>0</name>
		<pose>Unspecified</pose>
		<truncated>0</truncated>
		<difficult>0</difficult>
		<occluded>0</occluded>
		<bndbox>
			<xmin>443</xmin>
			<xmax>451</xmax>
			<ymin>202</ymin>
			<ymax>234</ymax>
		</bndbox>
	</object>
	<object>
		<name>0</name>
		<pose>Unspecified</pose>
		<truncated>0</truncated>
		<difficult>0</difficult>
		<occluded>0</occluded>
		<bndbox>
			<xmin>421</xmin>
			<xmax>449</xmax>
			<ymin>3</ymin>
			<ymax>200</ymax>
		</bndbox>
	</object>
</annotation>
