<annotation>
	<folder></folder>
	<filename>0000001095-1-Image_jpeg.rf.a9a94d3ef6533c2e267c4e92fa1c8b3f.jpg</filename>
	<path>0000001095-1-Image_jpeg.rf.a9a94d3ef6533c2e267c4e92fa1c8b3f.jpg</path>
	<source>
		<database>roboflow.ai</database>
	</source>
	<size>
		<width>600</width>
		<height>600</height>
		<depth>3</depth>
	</size>
	<segmented>0</segmented>
	<object>
		<name>0</name>
		<pose>Unspecified</pose>
		<truncated>0</truncated>
		<difficult>0</difficult>
		<occluded>0</occluded>
		<bndbox>
			<xmin>271</xmin>
			<xmax>280</xmax>
			<ymin>318</ymin>
			<ymax>350</ymax>
		</bndbox>
	</object>
	<object>
		<name>0</name>
		<pose>Unspecified</pose>
		<truncated>0</truncated>
		<difficult>0</difficult>
		<occluded>0</occluded>
		<bndbox>
			<xmin>254</xmin>
			<xmax>277</xmax>
			<ymin>82</ymin>
			<ymax>314</ymax>
		</bndbox>
	</object>
</annotation>
