<annotation>
	<folder></folder>
	<filename>0000000420-1-Image_jpeg.rf.6ebf518b6d789f56fc494e1a520e0e4b.jpg</filename>
	<path>0000000420-1-Image_jpeg.rf.6ebf518b6d789f56fc494e1a520e0e4b.jpg</path>
	<source>
		<database>roboflow.ai</database>
	</source>
	<size>
		<width>600</width>
		<height>600</height>
		<depth>3</depth>
	</size>
	<segmented>0</segmented>
	<object>
		<name>0</name>
		<pose>Unspecified</pose>
		<truncated>0</truncated>
		<difficult>0</difficult>
		<occluded>0</occluded>
		<bndbox>
			<xmin>323</xmin>
			<xmax>331</xmax>
			<ymin>256</ymin>
			<ymax>288</ymax>
		</bndbox>
	</object>
	<object>
		<name>0</name>
		<pose>Unspecified</pose>
		<truncated>0</truncated>
		<difficult>0</difficult>
		<occluded>0</occluded>
		<bndbox>
			<xmin>290</xmin>
			<xmax>327</xmax>
			<ymin>26</ymin>
			<ymax>219</ymax>
		</bndbox>
	</object>
</annotation>
