<annotation>
	<folder></folder>
	<filename>0000001454-1-Image_jpeg.rf.b52d829c1c28b6682fd4b41f8d5d0822.jpg</filename>
	<path>0000001454-1-Image_jpeg.rf.b52d829c1c28b6682fd4b41f8d5d0822.jpg</path>
	<source>
		<database>roboflow.ai</database>
	</source>
	<size>
		<width>600</width>
		<height>600</height>
		<depth>3</depth>
	</size>
	<segmented>0</segmented>
	<object>
		<name>0</name>
		<pose>Unspecified</pose>
		<truncated>0</truncated>
		<difficult>0</difficult>
		<occluded>0</occluded>
		<bndbox>
			<xmin>267</xmin>
			<xmax>277</xmax>
			<ymin>282</ymin>
			<ymax>314</ymax>
		</bndbox>
	</object>
	<object>
		<name>0</name>
		<pose>Unspecified</pose>
		<truncated>0</truncated>
		<difficult>0</difficult>
		<occluded>0</occluded>
		<bndbox>
			<xmin>237</xmin>
			<xmax>269</xmax>
			<ymin>119</ymin>
			<ymax>279</ymax>
		</bndbox>
	</object>
</annotation>
