<annotation>
	<folder></folder>
	<filename>0000001394-1-Image_jpeg.rf.8d8ab8db9992d212507be79999d5f84a.jpg</filename>
	<path>0000001394-1-Image_jpeg.rf.8d8ab8db9992d212507be79999d5f84a.jpg</path>
	<source>
		<database>roboflow.ai</database>
	</source>
	<size>
		<width>600</width>
		<height>600</height>
		<depth>3</depth>
	</size>
	<segmented>0</segmented>
	<object>
		<name>0</name>
		<pose>Unspecified</pose>
		<truncated>0</truncated>
		<difficult>0</difficult>
		<occluded>0</occluded>
		<bndbox>
			<xmin>338</xmin>
			<xmax>346</xmax>
			<ymin>251</ymin>
			<ymax>283</ymax>
		</bndbox>
	</object>
	<object>
		<name>0</name>
		<pose>Unspecified</pose>
		<truncated>0</truncated>
		<difficult>0</difficult>
		<occluded>0</occluded>
		<bndbox>
			<xmin>341</xmin>
			<xmax>390</xmax>
			<ymin>18</ymin>
			<ymax>248</ymax>
		</bndbox>
	</object>
</annotation>
