<annotation>
	<folder></folder>
	<filename>0000000651-1-Image_jpeg.rf.ee8ee7ec6858d7ad0f9a9476e14cd0eb.jpg</filename>
	<path>0000000651-1-Image_jpeg.rf.ee8ee7ec6858d7ad0f9a9476e14cd0eb.jpg</path>
	<source>
		<database>roboflow.ai</database>
	</source>
	<size>
		<width>600</width>
		<height>600</height>
		<depth>3</depth>
	</size>
	<segmented>0</segmented>
	<object>
		<name>0</name>
		<pose>Unspecified</pose>
		<truncated>0</truncated>
		<difficult>0</difficult>
		<occluded>0</occluded>
		<bndbox>
			<xmin>344</xmin>
			<xmax>352</xmax>
			<ymin>324</ymin>
			<ymax>356</ymax>
		</bndbox>
	</object>
	<object>
		<name>0</name>
		<pose>Unspecified</pose>
		<truncated>0</truncated>
		<difficult>0</difficult>
		<occluded>0</occluded>
		<bndbox>
			<xmin>338</xmin>
			<xmax>348</xmax>
			<ymin>284</ymin>
			<ymax>322</ymax>
		</bndbox>
	</object>
</annotation>
