<annotation>
	<folder></folder>
	<filename>0000001156-1-Image_jpeg.rf.bcfdba47e4370a9ed8fae287cac01f6b.jpg</filename>
	<path>0000001156-1-Image_jpeg.rf.bcfdba47e4370a9ed8fae287cac01f6b.jpg</path>
	<source>
		<database>roboflow.ai</database>
	</source>
	<size>
		<width>600</width>
		<height>600</height>
		<depth>3</depth>
	</size>
	<segmented>0</segmented>
	<object>
		<name>0</name>
		<pose>Unspecified</pose>
		<truncated>0</truncated>
		<difficult>0</difficult>
		<occluded>0</occluded>
		<bndbox>
			<xmin>260</xmin>
			<xmax>267</xmax>
			<ymin>266</ymin>
			<ymax>298</ymax>
		</bndbox>
	</object>
	<object>
		<name>0</name>
		<pose>Unspecified</pose>
		<truncated>0</truncated>
		<difficult>0</difficult>
		<occluded>0</occluded>
		<bndbox>
			<xmin>262</xmin>
			<xmax>269</xmax>
			<ymin>41</ymin>
			<ymax>264</ymax>
		</bndbox>
	</object>
</annotation>
