<annotation>
	<folder></folder>
	<filename>0000000754-1-Image_jpeg.rf.eba50438496605144e3a8d9a3105c67b.jpg</filename>
	<path>0000000754-1-Image_jpeg.rf.eba50438496605144e3a8d9a3105c67b.jpg</path>
	<source>
		<database>roboflow.ai</database>
	</source>
	<size>
		<width>600</width>
		<height>600</height>
		<depth>3</depth>
	</size>
	<segmented>0</segmented>
	<object>
		<name>0</name>
		<pose>Unspecified</pose>
		<truncated>0</truncated>
		<difficult>0</difficult>
		<occluded>0</occluded>
		<bndbox>
			<xmin>307</xmin>
			<xmax>314</xmax>
			<ymin>267</ymin>
			<ymax>299</ymax>
		</bndbox>
	</object>
	<object>
		<name>0</name>
		<pose>Unspecified</pose>
		<truncated>0</truncated>
		<difficult>0</difficult>
		<occluded>0</occluded>
		<bndbox>
			<xmin>310</xmin>
			<xmax>365</xmax>
			<ymin>37</ymin>
			<ymax>266</ymax>
		</bndbox>
	</object>
</annotation>
