<annotation>
	<folder></folder>
	<filename>0000000139-1-Image_jpeg.rf.60c2f5f2420476a2e655dc4b12123353.jpg</filename>
	<path>0000000139-1-Image_jpeg.rf.60c2f5f2420476a2e655dc4b12123353.jpg</path>
	<source>
		<database>roboflow.ai</database>
	</source>
	<size>
		<width>600</width>
		<height>600</height>
		<depth>3</depth>
	</size>
	<segmented>0</segmented>
	<object>
		<name>0</name>
		<pose>Unspecified</pose>
		<truncated>0</truncated>
		<difficult>0</difficult>
		<occluded>0</occluded>
		<bndbox>
			<xmin>301</xmin>
			<xmax>309</xmax>
			<ymin>217</ymin>
			<ymax>249</ymax>
		</bndbox>
	</object>
	<object>
		<name>0</name>
		<pose>Unspecified</pose>
		<truncated>0</truncated>
		<difficult>0</difficult>
		<occluded>0</occluded>
		<bndbox>
			<xmin>292</xmin>
			<xmax>307</xmax>
			<ymin>3</ymin>
			<ymax>215</ymax>
		</bndbox>
	</object>
</annotation>
