<annotation>
	<folder></folder>
	<filename>0000001210-1-Image_jpeg.rf.5c7002fbe0a6e70d3826e47eef8f4fa2.jpg</filename>
	<path>0000001210-1-Image_jpeg.rf.5c7002fbe0a6e70d3826e47eef8f4fa2.jpg</path>
	<source>
		<database>roboflow.ai</database>
	</source>
	<size>
		<width>600</width>
		<height>600</height>
		<depth>3</depth>
	</size>
	<segmented>0</segmented>
	<object>
		<name>0</name>
		<pose>Unspecified</pose>
		<truncated>0</truncated>
		<difficult>0</difficult>
		<occluded>0</occluded>
		<bndbox>
			<xmin>284</xmin>
			<xmax>294</xmax>
			<ymin>271</ymin>
			<ymax>301</ymax>
		</bndbox>
	</object>
	<object>
		<name>0</name>
		<pose>Unspecified</pose>
		<truncated>0</truncated>
		<difficult>0</difficult>
		<occluded>0</occluded>
		<bndbox>
			<xmin>252</xmin>
			<xmax>290</xmax>
			<ymin>39</ymin>
			<ymax>269</ymax>
		</bndbox>
	</object>
</annotation>
