<annotation>
	<folder></folder>
	<filename>0000001230-1-Image_jpeg.rf.c74f0708c523a5131f8a33bd7e4adfb7.jpg</filename>
	<path>0000001230-1-Image_jpeg.rf.c74f0708c523a5131f8a33bd7e4adfb7.jpg</path>
	<source>
		<database>roboflow.ai</database>
	</source>
	<size>
		<width>600</width>
		<height>600</height>
		<depth>3</depth>
	</size>
	<segmented>0</segmented>
	<object>
		<name>0</name>
		<pose>Unspecified</pose>
		<truncated>0</truncated>
		<difficult>0</difficult>
		<occluded>0</occluded>
		<bndbox>
			<xmin>305</xmin>
			<xmax>314</xmax>
			<ymin>262</ymin>
			<ymax>294</ymax>
		</bndbox>
	</object>
	<object>
		<name>0</name>
		<pose>Unspecified</pose>
		<truncated>0</truncated>
		<difficult>0</difficult>
		<occluded>0</occluded>
		<bndbox>
			<xmin>309</xmin>
			<xmax>371</xmax>
			<ymin>41</ymin>
			<ymax>262</ymax>
		</bndbox>
	</object>
</annotation>
