<annotation>
	<folder></folder>
	<filename>0000000500-1-Image_jpeg.rf.c440ad5a6c66bfd209a19c14cd24edd2.jpg</filename>
	<path>0000000500-1-Image_jpeg.rf.c440ad5a6c66bfd209a19c14cd24edd2.jpg</path>
	<source>
		<database>roboflow.ai</database>
	</source>
	<size>
		<width>600</width>
		<height>600</height>
		<depth>3</depth>
	</size>
	<segmented>0</segmented>
	<object>
		<name>0</name>
		<pose>Unspecified</pose>
		<truncated>0</truncated>
		<difficult>0</difficult>
		<occluded>0</occluded>
		<bndbox>
			<xmin>305</xmin>
			<xmax>312</xmax>
			<ymin>299</ymin>
			<ymax>331</ymax>
		</bndbox>
	</object>
	<object>
		<name>0</name>
		<pose>Unspecified</pose>
		<truncated>0</truncated>
		<difficult>0</difficult>
		<occluded>0</occluded>
		<bndbox>
			<xmin>309</xmin>
			<xmax>373</xmax>
			<ymin>74</ymin>
			<ymax>297</ymax>
		</bndbox>
	</object>
</annotation>
