<annotation>
	<folder></folder>
	<filename>0000001058-1-Image_jpeg.rf.b35b4d87f3ca6e04537fb046fa24e51a.jpg</filename>
	<path>0000001058-1-Image_jpeg.rf.b35b4d87f3ca6e04537fb046fa24e51a.jpg</path>
	<source>
		<database>roboflow.ai</database>
	</source>
	<size>
		<width>600</width>
		<height>600</height>
		<depth>3</depth>
	</size>
	<segmented>0</segmented>
	<object>
		<name>0</name>
		<pose>Unspecified</pose>
		<truncated>0</truncated>
		<difficult>0</difficult>
		<occluded>0</occluded>
		<bndbox>
			<xmin>295</xmin>
			<xmax>303</xmax>
			<ymin>318</ymin>
			<ymax>350</ymax>
		</bndbox>
	</object>
	<object>
		<name>0</name>
		<pose>Unspecified</pose>
		<truncated>0</truncated>
		<difficult>0</difficult>
		<occluded>0</occluded>
		<bndbox>
			<xmin>301</xmin>
			<xmax>355</xmax>
			<ymin>90</ymin>
			<ymax>281</ymax>
		</bndbox>
	</object>
</annotation>
