<annotation>
	<folder></folder>
	<filename>0000001248-1-Image_jpeg.rf.49822fac68dc2391880ce43db0538e2d.jpg</filename>
	<path>0000001248-1-Image_jpeg.rf.49822fac68dc2391880ce43db0538e2d.jpg</path>
	<source>
		<database>roboflow.ai</database>
	</source>
	<size>
		<width>600</width>
		<height>600</height>
		<depth>3</depth>
	</size>
	<segmented>0</segmented>
	<object>
		<name>0</name>
		<pose>Unspecified</pose>
		<truncated>0</truncated>
		<difficult>0</difficult>
		<occluded>0</occluded>
		<bndbox>
			<xmin>288</xmin>
			<xmax>297</xmax>
			<ymin>341</ymin>
			<ymax>373</ymax>
		</bndbox>
	</object>
	<object>
		<name>0</name>
		<pose>Unspecified</pose>
		<truncated>0</truncated>
		<difficult>0</difficult>
		<occluded>0</occluded>
		<bndbox>
			<xmin>284</xmin>
			<xmax>294</xmax>
			<ymin>256</ymin>
			<ymax>316</ymax>
		</bndbox>
	</object>
</annotation>
