<annotation>
	<folder></folder>
	<filename>0000000279-1-Image_jpeg.rf.80e20f041c4a3434ee3547e232a834c3.jpg</filename>
	<path>0000000279-1-Image_jpeg.rf.80e20f041c4a3434ee3547e232a834c3.jpg</path>
	<source>
		<database>roboflow.ai</database>
	</source>
	<size>
		<width>600</width>
		<height>600</height>
		<depth>3</depth>
	</size>
	<segmented>0</segmented>
	<object>
		<name>0</name>
		<pose>Unspecified</pose>
		<truncated>0</truncated>
		<difficult>0</difficult>
		<occluded>0</occluded>
		<bndbox>
			<xmin>228</xmin>
			<xmax>235</xmax>
			<ymin>269</ymin>
			<ymax>303</ymax>
		</bndbox>
	</object>
	<object>
		<name>0</name>
		<pose>Unspecified</pose>
		<truncated>0</truncated>
		<difficult>0</difficult>
		<occluded>0</occluded>
		<bndbox>
			<xmin>232</xmin>
			<xmax>286</xmax>
			<ymin>41</ymin>
			<ymax>268</ymax>
		</bndbox>
	</object>
</annotation>
