<annotation>
	<folder></folder>
	<filename>0000000059-1-Image_jpeg.rf.9bc50a743a5745c8fd13814aedd124b1.jpg</filename>
	<path>0000000059-1-Image_jpeg.rf.9bc50a743a5745c8fd13814aedd124b1.jpg</path>
	<source>
		<database>roboflow.ai</database>
	</source>
	<size>
		<width>600</width>
		<height>600</height>
		<depth>3</depth>
	</size>
	<segmented>0</segmented>
	<object>
		<name>0</name>
		<pose>Unspecified</pose>
		<truncated>0</truncated>
		<difficult>0</difficult>
		<occluded>0</occluded>
		<bndbox>
			<xmin>314</xmin>
			<xmax>324</xmax>
			<ymin>269</ymin>
			<ymax>299</ymax>
		</bndbox>
	</object>
	<object>
		<name>0</name>
		<pose>Unspecified</pose>
		<truncated>0</truncated>
		<difficult>0</difficult>
		<occluded>0</occluded>
		<bndbox>
			<xmin>316</xmin>
			<xmax>325</xmax>
			<ymin>54</ymin>
			<ymax>268</ymax>
		</bndbox>
	</object>
</annotation>
