<annotation>
	<folder></folder>
	<filename>0000000225-1-Image_jpeg.rf.183f68940c0eb57c603a4a09a89c23ef.jpg</filename>
	<path>0000000225-1-Image_jpeg.rf.183f68940c0eb57c603a4a09a89c23ef.jpg</path>
	<source>
		<database>roboflow.ai</database>
	</source>
	<size>
		<width>600</width>
		<height>600</height>
		<depth>3</depth>
	</size>
	<segmented>0</segmented>
	<object>
		<name>0</name>
		<pose>Unspecified</pose>
		<truncated>0</truncated>
		<difficult>0</difficult>
		<occluded>0</occluded>
		<bndbox>
			<xmin>318</xmin>
			<xmax>327</xmax>
			<ymin>252</ymin>
			<ymax>282</ymax>
		</bndbox>
	</object>
	<object>
		<name>0</name>
		<pose>Unspecified</pose>
		<truncated>0</truncated>
		<difficult>0</difficult>
		<occluded>0</occluded>
		<bndbox>
			<xmin>322</xmin>
			<xmax>354</xmax>
			<ymin>16</ymin>
			<ymax>248</ymax>
		</bndbox>
	</object>
</annotation>
