<annotation>
	<folder></folder>
	<filename>0000000044-1-Image_jpeg.rf.68d5823d4764a3da0dd72aab94950911.jpg</filename>
	<path>0000000044-1-Image_jpeg.rf.68d5823d4764a3da0dd72aab94950911.jpg</path>
	<source>
		<database>roboflow.ai</database>
	</source>
	<size>
		<width>600</width>
		<height>600</height>
		<depth>3</depth>
	</size>
	<segmented>0</segmented>
	<object>
		<name>0</name>
		<pose>Unspecified</pose>
		<truncated>0</truncated>
		<difficult>0</difficult>
		<occluded>0</occluded>
		<bndbox>
			<xmin>260</xmin>
			<xmax>269</xmax>
			<ymin>369</ymin>
			<ymax>401</ymax>
		</bndbox>
	</object>
	<object>
		<name>0</name>
		<pose>Unspecified</pose>
		<truncated>0</truncated>
		<difficult>0</difficult>
		<occluded>0</occluded>
		<bndbox>
			<xmin>236</xmin>
			<xmax>262</xmax>
			<ymin>136</ymin>
			<ymax>307</ymax>
		</bndbox>
	</object>
</annotation>
