<annotation>
	<folder></folder>
	<filename>0000000783-1-Image_jpeg.rf.39f2871645ef9dd72203107b6c754ffc.jpg</filename>
	<path>0000000783-1-Image_jpeg.rf.39f2871645ef9dd72203107b6c754ffc.jpg</path>
	<source>
		<database>roboflow.ai</database>
	</source>
	<size>
		<width>600</width>
		<height>600</height>
		<depth>3</depth>
	</size>
	<segmented>0</segmented>
	<object>
		<name>0</name>
		<pose>Unspecified</pose>
		<truncated>0</truncated>
		<difficult>0</difficult>
		<occluded>0</occluded>
		<bndbox>
			<xmin>333</xmin>
			<xmax>340</xmax>
			<ymin>316</ymin>
			<ymax>348</ymax>
		</bndbox>
	</object>
</annotation>
