<annotation>
	<folder></folder>
	<filename>0000001252-1-Image_jpeg.rf.788fbd84087adc349e5615a94fafdb95.jpg</filename>
	<path>0000001252-1-Image_jpeg.rf.788fbd84087adc349e5615a94fafdb95.jpg</path>
	<source>
		<database>roboflow.ai</database>
	</source>
	<size>
		<width>600</width>
		<height>600</height>
		<depth>3</depth>
	</size>
	<segmented>0</segmented>
	<object>
		<name>0</name>
		<pose>Unspecified</pose>
		<truncated>0</truncated>
		<difficult>0</difficult>
		<occluded>0</occluded>
		<bndbox>
			<xmin>348</xmin>
			<xmax>357</xmax>
			<ymin>181</ymin>
			<ymax>211</ymax>
		</bndbox>
	</object>
	<object>
		<name>0</name>
		<pose>Unspecified</pose>
		<truncated>0</truncated>
		<difficult>0</difficult>
		<occluded>0</occluded>
		<bndbox>
			<xmin>350</xmin>
			<xmax>359</xmax>
			<ymin>3</ymin>
			<ymax>179</ymax>
		</bndbox>
	</object>
</annotation>
