<annotation>
	<folder></folder>
	<filename>0000000219-1-Image_jpeg.rf.2fce22e8723b47d768d9fcca60f906ac.jpg</filename>
	<path>0000000219-1-Image_jpeg.rf.2fce22e8723b47d768d9fcca60f906ac.jpg</path>
	<source>
		<database>roboflow.ai</database>
	</source>
	<size>
		<width>600</width>
		<height>600</height>
		<depth>3</depth>
	</size>
	<segmented>0</segmented>
	<object>
		<name>0</name>
		<pose>Unspecified</pose>
		<truncated>0</truncated>
		<difficult>0</difficult>
		<occluded>0</occluded>
		<bndbox>
			<xmin>352</xmin>
			<xmax>361</xmax>
			<ymin>402</ymin>
			<ymax>434</ymax>
		</bndbox>
	</object>
	<object>
		<name>0</name>
		<pose>Unspecified</pose>
		<truncated>0</truncated>
		<difficult>0</difficult>
		<occluded>0</occluded>
		<bndbox>
			<xmin>338</xmin>
			<xmax>346</xmax>
			<ymin>286</ymin>
			<ymax>310</ymax>
		</bndbox>
	</object>
</annotation>
