<annotation>
	<folder></folder>
	<filename>0000000108-1-Image_jpeg.rf.a0dd9b1dbddd7dbef0f40c3877271ddb.jpg</filename>
	<path>0000000108-1-Image_jpeg.rf.a0dd9b1dbddd7dbef0f40c3877271ddb.jpg</path>
	<source>
		<database>roboflow.ai</database>
	</source>
	<size>
		<width>600</width>
		<height>600</height>
		<depth>3</depth>
	</size>
	<segmented>0</segmented>
	<object>
		<name>0</name>
		<pose>Unspecified</pose>
		<truncated>0</truncated>
		<difficult>0</difficult>
		<occluded>0</occluded>
		<bndbox>
			<xmin>202</xmin>
			<xmax>211</xmax>
			<ymin>292</ymin>
			<ymax>324</ymax>
		</bndbox>
	</object>
	<object>
		<name>0</name>
		<pose>Unspecified</pose>
		<truncated>0</truncated>
		<difficult>0</difficult>
		<occluded>0</occluded>
		<bndbox>
			<xmin>204</xmin>
			<xmax>217</xmax>
			<ymin>54</ymin>
			<ymax>275</ymax>
		</bndbox>
	</object>
</annotation>
