<annotation>
	<folder></folder>
	<filename>0000001181-1-Image_jpeg.rf.62c49a616edda7fe354aef80045e808c.jpg</filename>
	<path>0000001181-1-Image_jpeg.rf.62c49a616edda7fe354aef80045e808c.jpg</path>
	<source>
		<database>roboflow.ai</database>
	</source>
	<size>
		<width>600</width>
		<height>600</height>
		<depth>3</depth>
	</size>
	<segmented>0</segmented>
	<object>
		<name>0</name>
		<pose>Unspecified</pose>
		<truncated>0</truncated>
		<difficult>0</difficult>
		<occluded>0</occluded>
		<bndbox>
			<xmin>235</xmin>
			<xmax>243</xmax>
			<ymin>299</ymin>
			<ymax>331</ymax>
		</bndbox>
	</object>
</annotation>
