<annotation>
	<folder></folder>
	<filename>0000000598-1-Image_jpeg.rf.2d9fdd852610776aba2fdfa1d71ee986.jpg</filename>
	<path>0000000598-1-Image_jpeg.rf.2d9fdd852610776aba2fdfa1d71ee986.jpg</path>
	<source>
		<database>roboflow.ai</database>
	</source>
	<size>
		<width>600</width>
		<height>600</height>
		<depth>3</depth>
	</size>
	<segmented>0</segmented>
	<object>
		<name>0</name>
		<pose>Unspecified</pose>
		<truncated>0</truncated>
		<difficult>0</difficult>
		<occluded>0</occluded>
		<bndbox>
			<xmin>293</xmin>
			<xmax>301</xmax>
			<ymin>281</ymin>
			<ymax>313</ymax>
		</bndbox>
	</object>
	<object>
		<name>0</name>
		<pose>Unspecified</pose>
		<truncated>0</truncated>
		<difficult>0</difficult>
		<occluded>0</occluded>
		<bndbox>
			<xmin>296</xmin>
			<xmax>326</xmax>
			<ymin>46</ymin>
			<ymax>278</ymax>
		</bndbox>
	</object>
</annotation>
