<annotation>
	<folder></folder>
	<filename>0000000795-1-Image_jpeg.rf.900f2897a4fc93a545e6d88c6ca49acc.jpg</filename>
	<path>0000000795-1-Image_jpeg.rf.900f2897a4fc93a545e6d88c6ca49acc.jpg</path>
	<source>
		<database>roboflow.ai</database>
	</source>
	<size>
		<width>600</width>
		<height>600</height>
		<depth>3</depth>
	</size>
	<segmented>0</segmented>
	<object>
		<name>0</name>
		<pose>Unspecified</pose>
		<truncated>0</truncated>
		<difficult>0</difficult>
		<occluded>0</occluded>
		<bndbox>
			<xmin>348</xmin>
			<xmax>355</xmax>
			<ymin>142</ymin>
			<ymax>174</ymax>
		</bndbox>
	</object>
	<object>
		<name>0</name>
		<pose>Unspecified</pose>
		<truncated>0</truncated>
		<difficult>0</difficult>
		<occluded>0</occluded>
		<bndbox>
			<xmin>339</xmin>
			<xmax>354</xmax>
			<ymin>10</ymin>
			<ymax>138</ymax>
		</bndbox>
	</object>
</annotation>
