<annotation>
	<folder></folder>
	<filename>0000001288-1-Image_jpeg.rf.62b1d320d6db4de103da26686e985540.jpg</filename>
	<path>0000001288-1-Image_jpeg.rf.62b1d320d6db4de103da26686e985540.jpg</path>
	<source>
		<database>roboflow.ai</database>
	</source>
	<size>
		<width>600</width>
		<height>600</height>
		<depth>3</depth>
	</size>
	<segmented>0</segmented>
	<object>
		<name>0</name>
		<pose>Unspecified</pose>
		<truncated>0</truncated>
		<difficult>0</difficult>
		<occluded>0</occluded>
		<bndbox>
			<xmin>397</xmin>
			<xmax>404</xmax>
			<ymin>333</ymin>
			<ymax>365</ymax>
		</bndbox>
	</object>
	<object>
		<name>0</name>
		<pose>Unspecified</pose>
		<truncated>0</truncated>
		<difficult>0</difficult>
		<occluded>0</occluded>
		<bndbox>
			<xmin>400</xmin>
			<xmax>440</xmax>
			<ymin>99</ymin>
			<ymax>296</ymax>
		</bndbox>
	</object>
</annotation>
