<annotation>
	<folder></folder>
	<filename>0000000430-1-Image_jpeg.rf.2ffb75d297b5651dd750cff2199ceb45.jpg</filename>
	<path>0000000430-1-Image_jpeg.rf.2ffb75d297b5651dd750cff2199ceb45.jpg</path>
	<source>
		<database>roboflow.ai</database>
	</source>
	<size>
		<width>600</width>
		<height>600</height>
		<depth>3</depth>
	</size>
	<segmented>0</segmented>
	<object>
		<name>0</name>
		<pose>Unspecified</pose>
		<truncated>0</truncated>
		<difficult>0</difficult>
		<occluded>0</occluded>
		<bndbox>
			<xmin>335</xmin>
			<xmax>344</xmax>
			<ymin>303</ymin>
			<ymax>333</ymax>
		</bndbox>
	</object>
	<object>
		<name>0</name>
		<pose>Unspecified</pose>
		<truncated>0</truncated>
		<difficult>0</difficult>
		<occluded>0</occluded>
		<bndbox>
			<xmin>337</xmin>
			<xmax>361</xmax>
			<ymin>67</ymin>
			<ymax>299</ymax>
		</bndbox>
	</object>
</annotation>
