<annotation>
	<folder></folder>
	<filename>0000000292-1-Image_jpeg.rf.b390e8352df2c1a73e36002c1fb38ccf.jpg</filename>
	<path>0000000292-1-Image_jpeg.rf.b390e8352df2c1a73e36002c1fb38ccf.jpg</path>
	<source>
		<database>roboflow.ai</database>
	</source>
	<size>
		<width>600</width>
		<height>600</height>
		<depth>3</depth>
	</size>
	<segmented>0</segmented>
	<object>
		<name>0</name>
		<pose>Unspecified</pose>
		<truncated>0</truncated>
		<difficult>0</difficult>
		<occluded>0</occluded>
		<bndbox>
			<xmin>254</xmin>
			<xmax>264</xmax>
			<ymin>267</ymin>
			<ymax>297</ymax>
		</bndbox>
	</object>
	<object>
		<name>0</name>
		<pose>Unspecified</pose>
		<truncated>0</truncated>
		<difficult>0</difficult>
		<occluded>0</occluded>
		<bndbox>
			<xmin>236</xmin>
			<xmax>262</xmax>
			<ymin>31</ymin>
			<ymax>263</ymax>
		</bndbox>
	</object>
</annotation>
