<annotation>
	<folder></folder>
	<filename>0000000435-1-Image_jpeg.rf.af7526772aa94630f2a12195222bd83c.jpg</filename>
	<path>0000000435-1-Image_jpeg.rf.af7526772aa94630f2a12195222bd83c.jpg</path>
	<source>
		<database>roboflow.ai</database>
	</source>
	<size>
		<width>600</width>
		<height>600</height>
		<depth>3</depth>
	</size>
	<segmented>0</segmented>
	<object>
		<name>0</name>
		<pose>Unspecified</pose>
		<truncated>0</truncated>
		<difficult>0</difficult>
		<occluded>0</occluded>
		<bndbox>
			<xmin>346</xmin>
			<xmax>354</xmax>
			<ymin>209</ymin>
			<ymax>241</ymax>
		</bndbox>
	</object>
	<object>
		<name>0</name>
		<pose>Unspecified</pose>
		<truncated>0</truncated>
		<difficult>0</difficult>
		<occluded>0</occluded>
		<bndbox>
			<xmin>350</xmin>
			<xmax>370</xmax>
			<ymin>11</ymin>
			<ymax>208</ymax>
		</bndbox>
	</object>
</annotation>
