<annotation>
	<folder></folder>
	<filename>0000001396-1-Image_jpeg.rf.1d2667a92baaa54e84766a52834deeff.jpg</filename>
	<path>0000001396-1-Image_jpeg.rf.1d2667a92baaa54e84766a52834deeff.jpg</path>
	<source>
		<database>roboflow.ai</database>
	</source>
	<size>
		<width>600</width>
		<height>600</height>
		<depth>3</depth>
	</size>
	<segmented>0</segmented>
	<object>
		<name>0</name>
		<pose>Unspecified</pose>
		<truncated>0</truncated>
		<difficult>0</difficult>
		<occluded>0</occluded>
		<bndbox>
			<xmin>312</xmin>
			<xmax>322</xmax>
			<ymin>279</ymin>
			<ymax>309</ymax>
		</bndbox>
	</object>
	<object>
		<name>0</name>
		<pose>Unspecified</pose>
		<truncated>0</truncated>
		<difficult>0</difficult>
		<occluded>0</occluded>
		<bndbox>
			<xmin>316</xmin>
			<xmax>368</xmax>
			<ymin>63</ymin>
			<ymax>275</ymax>
		</bndbox>
	</object>
</annotation>
