<annotation>
	<folder></folder>
	<filename>0000000580-1-Image_jpeg.rf.73702413ad5de38fc99b260ef88b31b0.jpg</filename>
	<path>0000000580-1-Image_jpeg.rf.73702413ad5de38fc99b260ef88b31b0.jpg</path>
	<source>
		<database>roboflow.ai</database>
	</source>
	<size>
		<width>600</width>
		<height>600</height>
		<depth>3</depth>
	</size>
	<segmented>0</segmented>
	<object>
		<name>0</name>
		<pose>Unspecified</pose>
		<truncated>0</truncated>
		<difficult>0</difficult>
		<occluded>0</occluded>
		<bndbox>
			<xmin>421</xmin>
			<xmax>429</xmax>
			<ymin>314</ymin>
			<ymax>346</ymax>
		</bndbox>
	</object>
</annotation>
