<annotation>
	<folder></folder>
	<filename>0000000145-1-Image_jpeg.rf.364d85ca518e2ec51c9272dd62bfcec3.jpg</filename>
	<path>0000000145-1-Image_jpeg.rf.364d85ca518e2ec51c9272dd62bfcec3.jpg</path>
	<source>
		<database>roboflow.ai</database>
	</source>
	<size>
		<width>600</width>
		<height>600</height>
		<depth>3</depth>
	</size>
	<segmented>0</segmented>
	<object>
		<name>0</name>
		<pose>Unspecified</pose>
		<truncated>0</truncated>
		<difficult>0</difficult>
		<occluded>0</occluded>
		<bndbox>
			<xmin>181</xmin>
			<xmax>190</xmax>
			<ymin>346</ymin>
			<ymax>378</ymax>
		</bndbox>
	</object>
</annotation>
