<annotation>
	<folder></folder>
	<filename>0000000816-1-Image_jpeg.rf.6a5e52cc6721dd4cbf4faeb57ef59dcf.jpg</filename>
	<path>0000000816-1-Image_jpeg.rf.6a5e52cc6721dd4cbf4faeb57ef59dcf.jpg</path>
	<source>
		<database>roboflow.ai</database>
	</source>
	<size>
		<width>600</width>
		<height>600</height>
		<depth>3</depth>
	</size>
	<segmented>0</segmented>
	<object>
		<name>0</name>
		<pose>Unspecified</pose>
		<truncated>0</truncated>
		<difficult>0</difficult>
		<occluded>0</occluded>
		<bndbox>
			<xmin>232</xmin>
			<xmax>241</xmax>
			<ymin>200</ymin>
			<ymax>232</ymax>
		</bndbox>
	</object>
	<object>
		<name>0</name>
		<pose>Unspecified</pose>
		<truncated>0</truncated>
		<difficult>0</difficult>
		<occluded>0</occluded>
		<bndbox>
			<xmin>219</xmin>
			<xmax>238</xmax>
			<ymin>1</ymin>
			<ymax>198</ymax>
		</bndbox>
	</object>
</annotation>
