<annotation>
	<folder></folder>
	<filename>0000001263-1-Image_jpeg.rf.f5101d5a2e0b83c7e647fe02a5f56ade.jpg</filename>
	<path>0000001263-1-Image_jpeg.rf.f5101d5a2e0b83c7e647fe02a5f56ade.jpg</path>
	<source>
		<database>roboflow.ai</database>
	</source>
	<size>
		<width>600</width>
		<height>600</height>
		<depth>3</depth>
	</size>
	<segmented>0</segmented>
	<object>
		<name>0</name>
		<pose>Unspecified</pose>
		<truncated>0</truncated>
		<difficult>0</difficult>
		<occluded>0</occluded>
		<bndbox>
			<xmin>363</xmin>
			<xmax>372</xmax>
			<ymin>258</ymin>
			<ymax>288</ymax>
		</bndbox>
	</object>
	<object>
		<name>0</name>
		<pose>Unspecified</pose>
		<truncated>0</truncated>
		<difficult>0</difficult>
		<occluded>0</occluded>
		<bndbox>
			<xmin>367</xmin>
			<xmax>419</xmax>
			<ymin>31</ymin>
			<ymax>254</ymax>
		</bndbox>
	</object>
</annotation>
