<annotation>
	<folder></folder>
	<filename>0000001388-1-Image_jpeg.rf.2a2457e65303f5dc5afb20af022fc28d.jpg</filename>
	<path>0000001388-1-Image_jpeg.rf.2a2457e65303f5dc5afb20af022fc28d.jpg</path>
	<source>
		<database>roboflow.ai</database>
	</source>
	<size>
		<width>600</width>
		<height>600</height>
		<depth>3</depth>
	</size>
	<segmented>0</segmented>
	<object>
		<name>0</name>
		<pose>Unspecified</pose>
		<truncated>0</truncated>
		<difficult>0</difficult>
		<occluded>0</occluded>
		<bndbox>
			<xmin>277</xmin>
			<xmax>284</xmax>
			<ymin>318</ymin>
			<ymax>350</ymax>
		</bndbox>
	</object>
	<object>
		<name>0</name>
		<pose>Unspecified</pose>
		<truncated>0</truncated>
		<difficult>0</difficult>
		<occluded>0</occluded>
		<bndbox>
			<xmin>279</xmin>
			<xmax>296</xmax>
			<ymin>85</ymin>
			<ymax>316</ymax>
		</bndbox>
	</object>
</annotation>
