<annotation>
	<folder></folder>
	<filename>0000001019-1-Image_jpeg.rf.d49e887f159ef39277ef9895170679ee.jpg</filename>
	<path>0000001019-1-Image_jpeg.rf.d49e887f159ef39277ef9895170679ee.jpg</path>
	<source>
		<database>roboflow.ai</database>
	</source>
	<size>
		<width>600</width>
		<height>600</height>
		<depth>3</depth>
	</size>
	<segmented>0</segmented>
	<object>
		<name>0</name>
		<pose>Unspecified</pose>
		<truncated>0</truncated>
		<difficult>0</difficult>
		<occluded>0</occluded>
		<bndbox>
			<xmin>323</xmin>
			<xmax>331</xmax>
			<ymin>258</ymin>
			<ymax>290</ymax>
		</bndbox>
	</object>
	<object>
		<name>0</name>
		<pose>Unspecified</pose>
		<truncated>0</truncated>
		<difficult>0</difficult>
		<occluded>0</occluded>
		<bndbox>
			<xmin>323</xmin>
			<xmax>331</xmax>
			<ymin>33</ymin>
			<ymax>256</ymax>
		</bndbox>
	</object>
</annotation>
