<annotation>
	<folder></folder>
	<filename>0000001498-1-Image_jpeg.rf.b9deae2dec266b546a1508a6d67db542.jpg</filename>
	<path>0000001498-1-Image_jpeg.rf.b9deae2dec266b546a1508a6d67db542.jpg</path>
	<source>
		<database>roboflow.ai</database>
	</source>
	<size>
		<width>600</width>
		<height>600</height>
		<depth>3</depth>
	</size>
	<segmented>0</segmented>
	<object>
		<name>0</name>
		<pose>Unspecified</pose>
		<truncated>0</truncated>
		<difficult>0</difficult>
		<occluded>0</occluded>
		<bndbox>
			<xmin>282</xmin>
			<xmax>290</xmax>
			<ymin>329</ymin>
			<ymax>361</ymax>
		</bndbox>
	</object>
</annotation>
