<annotation>
	<folder></folder>
	<filename>0000000917-1-Image_jpeg.rf.aae3fb5e230bec828e574d7635a616fc.jpg</filename>
	<path>0000000917-1-Image_jpeg.rf.aae3fb5e230bec828e574d7635a616fc.jpg</path>
	<source>
		<database>roboflow.ai</database>
	</source>
	<size>
		<width>600</width>
		<height>600</height>
		<depth>3</depth>
	</size>
	<segmented>0</segmented>
	<object>
		<name>0</name>
		<pose>Unspecified</pose>
		<truncated>0</truncated>
		<difficult>0</difficult>
		<occluded>0</occluded>
		<bndbox>
			<xmin>380</xmin>
			<xmax>387</xmax>
			<ymin>414</ymin>
			<ymax>446</ymax>
		</bndbox>
	</object>
	<object>
		<name>0</name>
		<pose>Unspecified</pose>
		<truncated>0</truncated>
		<difficult>0</difficult>
		<occluded>0</occluded>
		<bndbox>
			<xmin>402</xmin>
			<xmax>438</xmax>
			<ymin>189</ymin>
			<ymax>277</ymax>
		</bndbox>
	</object>
</annotation>
