<annotation>
	<folder></folder>
	<filename>0000000097-1-Image_jpeg.rf.4bd778028f1fd59a1c83773c0d6e9099.jpg</filename>
	<path>0000000097-1-Image_jpeg.rf.4bd778028f1fd59a1c83773c0d6e9099.jpg</path>
	<source>
		<database>roboflow.ai</database>
	</source>
	<size>
		<width>600</width>
		<height>600</height>
		<depth>3</depth>
	</size>
	<segmented>0</segmented>
	<object>
		<name>0</name>
		<pose>Unspecified</pose>
		<truncated>0</truncated>
		<difficult>0</difficult>
		<occluded>0</occluded>
		<bndbox>
			<xmin>314</xmin>
			<xmax>324</xmax>
			<ymin>305</ymin>
			<ymax>335</ymax>
		</bndbox>
	</object>
	<object>
		<name>0</name>
		<pose>Unspecified</pose>
		<truncated>0</truncated>
		<difficult>0</difficult>
		<occluded>0</occluded>
		<bndbox>
			<xmin>303</xmin>
			<xmax>320</xmax>
			<ymin>70</ymin>
			<ymax>256</ymax>
		</bndbox>
	</object>
</annotation>
