<annotation>
	<folder></folder>
	<filename>0000000849-1-Image_jpeg.rf.dc2544e2f6fe9bbfddac8ef675a96a82.jpg</filename>
	<path>0000000849-1-Image_jpeg.rf.dc2544e2f6fe9bbfddac8ef675a96a82.jpg</path>
	<source>
		<database>roboflow.ai</database>
	</source>
	<size>
		<width>600</width>
		<height>600</height>
		<depth>3</depth>
	</size>
	<segmented>0</segmented>
	<object>
		<name>0</name>
		<pose>Unspecified</pose>
		<truncated>0</truncated>
		<difficult>0</difficult>
		<occluded>0</occluded>
		<bndbox>
			<xmin>262</xmin>
			<xmax>269</xmax>
			<ymin>258</ymin>
			<ymax>290</ymax>
		</bndbox>
	</object>
	<object>
		<name>0</name>
		<pose>Unspecified</pose>
		<truncated>0</truncated>
		<difficult>0</difficult>
		<occluded>0</occluded>
		<bndbox>
			<xmin>232</xmin>
			<xmax>267</xmax>
			<ymin>25</ymin>
			<ymax>256</ymax>
		</bndbox>
	</object>
</annotation>
