<annotation>
	<folder></folder>
	<filename>0000001381-1-Image_jpeg.rf.c2020086ed7eb6f8359d1fb6c72c0171.jpg</filename>
	<path>0000001381-1-Image_jpeg.rf.c2020086ed7eb6f8359d1fb6c72c0171.jpg</path>
	<source>
		<database>roboflow.ai</database>
	</source>
	<size>
		<width>600</width>
		<height>600</height>
		<depth>3</depth>
	</size>
	<segmented>0</segmented>
	<object>
		<name>0</name>
		<pose>Unspecified</pose>
		<truncated>0</truncated>
		<difficult>0</difficult>
		<occluded>0</occluded>
		<bndbox>
			<xmin>440</xmin>
			<xmax>449</xmax>
			<ymin>183</ymin>
			<ymax>215</ymax>
		</bndbox>
	</object>
	<object>
		<name>0</name>
		<pose>Unspecified</pose>
		<truncated>0</truncated>
		<difficult>0</difficult>
		<occluded>0</occluded>
		<bndbox>
			<xmin>425</xmin>
			<xmax>445</xmax>
			<ymin>7</ymin>
			<ymax>181</ymax>
		</bndbox>
	</object>
</annotation>
