<annotation>
	<folder></folder>
	<filename>0000000199-1-Image_jpeg.rf.9f6341cc41f422be3cf24e716f1f72dc.jpg</filename>
	<path>0000000199-1-Image_jpeg.rf.9f6341cc41f422be3cf24e716f1f72dc.jpg</path>
	<source>
		<database>roboflow.ai</database>
	</source>
	<size>
		<width>600</width>
		<height>600</height>
		<depth>3</depth>
	</size>
	<segmented>0</segmented>
	<object>
		<name>0</name>
		<pose>Unspecified</pose>
		<truncated>0</truncated>
		<difficult>0</difficult>
		<occluded>0</occluded>
		<bndbox>
			<xmin>318</xmin>
			<xmax>327</xmax>
			<ymin>279</ymin>
			<ymax>311</ymax>
		</bndbox>
	</object>
	<object>
		<name>0</name>
		<pose>Unspecified</pose>
		<truncated>0</truncated>
		<difficult>0</difficult>
		<occluded>0</occluded>
		<bndbox>
			<xmin>323</xmin>
			<xmax>333</xmax>
			<ymin>232</ymin>
			<ymax>279</ymax>
		</bndbox>
	</object>
</annotation>
