<annotation>
	<folder></folder>
	<filename>0000000106-1-Image_jpeg.rf.2953d51dd7c6c6bafdfef75e13dabae6.jpg</filename>
	<path>0000000106-1-Image_jpeg.rf.2953d51dd7c6c6bafdfef75e13dabae6.jpg</path>
	<source>
		<database>roboflow.ai</database>
	</source>
	<size>
		<width>600</width>
		<height>600</height>
		<depth>3</depth>
	</size>
	<segmented>0</segmented>
	<object>
		<name>0</name>
		<pose>Unspecified</pose>
		<truncated>0</truncated>
		<difficult>0</difficult>
		<occluded>0</occluded>
		<bndbox>
			<xmin>308</xmin>
			<xmax>318</xmax>
			<ymin>284</ymin>
			<ymax>316</ymax>
		</bndbox>
	</object>
	<object>
		<name>0</name>
		<pose>Unspecified</pose>
		<truncated>0</truncated>
		<difficult>0</difficult>
		<occluded>0</occluded>
		<bndbox>
			<xmin>308</xmin>
			<xmax>316</xmax>
			<ymin>213</ymin>
			<ymax>282</ymax>
		</bndbox>
	</object>
</annotation>
