<annotation>
	<folder></folder>
	<filename>0000001106-1-Image_jpeg.rf.17dfaa3423cf6c6e40cf326e1750fe51.jpg</filename>
	<path>0000001106-1-Image_jpeg.rf.17dfaa3423cf6c6e40cf326e1750fe51.jpg</path>
	<source>
		<database>roboflow.ai</database>
	</source>
	<size>
		<width>600</width>
		<height>600</height>
		<depth>3</depth>
	</size>
	<segmented>0</segmented>
	<object>
		<name>0</name>
		<pose>Unspecified</pose>
		<truncated>0</truncated>
		<difficult>0</difficult>
		<occluded>0</occluded>
		<bndbox>
			<xmin>338</xmin>
			<xmax>346</xmax>
			<ymin>247</ymin>
			<ymax>279</ymax>
		</bndbox>
	</object>
	<object>
		<name>0</name>
		<pose>Unspecified</pose>
		<truncated>0</truncated>
		<difficult>0</difficult>
		<occluded>0</occluded>
		<bndbox>
			<xmin>284</xmin>
			<xmax>342</xmax>
			<ymin>18</ymin>
			<ymax>243</ymax>
		</bndbox>
	</object>
</annotation>
