<annotation>
	<folder></folder>
	<filename>0000000263-1-Image_jpeg.rf.9518cf9eec159eb7de020766f1b81045.jpg</filename>
	<path>0000000263-1-Image_jpeg.rf.9518cf9eec159eb7de020766f1b81045.jpg</path>
	<source>
		<database>roboflow.ai</database>
	</source>
	<size>
		<width>600</width>
		<height>600</height>
		<depth>3</depth>
	</size>
	<segmented>0</segmented>
	<object>
		<name>0</name>
		<pose>Unspecified</pose>
		<truncated>0</truncated>
		<difficult>0</difficult>
		<occluded>0</occluded>
		<bndbox>
			<xmin>256</xmin>
			<xmax>264</xmax>
			<ymin>211</ymin>
			<ymax>243</ymax>
		</bndbox>
	</object>
	<object>
		<name>0</name>
		<pose>Unspecified</pose>
		<truncated>0</truncated>
		<difficult>0</difficult>
		<occluded>0</occluded>
		<bndbox>
			<xmin>251</xmin>
			<xmax>264</xmax>
			<ymin>11</ymin>
			<ymax>210</ymax>
		</bndbox>
	</object>
</annotation>
