<annotation>
	<folder></folder>
	<filename>0000001192-1-Image_jpeg.rf.83c30e3e03eb4837a8ed33836eb8b670.jpg</filename>
	<path>0000001192-1-Image_jpeg.rf.83c30e3e03eb4837a8ed33836eb8b670.jpg</path>
	<source>
		<database>roboflow.ai</database>
	</source>
	<size>
		<width>600</width>
		<height>600</height>
		<depth>3</depth>
	</size>
	<segmented>0</segmented>
	<object>
		<name>0</name>
		<pose>Unspecified</pose>
		<truncated>0</truncated>
		<difficult>0</difficult>
		<occluded>0</occluded>
		<bndbox>
			<xmin>250</xmin>
			<xmax>260</xmax>
			<ymin>288</ymin>
			<ymax>318</ymax>
		</bndbox>
	</object>
	<object>
		<name>0</name>
		<pose>Unspecified</pose>
		<truncated>0</truncated>
		<difficult>0</difficult>
		<occluded>0</occluded>
		<bndbox>
			<xmin>264</xmin>
			<xmax>307</xmax>
			<ymin>61</ymin>
			<ymax>179</ymax>
		</bndbox>
	</object>
</annotation>
