<annotation>
	<folder></folder>
	<filename>0000000167-1-Image_jpeg.rf.47d0b9989d513f2ad9e78c0912965c9b.jpg</filename>
	<path>0000000167-1-Image_jpeg.rf.47d0b9989d513f2ad9e78c0912965c9b.jpg</path>
	<source>
		<database>roboflow.ai</database>
	</source>
	<size>
		<width>600</width>
		<height>600</height>
		<depth>3</depth>
	</size>
	<segmented>0</segmented>
	<object>
		<name>0</name>
		<pose>Unspecified</pose>
		<truncated>0</truncated>
		<difficult>0</difficult>
		<occluded>0</occluded>
		<bndbox>
			<xmin>280</xmin>
			<xmax>290</xmax>
			<ymin>245</ymin>
			<ymax>277</ymax>
		</bndbox>
	</object>
	<object>
		<name>0</name>
		<pose>Unspecified</pose>
		<truncated>0</truncated>
		<difficult>0</difficult>
		<occluded>0</occluded>
		<bndbox>
			<xmin>282</xmin>
			<xmax>305</xmax>
			<ymin>8</ymin>
			<ymax>243</ymax>
		</bndbox>
	</object>
</annotation>
