<annotation>
	<folder></folder>
	<filename>0000000195-1-Image_jpeg.rf.39321a98bf31bc657b7c903ce9b99029.jpg</filename>
	<path>0000000195-1-Image_jpeg.rf.39321a98bf31bc657b7c903ce9b99029.jpg</path>
	<source>
		<database>roboflow.ai</database>
	</source>
	<size>
		<width>600</width>
		<height>600</height>
		<depth>3</depth>
	</size>
	<segmented>0</segmented>
	<object>
		<name>0</name>
		<pose>Unspecified</pose>
		<truncated>0</truncated>
		<difficult>0</difficult>
		<occluded>0</occluded>
		<bndbox>
			<xmin>256</xmin>
			<xmax>265</xmax>
			<ymin>251</ymin>
			<ymax>283</ymax>
		</bndbox>
	</object>
	<object>
		<name>0</name>
		<pose>Unspecified</pose>
		<truncated>0</truncated>
		<difficult>0</difficult>
		<occluded>0</occluded>
		<bndbox>
			<xmin>247</xmin>
			<xmax>264</xmax>
			<ymin>16</ymin>
			<ymax>248</ymax>
		</bndbox>
	</object>
</annotation>
