<annotation>
	<folder></folder>
	<filename>0000001332-1-Image_jpeg.rf.c528b5fb437738222fa10478e82ddf9f.jpg</filename>
	<path>0000001332-1-Image_jpeg.rf.c528b5fb437738222fa10478e82ddf9f.jpg</path>
	<source>
		<database>roboflow.ai</database>
	</source>
	<size>
		<width>600</width>
		<height>600</height>
		<depth>3</depth>
	</size>
	<segmented>0</segmented>
	<object>
		<name>0</name>
		<pose>Unspecified</pose>
		<truncated>0</truncated>
		<difficult>0</difficult>
		<occluded>0</occluded>
		<bndbox>
			<xmin>325</xmin>
			<xmax>333</xmax>
			<ymin>303</ymin>
			<ymax>335</ymax>
		</bndbox>
	</object>
	<object>
		<name>0</name>
		<pose>Unspecified</pose>
		<truncated>0</truncated>
		<difficult>0</difficult>
		<occluded>0</occluded>
		<bndbox>
			<xmin>290</xmin>
			<xmax>329</xmax>
			<ymin>70</ymin>
			<ymax>301</ymax>
		</bndbox>
	</object>
</annotation>
