<annotation>
	<folder></folder>
	<filename>0000000498-1-Image_jpeg.rf.b524b374ef3aa88ca1ef229724a0e0d7.jpg</filename>
	<path>0000000498-1-Image_jpeg.rf.b524b374ef3aa88ca1ef229724a0e0d7.jpg</path>
	<source>
		<database>roboflow.ai</database>
	</source>
	<size>
		<width>600</width>
		<height>600</height>
		<depth>3</depth>
	</size>
	<segmented>0</segmented>
	<object>
		<name>0</name>
		<pose>Unspecified</pose>
		<truncated>0</truncated>
		<difficult>0</difficult>
		<occluded>0</occluded>
		<bndbox>
			<xmin>218</xmin>
			<xmax>226</xmax>
			<ymin>143</ymin>
			<ymax>168</ymax>
		</bndbox>
	</object>
	<object>
		<name>0</name>
		<pose>Unspecified</pose>
		<truncated>0</truncated>
		<difficult>0</difficult>
		<occluded>0</occluded>
		<bndbox>
			<xmin>228</xmin>
			<xmax>243</xmax>
			<ymin>3</ymin>
			<ymax>68</ymax>
		</bndbox>
	</object>
</annotation>
