<annotation>
	<folder></folder>
	<filename>0000000235-1-Image_jpeg.rf.893dd688f0e99d248e887962061ee167.jpg</filename>
	<path>0000000235-1-Image_jpeg.rf.893dd688f0e99d248e887962061ee167.jpg</path>
	<source>
		<database>roboflow.ai</database>
	</source>
	<size>
		<width>600</width>
		<height>600</height>
		<depth>3</depth>
	</size>
	<segmented>0</segmented>
	<object>
		<name>0</name>
		<pose>Unspecified</pose>
		<truncated>0</truncated>
		<difficult>0</difficult>
		<occluded>0</occluded>
		<bndbox>
			<xmin>325</xmin>
			<xmax>333</xmax>
			<ymin>279</ymin>
			<ymax>311</ymax>
		</bndbox>
	</object>
	<object>
		<name>0</name>
		<pose>Unspecified</pose>
		<truncated>0</truncated>
		<difficult>0</difficult>
		<occluded>0</occluded>
		<bndbox>
			<xmin>288</xmin>
			<xmax>331</xmax>
			<ymin>48</ymin>
			<ymax>277</ymax>
		</bndbox>
	</object>
</annotation>
