<annotation>
	<folder></folder>
	<filename>0000000757-1-Image_jpeg.rf.b0d7d386281a64e65f39d159fe04d2ee.jpg</filename>
	<path>0000000757-1-Image_jpeg.rf.b0d7d386281a64e65f39d159fe04d2ee.jpg</path>
	<source>
		<database>roboflow.ai</database>
	</source>
	<size>
		<width>600</width>
		<height>600</height>
		<depth>3</depth>
	</size>
	<segmented>0</segmented>
	<object>
		<name>0</name>
		<pose>Unspecified</pose>
		<truncated>0</truncated>
		<difficult>0</difficult>
		<occluded>0</occluded>
		<bndbox>
			<xmin>155</xmin>
			<xmax>164</xmax>
			<ymin>281</ymin>
			<ymax>313</ymax>
		</bndbox>
	</object>
	<object>
		<name>0</name>
		<pose>Unspecified</pose>
		<truncated>0</truncated>
		<difficult>0</difficult>
		<occluded>0</occluded>
		<bndbox>
			<xmin>168</xmin>
			<xmax>226</xmax>
			<ymin>59</ymin>
			<ymax>207</ymax>
		</bndbox>
	</object>
</annotation>
