<annotation>
	<folder></folder>
	<filename>0000000871-1-Image_jpeg.rf.82f54242f3e54a716f6dc9846e7f1744.jpg</filename>
	<path>0000000871-1-Image_jpeg.rf.82f54242f3e54a716f6dc9846e7f1744.jpg</path>
	<source>
		<database>roboflow.ai</database>
	</source>
	<size>
		<width>600</width>
		<height>600</height>
		<depth>3</depth>
	</size>
	<segmented>0</segmented>
	<object>
		<name>0</name>
		<pose>Unspecified</pose>
		<truncated>0</truncated>
		<difficult>0</difficult>
		<occluded>0</occluded>
		<bndbox>
			<xmin>303</xmin>
			<xmax>310</xmax>
			<ymin>273</ymin>
			<ymax>305</ymax>
		</bndbox>
	</object>
	<object>
		<name>0</name>
		<pose>Unspecified</pose>
		<truncated>0</truncated>
		<difficult>0</difficult>
		<occluded>0</occluded>
		<bndbox>
			<xmin>241</xmin>
			<xmax>307</xmax>
			<ymin>48</ymin>
			<ymax>271</ymax>
		</bndbox>
	</object>
</annotation>
