<annotation>
	<folder></folder>
	<filename>0000000353-1-Image_jpeg.rf.17052aac609f468bad7839013bfe8ce6.jpg</filename>
	<path>0000000353-1-Image_jpeg.rf.17052aac609f468bad7839013bfe8ce6.jpg</path>
	<source>
		<database>roboflow.ai</database>
	</source>
	<size>
		<width>600</width>
		<height>600</height>
		<depth>3</depth>
	</size>
	<segmented>0</segmented>
	<object>
		<name>0</name>
		<pose>Unspecified</pose>
		<truncated>0</truncated>
		<difficult>0</difficult>
		<occluded>0</occluded>
		<bndbox>
			<xmin>335</xmin>
			<xmax>342</xmax>
			<ymin>361</ymin>
			<ymax>395</ymax>
		</bndbox>
	</object>
	<object>
		<name>0</name>
		<pose>Unspecified</pose>
		<truncated>0</truncated>
		<difficult>0</difficult>
		<occluded>0</occluded>
		<bndbox>
			<xmin>338</xmin>
			<xmax>406</xmax>
			<ymin>138</ymin>
			<ymax>359</ymax>
		</bndbox>
	</object>
</annotation>
