<annotation>
	<folder></folder>
	<filename>0000001488-1-Image_jpeg.rf.6d988af6f62874a67e3f480f539127cd.jpg</filename>
	<path>0000001488-1-Image_jpeg.rf.6d988af6f62874a67e3f480f539127cd.jpg</path>
	<source>
		<database>roboflow.ai</database>
	</source>
	<size>
		<width>600</width>
		<height>600</height>
		<depth>3</depth>
	</size>
	<segmented>0</segmented>
	<object>
		<name>0</name>
		<pose>Unspecified</pose>
		<truncated>0</truncated>
		<difficult>0</difficult>
		<occluded>0</occluded>
		<bndbox>
			<xmin>331</xmin>
			<xmax>340</xmax>
			<ymin>326</ymin>
			<ymax>358</ymax>
		</bndbox>
	</object>
	<object>
		<name>0</name>
		<pose>Unspecified</pose>
		<truncated>0</truncated>
		<difficult>0</difficult>
		<occluded>0</occluded>
		<bndbox>
			<xmin>333</xmin>
			<xmax>342</xmax>
			<ymin>101</ymin>
			<ymax>324</ymax>
		</bndbox>
	</object>
</annotation>
