<annotation>
	<folder></folder>
	<filename>0000000550-1-Image_jpeg.rf.c25bb85b9e655c30bc5a0566184400dc.jpg</filename>
	<path>0000000550-1-Image_jpeg.rf.c25bb85b9e655c30bc5a0566184400dc.jpg</path>
	<source>
		<database>roboflow.ai</database>
	</source>
	<size>
		<width>600</width>
		<height>600</height>
		<depth>3</depth>
	</size>
	<segmented>0</segmented>
	<object>
		<name>0</name>
		<pose>Unspecified</pose>
		<truncated>0</truncated>
		<difficult>0</difficult>
		<occluded>0</occluded>
		<bndbox>
			<xmin>284</xmin>
			<xmax>294</xmax>
			<ymin>256</ymin>
			<ymax>288</ymax>
		</bndbox>
	</object>
	<object>
		<name>0</name>
		<pose>Unspecified</pose>
		<truncated>0</truncated>
		<difficult>0</difficult>
		<occluded>0</occluded>
		<bndbox>
			<xmin>288</xmin>
			<xmax>308</xmax>
			<ymin>20</ymin>
			<ymax>254</ymax>
		</bndbox>
	</object>
</annotation>
