<annotation>
	<folder></folder>
	<filename>0000000080-1-Image_jpeg.rf.7c86f2abf27a54d26a17637909b0bf74.jpg</filename>
	<path>0000000080-1-Image_jpeg.rf.7c86f2abf27a54d26a17637909b0bf74.jpg</path>
	<source>
		<database>roboflow.ai</database>
	</source>
	<size>
		<width>600</width>
		<height>600</height>
		<depth>3</depth>
	</size>
	<segmented>0</segmented>
	<object>
		<name>0</name>
		<pose>Unspecified</pose>
		<truncated>0</truncated>
		<difficult>0</difficult>
		<occluded>0</occluded>
		<bndbox>
			<xmin>308</xmin>
			<xmax>318</xmax>
			<ymin>282</ymin>
			<ymax>312</ymax>
		</bndbox>
	</object>
	<object>
		<name>0</name>
		<pose>Unspecified</pose>
		<truncated>0</truncated>
		<difficult>0</difficult>
		<occluded>0</occluded>
		<bndbox>
			<xmin>275</xmin>
			<xmax>314</xmax>
			<ymin>50</ymin>
			<ymax>279</ymax>
		</bndbox>
	</object>
</annotation>
