<annotation>
	<folder></folder>
	<filename>0000000408-1-Image_jpeg.rf.1c4d2969e0818430591db3e9b1199854.jpg</filename>
	<path>0000000408-1-Image_jpeg.rf.1c4d2969e0818430591db3e9b1199854.jpg</path>
	<source>
		<database>roboflow.ai</database>
	</source>
	<size>
		<width>600</width>
		<height>600</height>
		<depth>3</depth>
	</size>
	<segmented>0</segmented>
	<object>
		<name>0</name>
		<pose>Unspecified</pose>
		<truncated>0</truncated>
		<difficult>0</difficult>
		<occluded>0</occluded>
		<bndbox>
			<xmin>310</xmin>
			<xmax>320</xmax>
			<ymin>192</ymin>
			<ymax>222</ymax>
		</bndbox>
	</object>
	<object>
		<name>0</name>
		<pose>Unspecified</pose>
		<truncated>0</truncated>
		<difficult>0</difficult>
		<occluded>0</occluded>
		<bndbox>
			<xmin>314</xmin>
			<xmax>327</xmax>
			<ymin>3</ymin>
			<ymax>190</ymax>
		</bndbox>
	</object>
</annotation>
