<annotation>
	<folder></folder>
	<filename>0000001380-1-Image_jpeg.rf.4133420027d273ee4dd491beb35ef9d7.jpg</filename>
	<path>0000001380-1-Image_jpeg.rf.4133420027d273ee4dd491beb35ef9d7.jpg</path>
	<source>
		<database>roboflow.ai</database>
	</source>
	<size>
		<width>600</width>
		<height>600</height>
		<depth>3</depth>
	</size>
	<segmented>0</segmented>
	<object>
		<name>0</name>
		<pose>Unspecified</pose>
		<truncated>0</truncated>
		<difficult>0</difficult>
		<occluded>0</occluded>
		<bndbox>
			<xmin>194</xmin>
			<xmax>204</xmax>
			<ymin>228</ymin>
			<ymax>258</ymax>
		</bndbox>
	</object>
	<object>
		<name>0</name>
		<pose>Unspecified</pose>
		<truncated>0</truncated>
		<difficult>0</difficult>
		<occluded>0</occluded>
		<bndbox>
			<xmin>132</xmin>
			<xmax>200</xmax>
			<ymin>5</ymin>
			<ymax>226</ymax>
		</bndbox>
	</object>
</annotation>
