<annotation>
	<folder></folder>
	<filename>0000000635-1-Image_jpeg.rf.3f2a5604fbd98f11a7072f80b5df7386.jpg</filename>
	<path>0000000635-1-Image_jpeg.rf.3f2a5604fbd98f11a7072f80b5df7386.jpg</path>
	<source>
		<database>roboflow.ai</database>
	</source>
	<size>
		<width>600</width>
		<height>600</height>
		<depth>3</depth>
	</size>
	<segmented>0</segmented>
	<object>
		<name>0</name>
		<pose>Unspecified</pose>
		<truncated>0</truncated>
		<difficult>0</difficult>
		<occluded>0</occluded>
		<bndbox>
			<xmin>170</xmin>
			<xmax>177</xmax>
			<ymin>339</ymin>
			<ymax>371</ymax>
		</bndbox>
	</object>
	<object>
		<name>0</name>
		<pose>Unspecified</pose>
		<truncated>0</truncated>
		<difficult>0</difficult>
		<occluded>0</occluded>
		<bndbox>
			<xmin>170</xmin>
			<xmax>175</xmax>
			<ymin>194</ymin>
			<ymax>290</ymax>
		</bndbox>
	</object>
</annotation>
