<annotation>
	<folder></folder>
	<filename>0000000785-1-Image_jpeg.rf.13ea56053c56307456dc52deee8e6609.jpg</filename>
	<path>0000000785-1-Image_jpeg.rf.13ea56053c56307456dc52deee8e6609.jpg</path>
	<source>
		<database>roboflow.ai</database>
	</source>
	<size>
		<width>600</width>
		<height>600</height>
		<depth>3</depth>
	</size>
	<segmented>0</segmented>
	<object>
		<name>0</name>
		<pose>Unspecified</pose>
		<truncated>0</truncated>
		<difficult>0</difficult>
		<occluded>0</occluded>
		<bndbox>
			<xmin>520</xmin>
			<xmax>530</xmax>
			<ymin>365</ymin>
			<ymax>397</ymax>
		</bndbox>
	</object>
</annotation>
