<annotation>
	<folder></folder>
	<filename>0000001035-1-Image_jpeg.rf.98d0b15f917335fcfac2aebe33b14bad.jpg</filename>
	<path>0000001035-1-Image_jpeg.rf.98d0b15f917335fcfac2aebe33b14bad.jpg</path>
	<source>
		<database>roboflow.ai</database>
	</source>
	<size>
		<width>600</width>
		<height>600</height>
		<depth>3</depth>
	</size>
	<segmented>0</segmented>
	<object>
		<name>0</name>
		<pose>Unspecified</pose>
		<truncated>0</truncated>
		<difficult>0</difficult>
		<occluded>0</occluded>
		<bndbox>
			<xmin>314</xmin>
			<xmax>324</xmax>
			<ymin>296</ymin>
			<ymax>328</ymax>
		</bndbox>
	</object>
	<object>
		<name>0</name>
		<pose>Unspecified</pose>
		<truncated>0</truncated>
		<difficult>0</difficult>
		<occluded>0</occluded>
		<bndbox>
			<xmin>316</xmin>
			<xmax>322</xmax>
			<ymin>223</ymin>
			<ymax>296</ymax>
		</bndbox>
	</object>
</annotation>
