<annotation>
	<folder></folder>
	<filename>0000000682-1-Image_jpeg.rf.9184fc70ad517723d482d5f77751f6a1.jpg</filename>
	<path>0000000682-1-Image_jpeg.rf.9184fc70ad517723d482d5f77751f6a1.jpg</path>
	<source>
		<database>roboflow.ai</database>
	</source>
	<size>
		<width>600</width>
		<height>600</height>
		<depth>3</depth>
	</size>
	<segmented>0</segmented>
	<object>
		<name>0</name>
		<pose>Unspecified</pose>
		<truncated>0</truncated>
		<difficult>0</difficult>
		<occluded>0</occluded>
		<bndbox>
			<xmin>310</xmin>
			<xmax>320</xmax>
			<ymin>275</ymin>
			<ymax>307</ymax>
		</bndbox>
	</object>
	<object>
		<name>0</name>
		<pose>Unspecified</pose>
		<truncated>0</truncated>
		<difficult>0</difficult>
		<occluded>0</occluded>
		<bndbox>
			<xmin>314</xmin>
			<xmax>350</xmax>
			<ymin>44</ymin>
			<ymax>273</ymax>
		</bndbox>
	</object>
</annotation>
