<annotation>
	<folder></folder>
	<filename>0000001044-1-Image_jpeg.rf.3038670dc3fe51dbd99dde3a69e8dbec.jpg</filename>
	<path>0000001044-1-Image_jpeg.rf.3038670dc3fe51dbd99dde3a69e8dbec.jpg</path>
	<source>
		<database>roboflow.ai</database>
	</source>
	<size>
		<width>600</width>
		<height>600</height>
		<depth>3</depth>
	</size>
	<segmented>0</segmented>
	<object>
		<name>0</name>
		<pose>Unspecified</pose>
		<truncated>0</truncated>
		<difficult>0</difficult>
		<occluded>0</occluded>
		<bndbox>
			<xmin>359</xmin>
			<xmax>369</xmax>
			<ymin>211</ymin>
			<ymax>241</ymax>
		</bndbox>
	</object>
	<object>
		<name>0</name>
		<pose>Unspecified</pose>
		<truncated>0</truncated>
		<difficult>0</difficult>
		<occluded>0</occluded>
		<bndbox>
			<xmin>361</xmin>
			<xmax>370</xmax>
			<ymin>9</ymin>
			<ymax>209</ymax>
		</bndbox>
	</object>
</annotation>
