<annotation>
	<folder></folder>
	<filename>0000001110-1-Image_jpeg.rf.4fd78fe59b457e503b8a1da5f9cdc325.jpg</filename>
	<path>0000001110-1-Image_jpeg.rf.4fd78fe59b457e503b8a1da5f9cdc325.jpg</path>
	<source>
		<database>roboflow.ai</database>
	</source>
	<size>
		<width>600</width>
		<height>600</height>
		<depth>3</depth>
	</size>
	<segmented>0</segmented>
	<object>
		<name>0</name>
		<pose>Unspecified</pose>
		<truncated>0</truncated>
		<difficult>0</difficult>
		<occluded>0</occluded>
		<bndbox>
			<xmin>248</xmin>
			<xmax>256</xmax>
			<ymin>249</ymin>
			<ymax>281</ymax>
		</bndbox>
	</object>
	<object>
		<name>0</name>
		<pose>Unspecified</pose>
		<truncated>0</truncated>
		<difficult>0</difficult>
		<occluded>0</occluded>
		<bndbox>
			<xmin>215</xmin>
			<xmax>254</xmax>
			<ymin>18</ymin>
			<ymax>247</ymax>
		</bndbox>
	</object>
</annotation>
