<annotation>
	<folder></folder>
	<filename>0000000743-1-Image_jpeg.rf.608d48b6b23b5e72ba6282baac58061f.jpg</filename>
	<path>0000000743-1-Image_jpeg.rf.608d48b6b23b5e72ba6282baac58061f.jpg</path>
	<source>
		<database>roboflow.ai</database>
	</source>
	<size>
		<width>600</width>
		<height>600</height>
		<depth>3</depth>
	</size>
	<segmented>0</segmented>
	<object>
		<name>0</name>
		<pose>Unspecified</pose>
		<truncated>0</truncated>
		<difficult>0</difficult>
		<occluded>0</occluded>
		<bndbox>
			<xmin>320</xmin>
			<xmax>329</xmax>
			<ymin>303</ymin>
			<ymax>335</ymax>
		</bndbox>
	</object>
	<object>
		<name>0</name>
		<pose>Unspecified</pose>
		<truncated>0</truncated>
		<difficult>0</difficult>
		<occluded>0</occluded>
		<bndbox>
			<xmin>279</xmin>
			<xmax>326</xmax>
			<ymin>99</ymin>
			<ymax>301</ymax>
		</bndbox>
	</object>
</annotation>
