<annotation>
	<folder></folder>
	<filename>0000000778-1-Image_jpeg.rf.46caed584ad806574ac365a82c41a07f.jpg</filename>
	<path>0000000778-1-Image_jpeg.rf.46caed584ad806574ac365a82c41a07f.jpg</path>
	<source>
		<database>roboflow.ai</database>
	</source>
	<size>
		<width>600</width>
		<height>600</height>
		<depth>3</depth>
	</size>
	<segmented>0</segmented>
	<object>
		<name>0</name>
		<pose>Unspecified</pose>
		<truncated>0</truncated>
		<difficult>0</difficult>
		<occluded>0</occluded>
		<bndbox>
			<xmin>142</xmin>
			<xmax>151</xmax>
			<ymin>266</ymin>
			<ymax>298</ymax>
		</bndbox>
	</object>
	<object>
		<name>0</name>
		<pose>Unspecified</pose>
		<truncated>0</truncated>
		<difficult>0</difficult>
		<occluded>0</occluded>
		<bndbox>
			<xmin>140</xmin>
			<xmax>142</xmax>
			<ymin>226</ymin>
			<ymax>248</ymax>
		</bndbox>
	</object>
</annotation>
