<annotation>
	<folder></folder>
	<filename>0000001029-1-Image_jpeg.rf.512c0d1c366c3cafcaf8a02b007617c4.jpg</filename>
	<path>0000001029-1-Image_jpeg.rf.512c0d1c366c3cafcaf8a02b007617c4.jpg</path>
	<source>
		<database>roboflow.ai</database>
	</source>
	<size>
		<width>600</width>
		<height>600</height>
		<depth>3</depth>
	</size>
	<segmented>0</segmented>
	<object>
		<name>0</name>
		<pose>Unspecified</pose>
		<truncated>0</truncated>
		<difficult>0</difficult>
		<occluded>0</occluded>
		<bndbox>
			<xmin>89</xmin>
			<xmax>97</xmax>
			<ymin>342</ymin>
			<ymax>374</ymax>
		</bndbox>
	</object>
	<object>
		<name>0</name>
		<pose>Unspecified</pose>
		<truncated>0</truncated>
		<difficult>0</difficult>
		<occluded>0</occluded>
		<bndbox>
			<xmin>54</xmin>
			<xmax>88</xmax>
			<ymin>112</ymin>
			<ymax>258</ymax>
		</bndbox>
	</object>
</annotation>
