<annotation>
	<folder></folder>
	<filename>0000000555-1-Image_jpeg.rf.fa2f611c667db86bb253f9a857a7e70f.jpg</filename>
	<path>0000000555-1-Image_jpeg.rf.fa2f611c667db86bb253f9a857a7e70f.jpg</path>
	<source>
		<database>roboflow.ai</database>
	</source>
	<size>
		<width>600</width>
		<height>600</height>
		<depth>3</depth>
	</size>
	<segmented>0</segmented>
	<object>
		<name>0</name>
		<pose>Unspecified</pose>
		<truncated>0</truncated>
		<difficult>0</difficult>
		<occluded>0</occluded>
		<bndbox>
			<xmin>288</xmin>
			<xmax>295</xmax>
			<ymin>275</ymin>
			<ymax>307</ymax>
		</bndbox>
	</object>
	<object>
		<name>0</name>
		<pose>Unspecified</pose>
		<truncated>0</truncated>
		<difficult>0</difficult>
		<occluded>0</occluded>
		<bndbox>
			<xmin>234</xmin>
			<xmax>292</xmax>
			<ymin>48</ymin>
			<ymax>273</ymax>
		</bndbox>
	</object>
</annotation>
