<annotation>
	<folder></folder>
	<filename>0000000668-1-Image_jpeg.rf.4931dc3ff76f96de709c0b1952225666.jpg</filename>
	<path>0000000668-1-Image_jpeg.rf.4931dc3ff76f96de709c0b1952225666.jpg</path>
	<source>
		<database>roboflow.ai</database>
	</source>
	<size>
		<width>600</width>
		<height>600</height>
		<depth>3</depth>
	</size>
	<segmented>0</segmented>
	<object>
		<name>0</name>
		<pose>Unspecified</pose>
		<truncated>0</truncated>
		<difficult>0</difficult>
		<occluded>0</occluded>
		<bndbox>
			<xmin>320</xmin>
			<xmax>329</xmax>
			<ymin>267</ymin>
			<ymax>297</ymax>
		</bndbox>
	</object>
	<object>
		<name>0</name>
		<pose>Unspecified</pose>
		<truncated>0</truncated>
		<difficult>0</difficult>
		<occluded>0</occluded>
		<bndbox>
			<xmin>262</xmin>
			<xmax>324</xmax>
			<ymin>43</ymin>
			<ymax>266</ymax>
		</bndbox>
	</object>
</annotation>
