<annotation>
	<folder></folder>
	<filename>0000000762-1-Image_jpeg.rf.6778a0b5be748eb6b1a5366b2ac525b7.jpg</filename>
	<path>0000000762-1-Image_jpeg.rf.6778a0b5be748eb6b1a5366b2ac525b7.jpg</path>
	<source>
		<database>roboflow.ai</database>
	</source>
	<size>
		<width>600</width>
		<height>600</height>
		<depth>3</depth>
	</size>
	<segmented>0</segmented>
	<object>
		<name>0</name>
		<pose>Unspecified</pose>
		<truncated>0</truncated>
		<difficult>0</difficult>
		<occluded>0</occluded>
		<bndbox>
			<xmin>312</xmin>
			<xmax>320</xmax>
			<ymin>269</ymin>
			<ymax>301</ymax>
		</bndbox>
	</object>
	<object>
		<name>0</name>
		<pose>Unspecified</pose>
		<truncated>0</truncated>
		<difficult>0</difficult>
		<occluded>0</occluded>
		<bndbox>
			<xmin>288</xmin>
			<xmax>318</xmax>
			<ymin>35</ymin>
			<ymax>267</ymax>
		</bndbox>
	</object>
</annotation>
