<annotation>
	<folder></folder>
	<filename>0000001054-1-Image_jpeg.rf.fdc565e05a5b72c4713d7dc36206602e.jpg</filename>
	<path>0000001054-1-Image_jpeg.rf.fdc565e05a5b72c4713d7dc36206602e.jpg</path>
	<source>
		<database>roboflow.ai</database>
	</source>
	<size>
		<width>600</width>
		<height>600</height>
		<depth>3</depth>
	</size>
	<segmented>0</segmented>
	<object>
		<name>0</name>
		<pose>Unspecified</pose>
		<truncated>0</truncated>
		<difficult>0</difficult>
		<occluded>0</occluded>
		<bndbox>
			<xmin>323</xmin>
			<xmax>331</xmax>
			<ymin>269</ymin>
			<ymax>303</ymax>
		</bndbox>
	</object>
	<object>
		<name>0</name>
		<pose>Unspecified</pose>
		<truncated>0</truncated>
		<difficult>0</difficult>
		<occluded>0</occluded>
		<bndbox>
			<xmin>296</xmin>
			<xmax>328</xmax>
			<ymin>84</ymin>
			<ymax>268</ymax>
		</bndbox>
	</object>
</annotation>
