<annotation>
	<folder></folder>
	<filename>0000001343-1-Image_jpeg.rf.a134755663cbcd9b334f4a8087aba615.jpg</filename>
	<path>0000001343-1-Image_jpeg.rf.a134755663cbcd9b334f4a8087aba615.jpg</path>
	<source>
		<database>roboflow.ai</database>
	</source>
	<size>
		<width>600</width>
		<height>600</height>
		<depth>3</depth>
	</size>
	<segmented>0</segmented>
	<object>
		<name>0</name>
		<pose>Unspecified</pose>
		<truncated>0</truncated>
		<difficult>0</difficult>
		<occluded>0</occluded>
		<bndbox>
			<xmin>297</xmin>
			<xmax>305</xmax>
			<ymin>200</ymin>
			<ymax>230</ymax>
		</bndbox>
	</object>
	<object>
		<name>0</name>
		<pose>Unspecified</pose>
		<truncated>0</truncated>
		<difficult>0</difficult>
		<occluded>0</occluded>
		<bndbox>
			<xmin>269</xmin>
			<xmax>303</xmax>
			<ymin>1</ymin>
			<ymax>196</ymax>
		</bndbox>
	</object>
</annotation>
