<annotation>
	<folder></folder>
	<filename>0000001056-1-Image_jpeg.rf.ccd92c95113eeabc456e604207b16e6b.jpg</filename>
	<path>0000001056-1-Image_jpeg.rf.ccd92c95113eeabc456e604207b16e6b.jpg</path>
	<source>
		<database>roboflow.ai</database>
	</source>
	<size>
		<width>600</width>
		<height>600</height>
		<depth>3</depth>
	</size>
	<segmented>0</segmented>
	<object>
		<name>0</name>
		<pose>Unspecified</pose>
		<truncated>0</truncated>
		<difficult>0</difficult>
		<occluded>0</occluded>
		<bndbox>
			<xmin>402</xmin>
			<xmax>410</xmax>
			<ymin>340</ymin>
			<ymax>374</ymax>
		</bndbox>
	</object>
</annotation>
