<annotation>
	<folder></folder>
	<filename>0000001440-1-Image_jpeg.rf.dea37fac9d636f5a4692faa81c1bbfd1.jpg</filename>
	<path>0000001440-1-Image_jpeg.rf.dea37fac9d636f5a4692faa81c1bbfd1.jpg</path>
	<source>
		<database>roboflow.ai</database>
	</source>
	<size>
		<width>600</width>
		<height>600</height>
		<depth>3</depth>
	</size>
	<segmented>0</segmented>
	<object>
		<name>0</name>
		<pose>Unspecified</pose>
		<truncated>0</truncated>
		<difficult>0</difficult>
		<occluded>0</occluded>
		<bndbox>
			<xmin>299</xmin>
			<xmax>307</xmax>
			<ymin>282</ymin>
			<ymax>314</ymax>
		</bndbox>
	</object>
	<object>
		<name>0</name>
		<pose>Unspecified</pose>
		<truncated>0</truncated>
		<difficult>0</difficult>
		<occluded>0</occluded>
		<bndbox>
			<xmin>258</xmin>
			<xmax>303</xmax>
			<ymin>52</ymin>
			<ymax>281</ymax>
		</bndbox>
	</object>
</annotation>
