<annotation>
	<folder></folder>
	<filename>0000001258-1-Image_jpeg.rf.04e3e2783cb11df2e4fecc9e0c60fcaf.jpg</filename>
	<path>0000001258-1-Image_jpeg.rf.04e3e2783cb11df2e4fecc9e0c60fcaf.jpg</path>
	<source>
		<database>roboflow.ai</database>
	</source>
	<size>
		<width>600</width>
		<height>600</height>
		<depth>3</depth>
	</size>
	<segmented>0</segmented>
	<object>
		<name>0</name>
		<pose>Unspecified</pose>
		<truncated>0</truncated>
		<difficult>0</difficult>
		<occluded>0</occluded>
		<bndbox>
			<xmin>370</xmin>
			<xmax>378</xmax>
			<ymin>271</ymin>
			<ymax>305</ymax>
		</bndbox>
	</object>
	<object>
		<name>0</name>
		<pose>Unspecified</pose>
		<truncated>0</truncated>
		<difficult>0</difficult>
		<occluded>0</occluded>
		<bndbox>
			<xmin>374</xmin>
			<xmax>432</xmax>
			<ymin>48</ymin>
			<ymax>269</ymax>
		</bndbox>
	</object>
</annotation>
