<annotation>
	<folder></folder>
	<filename>0000001441-1-Image_jpeg.rf.92dfc325128d18766c8d2d5b774993aa.jpg</filename>
	<path>0000001441-1-Image_jpeg.rf.92dfc325128d18766c8d2d5b774993aa.jpg</path>
	<source>
		<database>roboflow.ai</database>
	</source>
	<size>
		<width>600</width>
		<height>600</height>
		<depth>3</depth>
	</size>
	<segmented>0</segmented>
	<object>
		<name>0</name>
		<pose>Unspecified</pose>
		<truncated>0</truncated>
		<difficult>0</difficult>
		<occluded>0</occluded>
		<bndbox>
			<xmin>307</xmin>
			<xmax>314</xmax>
			<ymin>339</ymin>
			<ymax>371</ymax>
		</bndbox>
	</object>
	<object>
		<name>0</name>
		<pose>Unspecified</pose>
		<truncated>0</truncated>
		<difficult>0</difficult>
		<occluded>0</occluded>
		<bndbox>
			<xmin>325</xmin>
			<xmax>363</xmax>
			<ymin>104</ymin>
			<ymax>196</ymax>
		</bndbox>
	</object>
</annotation>
