<annotation>
	<folder></folder>
	<filename>0000000400-1-Image_jpeg.rf.4bf5177f7330f15d6e5e00343e20b5b1.jpg</filename>
	<path>0000000400-1-Image_jpeg.rf.4bf5177f7330f15d6e5e00343e20b5b1.jpg</path>
	<source>
		<database>roboflow.ai</database>
	</source>
	<size>
		<width>600</width>
		<height>600</height>
		<depth>3</depth>
	</size>
	<segmented>0</segmented>
	<object>
		<name>0</name>
		<pose>Unspecified</pose>
		<truncated>0</truncated>
		<difficult>0</difficult>
		<occluded>0</occluded>
		<bndbox>
			<xmin>250</xmin>
			<xmax>258</xmax>
			<ymin>262</ymin>
			<ymax>296</ymax>
		</bndbox>
	</object>
	<object>
		<name>0</name>
		<pose>Unspecified</pose>
		<truncated>0</truncated>
		<difficult>0</difficult>
		<occluded>0</occluded>
		<bndbox>
			<xmin>254</xmin>
			<xmax>303</xmax>
			<ymin>31</ymin>
			<ymax>260</ymax>
		</bndbox>
	</object>
</annotation>
