<annotation>
	<folder></folder>
	<filename>0000001421-1-Image_jpeg.rf.88d111483036371c5e6d143b53a845d5.jpg</filename>
	<path>0000001421-1-Image_jpeg.rf.88d111483036371c5e6d143b53a845d5.jpg</path>
	<source>
		<database>roboflow.ai</database>
	</source>
	<size>
		<width>600</width>
		<height>600</height>
		<depth>3</depth>
	</size>
	<segmented>0</segmented>
	<object>
		<name>0</name>
		<pose>Unspecified</pose>
		<truncated>0</truncated>
		<difficult>0</difficult>
		<occluded>0</occluded>
		<bndbox>
			<xmin>263</xmin>
			<xmax>271</xmax>
			<ymin>230</ymin>
			<ymax>262</ymax>
		</bndbox>
	</object>
	<object>
		<name>0</name>
		<pose>Unspecified</pose>
		<truncated>0</truncated>
		<difficult>0</difficult>
		<occluded>0</occluded>
		<bndbox>
			<xmin>200</xmin>
			<xmax>267</xmax>
			<ymin>7</ymin>
			<ymax>228</ymax>
		</bndbox>
	</object>
</annotation>
