<annotation>
	<folder></folder>
	<filename>0000001154-1-Image_jpeg.rf.04e2bdcab8d3e64c0602326768bda971.jpg</filename>
	<path>0000001154-1-Image_jpeg.rf.04e2bdcab8d3e64c0602326768bda971.jpg</path>
	<source>
		<database>roboflow.ai</database>
	</source>
	<size>
		<width>600</width>
		<height>600</height>
		<depth>3</depth>
	</size>
	<segmented>0</segmented>
	<object>
		<name>0</name>
		<pose>Unspecified</pose>
		<truncated>0</truncated>
		<difficult>0</difficult>
		<occluded>0</occluded>
		<bndbox>
			<xmin>198</xmin>
			<xmax>205</xmax>
			<ymin>346</ymin>
			<ymax>378</ymax>
		</bndbox>
	</object>
	<object>
		<name>0</name>
		<pose>Unspecified</pose>
		<truncated>0</truncated>
		<difficult>0</difficult>
		<occluded>0</occluded>
		<bndbox>
			<xmin>209</xmin>
			<xmax>215</xmax>
			<ymin>123</ymin>
			<ymax>134</ymax>
		</bndbox>
	</object>
</annotation>
