<annotation>
	<folder></folder>
	<filename>0000001046-1-Image_jpeg.rf.18053e1d65b9c2c1f0cb3ae420414f11.jpg</filename>
	<path>0000001046-1-Image_jpeg.rf.18053e1d65b9c2c1f0cb3ae420414f11.jpg</path>
	<source>
		<database>roboflow.ai</database>
	</source>
	<size>
		<width>600</width>
		<height>600</height>
		<depth>3</depth>
	</size>
	<segmented>0</segmented>
	<object>
		<name>0</name>
		<pose>Unspecified</pose>
		<truncated>0</truncated>
		<difficult>0</difficult>
		<occluded>0</occluded>
		<bndbox>
			<xmin>340</xmin>
			<xmax>348</xmax>
			<ymin>316</ymin>
			<ymax>350</ymax>
		</bndbox>
	</object>
	<object>
		<name>0</name>
		<pose>Unspecified</pose>
		<truncated>0</truncated>
		<difficult>0</difficult>
		<occluded>0</occluded>
		<bndbox>
			<xmin>340</xmin>
			<xmax>348</xmax>
			<ymin>93</ymin>
			<ymax>314</ymax>
		</bndbox>
	</object>
</annotation>
