<annotation>
	<folder></folder>
	<filename>0000000510-1-Image_jpeg.rf.d3d61664c7046ccc25f70247f2493437.jpg</filename>
	<path>0000000510-1-Image_jpeg.rf.d3d61664c7046ccc25f70247f2493437.jpg</path>
	<source>
		<database>roboflow.ai</database>
	</source>
	<size>
		<width>600</width>
		<height>600</height>
		<depth>3</depth>
	</size>
	<segmented>0</segmented>
	<object>
		<name>0</name>
		<pose>Unspecified</pose>
		<truncated>0</truncated>
		<difficult>0</difficult>
		<occluded>0</occluded>
		<bndbox>
			<xmin>376</xmin>
			<xmax>384</xmax>
			<ymin>140</ymin>
			<ymax>172</ymax>
		</bndbox>
	</object>
	<object>
		<name>0</name>
		<pose>Unspecified</pose>
		<truncated>0</truncated>
		<difficult>0</difficult>
		<occluded>0</occluded>
		<bndbox>
			<xmin>376</xmin>
			<xmax>382</xmax>
			<ymin>7</ymin>
			<ymax>136</ymax>
		</bndbox>
	</object>
</annotation>
