<annotation>
	<folder></folder>
	<filename>0000000399-1-Image_jpeg.rf.95b5b384c265809d2d5be2ed1d4ea769.jpg</filename>
	<path>0000000399-1-Image_jpeg.rf.95b5b384c265809d2d5be2ed1d4ea769.jpg</path>
	<source>
		<database>roboflow.ai</database>
	</source>
	<size>
		<width>600</width>
		<height>600</height>
		<depth>3</depth>
	</size>
	<segmented>0</segmented>
	<object>
		<name>0</name>
		<pose>Unspecified</pose>
		<truncated>0</truncated>
		<difficult>0</difficult>
		<occluded>0</occluded>
		<bndbox>
			<xmin>252</xmin>
			<xmax>262</xmax>
			<ymin>314</ymin>
			<ymax>344</ymax>
		</bndbox>
	</object>
	<object>
		<name>0</name>
		<pose>Unspecified</pose>
		<truncated>0</truncated>
		<difficult>0</difficult>
		<occluded>0</occluded>
		<bndbox>
			<xmin>262</xmin>
			<xmax>322</xmax>
			<ymin>88</ymin>
			<ymax>264</ymax>
		</bndbox>
	</object>
</annotation>
