<annotation>
	<folder></folder>
	<filename>0000000858-1-Image_jpeg.rf.7ba42b55b6d983721250319d232f6109.jpg</filename>
	<path>0000000858-1-Image_jpeg.rf.7ba42b55b6d983721250319d232f6109.jpg</path>
	<source>
		<database>roboflow.ai</database>
	</source>
	<size>
		<width>600</width>
		<height>600</height>
		<depth>3</depth>
	</size>
	<segmented>0</segmented>
	<object>
		<name>0</name>
		<pose>Unspecified</pose>
		<truncated>0</truncated>
		<difficult>0</difficult>
		<occluded>0</occluded>
		<bndbox>
			<xmin>432</xmin>
			<xmax>440</xmax>
			<ymin>264</ymin>
			<ymax>296</ymax>
		</bndbox>
	</object>
	<object>
		<name>0</name>
		<pose>Unspecified</pose>
		<truncated>0</truncated>
		<difficult>0</difficult>
		<occluded>0</occluded>
		<bndbox>
			<xmin>438</xmin>
			<xmax>505</xmax>
			<ymin>39</ymin>
			<ymax>262</ymax>
		</bndbox>
	</object>
</annotation>
