<annotation>
	<folder></folder>
	<filename>0000000061-1-Image_jpeg.rf.ded4151d5bab0b201369fa4e50ac976d.jpg</filename>
	<path>0000000061-1-Image_jpeg.rf.ded4151d5bab0b201369fa4e50ac976d.jpg</path>
	<source>
		<database>roboflow.ai</database>
	</source>
	<size>
		<width>600</width>
		<height>600</height>
		<depth>3</depth>
	</size>
	<segmented>0</segmented>
	<object>
		<name>0</name>
		<pose>Unspecified</pose>
		<truncated>0</truncated>
		<difficult>0</difficult>
		<occluded>0</occluded>
		<bndbox>
			<xmin>290</xmin>
			<xmax>299</xmax>
			<ymin>307</ymin>
			<ymax>337</ymax>
		</bndbox>
	</object>
	<object>
		<name>0</name>
		<pose>Unspecified</pose>
		<truncated>0</truncated>
		<difficult>0</difficult>
		<occluded>0</occluded>
		<bndbox>
			<xmin>294</xmin>
			<xmax>307</xmax>
			<ymin>166</ymin>
			<ymax>305</ymax>
		</bndbox>
	</object>
</annotation>
