<annotation>
	<folder></folder>
	<filename>0000000894-1-Image_jpeg.rf.4b02e761b0abc787e331a00381950aa0.jpg</filename>
	<path>0000000894-1-Image_jpeg.rf.4b02e761b0abc787e331a00381950aa0.jpg</path>
	<source>
		<database>roboflow.ai</database>
	</source>
	<size>
		<width>600</width>
		<height>600</height>
		<depth>3</depth>
	</size>
	<segmented>0</segmented>
	<object>
		<name>0</name>
		<pose>Unspecified</pose>
		<truncated>0</truncated>
		<difficult>0</difficult>
		<occluded>0</occluded>
		<bndbox>
			<xmin>382</xmin>
			<xmax>389</xmax>
			<ymin>282</ymin>
			<ymax>314</ymax>
		</bndbox>
	</object>
	<object>
		<name>0</name>
		<pose>Unspecified</pose>
		<truncated>0</truncated>
		<difficult>0</difficult>
		<occluded>0</occluded>
		<bndbox>
			<xmin>380</xmin>
			<xmax>387</xmax>
			<ymin>95</ymin>
			<ymax>279</ymax>
		</bndbox>
	</object>
</annotation>
