<annotation>
	<folder></folder>
	<filename>0000000415-1-Image_jpeg.rf.33fba72280ce10d4ad9f35b03de88c69.jpg</filename>
	<path>0000000415-1-Image_jpeg.rf.33fba72280ce10d4ad9f35b03de88c69.jpg</path>
	<source>
		<database>roboflow.ai</database>
	</source>
	<size>
		<width>600</width>
		<height>600</height>
		<depth>3</depth>
	</size>
	<segmented>0</segmented>
	<object>
		<name>0</name>
		<pose>Unspecified</pose>
		<truncated>0</truncated>
		<difficult>0</difficult>
		<occluded>0</occluded>
		<bndbox>
			<xmin>265</xmin>
			<xmax>275</xmax>
			<ymin>333</ymin>
			<ymax>365</ymax>
		</bndbox>
	</object>
	<object>
		<name>0</name>
		<pose>Unspecified</pose>
		<truncated>0</truncated>
		<difficult>0</difficult>
		<occluded>0</occluded>
		<bndbox>
			<xmin>228</xmin>
			<xmax>263</xmax>
			<ymin>104</ymin>
			<ymax>239</ymax>
		</bndbox>
	</object>
</annotation>
