<annotation>
	<folder></folder>
	<filename>0000001102-1-Image_jpeg.rf.a45757ad10acd1a49c235fe870c0b4a6.jpg</filename>
	<path>0000001102-1-Image_jpeg.rf.a45757ad10acd1a49c235fe870c0b4a6.jpg</path>
	<source>
		<database>roboflow.ai</database>
	</source>
	<size>
		<width>600</width>
		<height>600</height>
		<depth>3</depth>
	</size>
	<segmented>0</segmented>
	<object>
		<name>0</name>
		<pose>Unspecified</pose>
		<truncated>0</truncated>
		<difficult>0</difficult>
		<occluded>0</occluded>
		<bndbox>
			<xmin>248</xmin>
			<xmax>258</xmax>
			<ymin>243</ymin>
			<ymax>275</ymax>
		</bndbox>
	</object>
	<object>
		<name>0</name>
		<pose>Unspecified</pose>
		<truncated>0</truncated>
		<difficult>0</difficult>
		<occluded>0</occluded>
		<bndbox>
			<xmin>220</xmin>
			<xmax>254</xmax>
			<ymin>10</ymin>
			<ymax>241</ymax>
		</bndbox>
	</object>
</annotation>
