<annotation>
	<folder></folder>
	<filename>0000000475-1-Image_jpeg.rf.3047a79847f9c52912586afd9f4789a9.jpg</filename>
	<path>0000000475-1-Image_jpeg.rf.3047a79847f9c52912586afd9f4789a9.jpg</path>
	<source>
		<database>roboflow.ai</database>
	</source>
	<size>
		<width>600</width>
		<height>600</height>
		<depth>3</depth>
	</size>
	<segmented>0</segmented>
	<object>
		<name>0</name>
		<pose>Unspecified</pose>
		<truncated>0</truncated>
		<difficult>0</difficult>
		<occluded>0</occluded>
		<bndbox>
			<xmin>331</xmin>
			<xmax>340</xmax>
			<ymin>331</ymin>
			<ymax>363</ymax>
		</bndbox>
	</object>
	<object>
		<name>0</name>
		<pose>Unspecified</pose>
		<truncated>0</truncated>
		<difficult>0</difficult>
		<occluded>0</occluded>
		<bndbox>
			<xmin>335</xmin>
			<xmax>367</xmax>
			<ymin>110</ymin>
			<ymax>329</ymax>
		</bndbox>
	</object>
</annotation>
