<annotation>
	<folder></folder>
	<filename>0000000303-1-Image_jpeg.rf.0c3626c5a7f2df554a422bb939a0227f.jpg</filename>
	<path>0000000303-1-Image_jpeg.rf.0c3626c5a7f2df554a422bb939a0227f.jpg</path>
	<source>
		<database>roboflow.ai</database>
	</source>
	<size>
		<width>600</width>
		<height>600</height>
		<depth>3</depth>
	</size>
	<segmented>0</segmented>
	<object>
		<name>0</name>
		<pose>Unspecified</pose>
		<truncated>0</truncated>
		<difficult>0</difficult>
		<occluded>0</occluded>
		<bndbox>
			<xmin>308</xmin>
			<xmax>316</xmax>
			<ymin>273</ymin>
			<ymax>305</ymax>
		</bndbox>
	</object>
	<object>
		<name>0</name>
		<pose>Unspecified</pose>
		<truncated>0</truncated>
		<difficult>0</difficult>
		<occluded>0</occluded>
		<bndbox>
			<xmin>309</xmin>
			<xmax>320</xmax>
			<ymin>48</ymin>
			<ymax>271</ymax>
		</bndbox>
	</object>
</annotation>
