<annotation>
	<folder></folder>
	<filename>0000000389-1-Image_jpeg.rf.b9f7d252fe3b66ce1b0cd485256b721d.jpg</filename>
	<path>0000000389-1-Image_jpeg.rf.b9f7d252fe3b66ce1b0cd485256b721d.jpg</path>
	<source>
		<database>roboflow.ai</database>
	</source>
	<size>
		<width>600</width>
		<height>600</height>
		<depth>3</depth>
	</size>
	<segmented>0</segmented>
	<object>
		<name>0</name>
		<pose>Unspecified</pose>
		<truncated>0</truncated>
		<difficult>0</difficult>
		<occluded>0</occluded>
		<bndbox>
			<xmin>453</xmin>
			<xmax>460</xmax>
			<ymin>249</ymin>
			<ymax>281</ymax>
		</bndbox>
	</object>
	<object>
		<name>0</name>
		<pose>Unspecified</pose>
		<truncated>0</truncated>
		<difficult>0</difficult>
		<occluded>0</occluded>
		<bndbox>
			<xmin>457</xmin>
			<xmax>507</xmax>
			<ymin>18</ymin>
			<ymax>247</ymax>
		</bndbox>
	</object>
</annotation>
