<annotation>
	<folder></folder>
	<filename>0000000434-1-Image_jpeg.rf.11d4485ef9a104ad2af8c8041816a181.jpg</filename>
	<path>0000000434-1-Image_jpeg.rf.11d4485ef9a104ad2af8c8041816a181.jpg</path>
	<source>
		<database>roboflow.ai</database>
	</source>
	<size>
		<width>600</width>
		<height>600</height>
		<depth>3</depth>
	</size>
	<segmented>0</segmented>
	<object>
		<name>0</name>
		<pose>Unspecified</pose>
		<truncated>0</truncated>
		<difficult>0</difficult>
		<occluded>0</occluded>
		<bndbox>
			<xmin>325</xmin>
			<xmax>333</xmax>
			<ymin>327</ymin>
			<ymax>359</ymax>
		</bndbox>
	</object>
	<object>
		<name>0</name>
		<pose>Unspecified</pose>
		<truncated>0</truncated>
		<difficult>0</difficult>
		<occluded>0</occluded>
		<bndbox>
			<xmin>329</xmin>
			<xmax>385</xmax>
			<ymin>99</ymin>
			<ymax>326</ymax>
		</bndbox>
	</object>
</annotation>
