<annotation>
	<folder></folder>
	<filename>0000000723-1-Image_jpeg.rf.848d14e4817aa30b15c139e25c172c99.jpg</filename>
	<path>0000000723-1-Image_jpeg.rf.848d14e4817aa30b15c139e25c172c99.jpg</path>
	<source>
		<database>roboflow.ai</database>
	</source>
	<size>
		<width>600</width>
		<height>600</height>
		<depth>3</depth>
	</size>
	<segmented>0</segmented>
	<object>
		<name>0</name>
		<pose>Unspecified</pose>
		<truncated>0</truncated>
		<difficult>0</difficult>
		<occluded>0</occluded>
		<bndbox>
			<xmin>337</xmin>
			<xmax>346</xmax>
			<ymin>290</ymin>
			<ymax>322</ymax>
		</bndbox>
	</object>
	<object>
		<name>0</name>
		<pose>Unspecified</pose>
		<truncated>0</truncated>
		<difficult>0</difficult>
		<occluded>0</occluded>
		<bndbox>
			<xmin>296</xmin>
			<xmax>339</xmax>
			<ymin>95</ymin>
			<ymax>286</ymax>
		</bndbox>
	</object>
</annotation>
