<annotation>
	<folder></folder>
	<filename>0000001147-1-Image_jpeg.rf.8a6eab5dc33dcbd3cf15083d430f2207.jpg</filename>
	<path>0000001147-1-Image_jpeg.rf.8a6eab5dc33dcbd3cf15083d430f2207.jpg</path>
	<source>
		<database>roboflow.ai</database>
	</source>
	<size>
		<width>600</width>
		<height>600</height>
		<depth>3</depth>
	</size>
	<segmented>0</segmented>
	<object>
		<name>0</name>
		<pose>Unspecified</pose>
		<truncated>0</truncated>
		<difficult>0</difficult>
		<occluded>0</occluded>
		<bndbox>
			<xmin>297</xmin>
			<xmax>305</xmax>
			<ymin>281</ymin>
			<ymax>313</ymax>
		</bndbox>
	</object>
	<object>
		<name>0</name>
		<pose>Unspecified</pose>
		<truncated>0</truncated>
		<difficult>0</difficult>
		<occluded>0</occluded>
		<bndbox>
			<xmin>299</xmin>
			<xmax>320</xmax>
			<ymin>46</ymin>
			<ymax>280</ymax>
		</bndbox>
	</object>
</annotation>
