<annotation>
	<folder></folder>
	<filename>0000000206-1-Image_jpeg.rf.030e4e994265a44eefa04a5e045f50eb.jpg</filename>
	<path>0000000206-1-Image_jpeg.rf.030e4e994265a44eefa04a5e045f50eb.jpg</path>
	<source>
		<database>roboflow.ai</database>
	</source>
	<size>
		<width>600</width>
		<height>600</height>
		<depth>3</depth>
	</size>
	<segmented>0</segmented>
	<object>
		<name>0</name>
		<pose>Unspecified</pose>
		<truncated>0</truncated>
		<difficult>0</difficult>
		<occluded>0</occluded>
		<bndbox>
			<xmin>295</xmin>
			<xmax>305</xmax>
			<ymin>286</ymin>
			<ymax>316</ymax>
		</bndbox>
	</object>
	<object>
		<name>0</name>
		<pose>Unspecified</pose>
		<truncated>0</truncated>
		<difficult>0</difficult>
		<occluded>0</occluded>
		<bndbox>
			<xmin>301</xmin>
			<xmax>355</xmax>
			<ymin>56</ymin>
			<ymax>285</ymax>
		</bndbox>
	</object>
</annotation>
