<annotation>
	<folder></folder>
	<filename>0000000016-1-Image_jpeg.rf.4d7eac205c2b908ee0c6943b1ca6594b.jpg</filename>
	<path>0000000016-1-Image_jpeg.rf.4d7eac205c2b908ee0c6943b1ca6594b.jpg</path>
	<source>
		<database>roboflow.ai</database>
	</source>
	<size>
		<width>600</width>
		<height>600</height>
		<depth>3</depth>
	</size>
	<segmented>0</segmented>
	<object>
		<name>0</name>
		<pose>Unspecified</pose>
		<truncated>0</truncated>
		<difficult>0</difficult>
		<occluded>0</occluded>
		<bndbox>
			<xmin>297</xmin>
			<xmax>305</xmax>
			<ymin>282</ymin>
			<ymax>316</ymax>
		</bndbox>
	</object>
	<object>
		<name>0</name>
		<pose>Unspecified</pose>
		<truncated>0</truncated>
		<difficult>0</difficult>
		<occluded>0</occluded>
		<bndbox>
			<xmin>299</xmin>
			<xmax>307</xmax>
			<ymin>59</ymin>
			<ymax>282</ymax>
		</bndbox>
	</object>
</annotation>
