<annotation>
	<folder></folder>
	<filename>0000000122-1-Image_jpeg.rf.429800a4c16714880d6395335160bc16.jpg</filename>
	<path>0000000122-1-Image_jpeg.rf.429800a4c16714880d6395335160bc16.jpg</path>
	<source>
		<database>roboflow.ai</database>
	</source>
	<size>
		<width>600</width>
		<height>600</height>
		<depth>3</depth>
	</size>
	<segmented>0</segmented>
	<object>
		<name>0</name>
		<pose>Unspecified</pose>
		<truncated>0</truncated>
		<difficult>0</difficult>
		<occluded>0</occluded>
		<bndbox>
			<xmin>307</xmin>
			<xmax>316</xmax>
			<ymin>256</ymin>
			<ymax>288</ymax>
		</bndbox>
	</object>
	<object>
		<name>0</name>
		<pose>Unspecified</pose>
		<truncated>0</truncated>
		<difficult>0</difficult>
		<occluded>0</occluded>
		<bndbox>
			<xmin>311</xmin>
			<xmax>337</xmax>
			<ymin>22</ymin>
			<ymax>254</ymax>
		</bndbox>
	</object>
</annotation>
