<annotation>
	<folder></folder>
	<filename>0000000096-1-Image_jpeg.rf.f0ddada0f3176d4fce57820a790400b3.jpg</filename>
	<path>0000000096-1-Image_jpeg.rf.f0ddada0f3176d4fce57820a790400b3.jpg</path>
	<source>
		<database>roboflow.ai</database>
	</source>
	<size>
		<width>600</width>
		<height>600</height>
		<depth>3</depth>
	</size>
	<segmented>0</segmented>
	<object>
		<name>0</name>
		<pose>Unspecified</pose>
		<truncated>0</truncated>
		<difficult>0</difficult>
		<occluded>0</occluded>
		<bndbox>
			<xmin>318</xmin>
			<xmax>325</xmax>
			<ymin>234</ymin>
			<ymax>266</ymax>
		</bndbox>
	</object>
	<object>
		<name>0</name>
		<pose>Unspecified</pose>
		<truncated>0</truncated>
		<difficult>0</difficult>
		<occluded>0</occluded>
		<bndbox>
			<xmin>320</xmin>
			<xmax>354</xmax>
			<ymin>1</ymin>
			<ymax>232</ymax>
		</bndbox>
	</object>
</annotation>
