<annotation>
	<folder></folder>
	<filename>0000000966-1-Image_jpeg.rf.429917ee95788131505d860afdaa8e78.jpg</filename>
	<path>0000000966-1-Image_jpeg.rf.429917ee95788131505d860afdaa8e78.jpg</path>
	<source>
		<database>roboflow.ai</database>
	</source>
	<size>
		<width>600</width>
		<height>600</height>
		<depth>3</depth>
	</size>
	<segmented>0</segmented>
	<object>
		<name>0</name>
		<pose>Unspecified</pose>
		<truncated>0</truncated>
		<difficult>0</difficult>
		<occluded>0</occluded>
		<bndbox>
			<xmin>331</xmin>
			<xmax>340</xmax>
			<ymin>247</ymin>
			<ymax>279</ymax>
		</bndbox>
	</object>
	<object>
		<name>0</name>
		<pose>Unspecified</pose>
		<truncated>0</truncated>
		<difficult>0</difficult>
		<occluded>0</occluded>
		<bndbox>
			<xmin>333</xmin>
			<xmax>338</xmax>
			<ymin>22</ymin>
			<ymax>245</ymax>
		</bndbox>
	</object>
</annotation>
