<annotation>
	<folder></folder>
	<filename>0000001229-1-Image_jpeg.rf.bb169dc440296f55327691499272b9c2.jpg</filename>
	<path>0000001229-1-Image_jpeg.rf.bb169dc440296f55327691499272b9c2.jpg</path>
	<source>
		<database>roboflow.ai</database>
	</source>
	<size>
		<width>600</width>
		<height>600</height>
		<depth>3</depth>
	</size>
	<segmented>0</segmented>
	<object>
		<name>0</name>
		<pose>Unspecified</pose>
		<truncated>0</truncated>
		<difficult>0</difficult>
		<occluded>0</occluded>
		<bndbox>
			<xmin>254</xmin>
			<xmax>264</xmax>
			<ymin>307</ymin>
			<ymax>339</ymax>
		</bndbox>
	</object>
	<object>
		<name>0</name>
		<pose>Unspecified</pose>
		<truncated>0</truncated>
		<difficult>0</difficult>
		<occluded>0</occluded>
		<bndbox>
			<xmin>247</xmin>
			<xmax>262</xmax>
			<ymin>71</ymin>
			<ymax>270</ymax>
		</bndbox>
	</object>
</annotation>
