<annotation>
	<folder></folder>
	<filename>0000000350-1-Image_jpeg.rf.0f3c864ee2c3956b0efa19ef6eee8606.jpg</filename>
	<path>0000000350-1-Image_jpeg.rf.0f3c864ee2c3956b0efa19ef6eee8606.jpg</path>
	<source>
		<database>roboflow.ai</database>
	</source>
	<size>
		<width>600</width>
		<height>600</height>
		<depth>3</depth>
	</size>
	<segmented>0</segmented>
	<object>
		<name>0</name>
		<pose>Unspecified</pose>
		<truncated>0</truncated>
		<difficult>0</difficult>
		<occluded>0</occluded>
		<bndbox>
			<xmin>290</xmin>
			<xmax>299</xmax>
			<ymin>275</ymin>
			<ymax>307</ymax>
		</bndbox>
	</object>
	<object>
		<name>0</name>
		<pose>Unspecified</pose>
		<truncated>0</truncated>
		<difficult>0</difficult>
		<occluded>0</occluded>
		<bndbox>
			<xmin>292</xmin>
			<xmax>331</xmax>
			<ymin>42</ymin>
			<ymax>273</ymax>
		</bndbox>
	</object>
</annotation>
