<annotation>
	<folder></folder>
	<filename>0000001205-1-Image_jpeg.rf.f29ffe03f26d50e02de613d183224f08.jpg</filename>
	<path>0000001205-1-Image_jpeg.rf.f29ffe03f26d50e02de613d183224f08.jpg</path>
	<source>
		<database>roboflow.ai</database>
	</source>
	<size>
		<width>600</width>
		<height>600</height>
		<depth>3</depth>
	</size>
	<segmented>0</segmented>
	<object>
		<name>0</name>
		<pose>Unspecified</pose>
		<truncated>0</truncated>
		<difficult>0</difficult>
		<occluded>0</occluded>
		<bndbox>
			<xmin>307</xmin>
			<xmax>316</xmax>
			<ymin>275</ymin>
			<ymax>305</ymax>
		</bndbox>
	</object>
	<object>
		<name>0</name>
		<pose>Unspecified</pose>
		<truncated>0</truncated>
		<difficult>0</difficult>
		<occluded>0</occluded>
		<bndbox>
			<xmin>311</xmin>
			<xmax>371</xmax>
			<ymin>52</ymin>
			<ymax>273</ymax>
		</bndbox>
	</object>
</annotation>
