<annotation>
	<folder></folder>
	<filename>0000000147-1-Image_jpeg.rf.f4a88233ed1eca88a5d173843c1320aa.jpg</filename>
	<path>0000000147-1-Image_jpeg.rf.f4a88233ed1eca88a5d173843c1320aa.jpg</path>
	<source>
		<database>roboflow.ai</database>
	</source>
	<size>
		<width>600</width>
		<height>600</height>
		<depth>3</depth>
	</size>
	<segmented>0</segmented>
	<object>
		<name>0</name>
		<pose>Unspecified</pose>
		<truncated>0</truncated>
		<difficult>0</difficult>
		<occluded>0</occluded>
		<bndbox>
			<xmin>301</xmin>
			<xmax>310</xmax>
			<ymin>282</ymin>
			<ymax>312</ymax>
		</bndbox>
	</object>
	<object>
		<name>0</name>
		<pose>Unspecified</pose>
		<truncated>0</truncated>
		<difficult>0</difficult>
		<occluded>0</occluded>
		<bndbox>
			<xmin>286</xmin>
			<xmax>307</xmax>
			<ymin>46</ymin>
			<ymax>280</ymax>
		</bndbox>
	</object>
</annotation>
