<annotation>
	<folder></folder>
	<filename>0000000220-1-Image_jpeg.rf.3172b532f75c9cf5750f51f350e0835a.jpg</filename>
	<path>0000000220-1-Image_jpeg.rf.3172b532f75c9cf5750f51f350e0835a.jpg</path>
	<source>
		<database>roboflow.ai</database>
	</source>
	<size>
		<width>600</width>
		<height>600</height>
		<depth>3</depth>
	</size>
	<segmented>0</segmented>
	<object>
		<name>0</name>
		<pose>Unspecified</pose>
		<truncated>0</truncated>
		<difficult>0</difficult>
		<occluded>0</occluded>
		<bndbox>
			<xmin>372</xmin>
			<xmax>382</xmax>
			<ymin>271</ymin>
			<ymax>303</ymax>
		</bndbox>
	</object>
	<object>
		<name>0</name>
		<pose>Unspecified</pose>
		<truncated>0</truncated>
		<difficult>0</difficult>
		<occluded>0</occluded>
		<bndbox>
			<xmin>320</xmin>
			<xmax>367</xmax>
			<ymin>44</ymin>
			<ymax>166</ymax>
		</bndbox>
	</object>
</annotation>
