<annotation>
	<folder></folder>
	<filename>0000000024-1-Image_jpeg.rf.d6c382c012bd029048488da8a2511b4b.jpg</filename>
	<path>0000000024-1-Image_jpeg.rf.d6c382c012bd029048488da8a2511b4b.jpg</path>
	<source>
		<database>roboflow.ai</database>
	</source>
	<size>
		<width>600</width>
		<height>600</height>
		<depth>3</depth>
	</size>
	<segmented>0</segmented>
	<object>
		<name>0</name>
		<pose>Unspecified</pose>
		<truncated>0</truncated>
		<difficult>0</difficult>
		<occluded>0</occluded>
		<bndbox>
			<xmin>303</xmin>
			<xmax>312</xmax>
			<ymin>344</ymin>
			<ymax>376</ymax>
		</bndbox>
	</object>
	<object>
		<name>0</name>
		<pose>Unspecified</pose>
		<truncated>0</truncated>
		<difficult>0</difficult>
		<occluded>0</occluded>
		<bndbox>
			<xmin>260</xmin>
			<xmax>309</xmax>
			<ymin>116</ymin>
			<ymax>343</ymax>
		</bndbox>
	</object>
</annotation>
