<annotation>
	<folder></folder>
	<filename>0000001357-1-Image_jpeg.rf.d600720fb82bf3737cf6517773e02bc4.jpg</filename>
	<path>0000001357-1-Image_jpeg.rf.d600720fb82bf3737cf6517773e02bc4.jpg</path>
	<source>
		<database>roboflow.ai</database>
	</source>
	<size>
		<width>600</width>
		<height>600</height>
		<depth>3</depth>
	</size>
	<segmented>0</segmented>
	<object>
		<name>0</name>
		<pose>Unspecified</pose>
		<truncated>0</truncated>
		<difficult>0</difficult>
		<occluded>0</occluded>
		<bndbox>
			<xmin>322</xmin>
			<xmax>331</xmax>
			<ymin>221</ymin>
			<ymax>251</ymax>
		</bndbox>
	</object>
	<object>
		<name>0</name>
		<pose>Unspecified</pose>
		<truncated>0</truncated>
		<difficult>0</difficult>
		<occluded>0</occluded>
		<bndbox>
			<xmin>311</xmin>
			<xmax>328</xmax>
			<ymin>114</ymin>
			<ymax>219</ymax>
		</bndbox>
	</object>
</annotation>
