<annotation>
	<folder></folder>
	<filename>0000000205-1-Image_jpeg.rf.00d9d7e0723997c4feabd172cc8fc3c7.jpg</filename>
	<path>0000000205-1-Image_jpeg.rf.00d9d7e0723997c4feabd172cc8fc3c7.jpg</path>
	<source>
		<database>roboflow.ai</database>
	</source>
	<size>
		<width>600</width>
		<height>600</height>
		<depth>3</depth>
	</size>
	<segmented>0</segmented>
	<object>
		<name>0</name>
		<pose>Unspecified</pose>
		<truncated>0</truncated>
		<difficult>0</difficult>
		<occluded>0</occluded>
		<bndbox>
			<xmin>295</xmin>
			<xmax>305</xmax>
			<ymin>262</ymin>
			<ymax>294</ymax>
		</bndbox>
	</object>
	<object>
		<name>0</name>
		<pose>Unspecified</pose>
		<truncated>0</truncated>
		<difficult>0</difficult>
		<occluded>0</occluded>
		<bndbox>
			<xmin>282</xmin>
			<xmax>301</xmax>
			<ymin>130</ymin>
			<ymax>260</ymax>
		</bndbox>
	</object>
</annotation>
