<annotation>
	<folder></folder>
	<filename>0000001353-1-Image_jpeg.rf.66fb8a9262b44c047f668febee7d8767.jpg</filename>
	<path>0000001353-1-Image_jpeg.rf.66fb8a9262b44c047f668febee7d8767.jpg</path>
	<source>
		<database>roboflow.ai</database>
	</source>
	<size>
		<width>600</width>
		<height>600</height>
		<depth>3</depth>
	</size>
	<segmented>0</segmented>
	<object>
		<name>0</name>
		<pose>Unspecified</pose>
		<truncated>0</truncated>
		<difficult>0</difficult>
		<occluded>0</occluded>
		<bndbox>
			<xmin>290</xmin>
			<xmax>299</xmax>
			<ymin>266</ymin>
			<ymax>298</ymax>
		</bndbox>
	</object>
	<object>
		<name>0</name>
		<pose>Unspecified</pose>
		<truncated>0</truncated>
		<difficult>0</difficult>
		<occluded>0</occluded>
		<bndbox>
			<xmin>251</xmin>
			<xmax>296</xmax>
			<ymin>46</ymin>
			<ymax>264</ymax>
		</bndbox>
	</object>
</annotation>
