<annotation>
	<folder></folder>
	<filename>0000000581-1-Image_jpeg.rf.d6bdcc679fb9d636158e68e0e49d9eda.jpg</filename>
	<path>0000000581-1-Image_jpeg.rf.d6bdcc679fb9d636158e68e0e49d9eda.jpg</path>
	<source>
		<database>roboflow.ai</database>
	</source>
	<size>
		<width>600</width>
		<height>600</height>
		<depth>3</depth>
	</size>
	<segmented>0</segmented>
	<object>
		<name>0</name>
		<pose>Unspecified</pose>
		<truncated>0</truncated>
		<difficult>0</difficult>
		<occluded>0</occluded>
		<bndbox>
			<xmin>290</xmin>
			<xmax>299</xmax>
			<ymin>251</ymin>
			<ymax>283</ymax>
		</bndbox>
	</object>
	<object>
		<name>0</name>
		<pose>Unspecified</pose>
		<truncated>0</truncated>
		<difficult>0</difficult>
		<occluded>0</occluded>
		<bndbox>
			<xmin>296</xmin>
			<xmax>345</xmax>
			<ymin>24</ymin>
			<ymax>249</ymax>
		</bndbox>
	</object>
</annotation>
