<annotation>
	<folder></folder>
	<filename>0000000181-1-Image_jpeg.rf.1ffcd97fab4dfac116d7d60237a6744f.jpg</filename>
	<path>0000000181-1-Image_jpeg.rf.1ffcd97fab4dfac116d7d60237a6744f.jpg</path>
	<source>
		<database>roboflow.ai</database>
	</source>
	<size>
		<width>600</width>
		<height>600</height>
		<depth>3</depth>
	</size>
	<segmented>0</segmented>
	<object>
		<name>0</name>
		<pose>Unspecified</pose>
		<truncated>0</truncated>
		<difficult>0</difficult>
		<occluded>0</occluded>
		<bndbox>
			<xmin>273</xmin>
			<xmax>282</xmax>
			<ymin>297</ymin>
			<ymax>327</ymax>
		</bndbox>
	</object>
	<object>
		<name>0</name>
		<pose>Unspecified</pose>
		<truncated>0</truncated>
		<difficult>0</difficult>
		<occluded>0</occluded>
		<bndbox>
			<xmin>258</xmin>
			<xmax>278</xmax>
			<ymin>61</ymin>
			<ymax>295</ymax>
		</bndbox>
	</object>
</annotation>
