<annotation>
	<folder></folder>
	<filename>0000000812-1-Image_jpeg.rf.377210227cd18e7d3ca09959a7c737e4.jpg</filename>
	<path>0000000812-1-Image_jpeg.rf.377210227cd18e7d3ca09959a7c737e4.jpg</path>
	<source>
		<database>roboflow.ai</database>
	</source>
	<size>
		<width>600</width>
		<height>600</height>
		<depth>3</depth>
	</size>
	<segmented>0</segmented>
	<object>
		<name>0</name>
		<pose>Unspecified</pose>
		<truncated>0</truncated>
		<difficult>0</difficult>
		<occluded>0</occluded>
		<bndbox>
			<xmin>299</xmin>
			<xmax>309</xmax>
			<ymin>267</ymin>
			<ymax>299</ymax>
		</bndbox>
	</object>
	<object>
		<name>0</name>
		<pose>Unspecified</pose>
		<truncated>0</truncated>
		<difficult>0</difficult>
		<occluded>0</occluded>
		<bndbox>
			<xmin>292</xmin>
			<xmax>307</xmax>
			<ymin>31</ymin>
			<ymax>265</ymax>
		</bndbox>
	</object>
</annotation>
