<annotation>
	<folder></folder>
	<filename>0000000314-1-Image_jpeg.rf.3b2db184cc24aa08dc994422d38f0df3.jpg</filename>
	<path>0000000314-1-Image_jpeg.rf.3b2db184cc24aa08dc994422d38f0df3.jpg</path>
	<source>
		<database>roboflow.ai</database>
	</source>
	<size>
		<width>600</width>
		<height>600</height>
		<depth>3</depth>
	</size>
	<segmented>0</segmented>
	<object>
		<name>0</name>
		<pose>Unspecified</pose>
		<truncated>0</truncated>
		<difficult>0</difficult>
		<occluded>0</occluded>
		<bndbox>
			<xmin>217</xmin>
			<xmax>224</xmax>
			<ymin>262</ymin>
			<ymax>294</ymax>
		</bndbox>
	</object>
	<object>
		<name>0</name>
		<pose>Unspecified</pose>
		<truncated>0</truncated>
		<difficult>0</difficult>
		<occluded>0</occluded>
		<bndbox>
			<xmin>194</xmin>
			<xmax>222</xmax>
			<ymin>27</ymin>
			<ymax>258</ymax>
		</bndbox>
	</object>
</annotation>
