<annotation>
	<folder></folder>
	<filename>0000000521-1-Image_jpeg.rf.b8f7917113f1eb068df251d003f69816.jpg</filename>
	<path>0000000521-1-Image_jpeg.rf.b8f7917113f1eb068df251d003f69816.jpg</path>
	<source>
		<database>roboflow.ai</database>
	</source>
	<size>
		<width>600</width>
		<height>600</height>
		<depth>3</depth>
	</size>
	<segmented>0</segmented>
	<object>
		<name>0</name>
		<pose>Unspecified</pose>
		<truncated>0</truncated>
		<difficult>0</difficult>
		<occluded>0</occluded>
		<bndbox>
			<xmin>327</xmin>
			<xmax>337</xmax>
			<ymin>277</ymin>
			<ymax>307</ymax>
		</bndbox>
	</object>
	<object>
		<name>0</name>
		<pose>Unspecified</pose>
		<truncated>0</truncated>
		<difficult>0</difficult>
		<occluded>0</occluded>
		<bndbox>
			<xmin>333</xmin>
			<xmax>400</xmax>
			<ymin>52</ymin>
			<ymax>275</ymax>
		</bndbox>
	</object>
</annotation>
