<annotation>
	<folder></folder>
	<filename>0000000514-1-Image_jpeg.rf.cc8dc3566b3dda89e4ecfafad2a34d9e.jpg</filename>
	<path>0000000514-1-Image_jpeg.rf.cc8dc3566b3dda89e4ecfafad2a34d9e.jpg</path>
	<source>
		<database>roboflow.ai</database>
	</source>
	<size>
		<width>600</width>
		<height>600</height>
		<depth>3</depth>
	</size>
	<segmented>0</segmented>
	<object>
		<name>0</name>
		<pose>Unspecified</pose>
		<truncated>0</truncated>
		<difficult>0</difficult>
		<occluded>0</occluded>
		<bndbox>
			<xmin>299</xmin>
			<xmax>307</xmax>
			<ymin>301</ymin>
			<ymax>333</ymax>
		</bndbox>
	</object>
	<object>
		<name>0</name>
		<pose>Unspecified</pose>
		<truncated>0</truncated>
		<difficult>0</difficult>
		<occluded>0</occluded>
		<bndbox>
			<xmin>303</xmin>
			<xmax>380</xmax>
			<ymin>69</ymin>
			<ymax>299</ymax>
		</bndbox>
	</object>
</annotation>
