<annotation>
	<folder></folder>
	<filename>0000001317-1-Image_jpeg.rf.9e543c36267d0590b2775967d091032c.jpg</filename>
	<path>0000001317-1-Image_jpeg.rf.9e543c36267d0590b2775967d091032c.jpg</path>
	<source>
		<database>roboflow.ai</database>
	</source>
	<size>
		<width>600</width>
		<height>600</height>
		<depth>3</depth>
	</size>
	<segmented>0</segmented>
	<object>
		<name>0</name>
		<pose>Unspecified</pose>
		<truncated>0</truncated>
		<difficult>0</difficult>
		<occluded>0</occluded>
		<bndbox>
			<xmin>282</xmin>
			<xmax>292</xmax>
			<ymin>286</ymin>
			<ymax>316</ymax>
		</bndbox>
	</object>
	<object>
		<name>0</name>
		<pose>Unspecified</pose>
		<truncated>0</truncated>
		<difficult>0</difficult>
		<occluded>0</occluded>
		<bndbox>
			<xmin>288</xmin>
			<xmax>316</xmax>
			<ymin>108</ymin>
			<ymax>282</ymax>
		</bndbox>
	</object>
</annotation>
