<annotation>
	<folder></folder>
	<filename>0000000583-1-Image_jpeg.rf.5814d734182465f2f16ab4cfdce17b19.jpg</filename>
	<path>0000000583-1-Image_jpeg.rf.5814d734182465f2f16ab4cfdce17b19.jpg</path>
	<source>
		<database>roboflow.ai</database>
	</source>
	<size>
		<width>600</width>
		<height>600</height>
		<depth>3</depth>
	</size>
	<segmented>0</segmented>
	<object>
		<name>0</name>
		<pose>Unspecified</pose>
		<truncated>0</truncated>
		<difficult>0</difficult>
		<occluded>0</occluded>
		<bndbox>
			<xmin>305</xmin>
			<xmax>312</xmax>
			<ymin>371</ymin>
			<ymax>403</ymax>
		</bndbox>
	</object>
</annotation>
