<annotation>
	<folder></folder>
	<filename>0000000104-1-Image_jpeg.rf.884eaff471e80e7e0e49263c416c98dd.jpg</filename>
	<path>0000000104-1-Image_jpeg.rf.884eaff471e80e7e0e49263c416c98dd.jpg</path>
	<source>
		<database>roboflow.ai</database>
	</source>
	<size>
		<width>600</width>
		<height>600</height>
		<depth>3</depth>
	</size>
	<segmented>0</segmented>
	<object>
		<name>0</name>
		<pose>Unspecified</pose>
		<truncated>0</truncated>
		<difficult>0</difficult>
		<occluded>0</occluded>
		<bndbox>
			<xmin>168</xmin>
			<xmax>175</xmax>
			<ymin>221</ymin>
			<ymax>253</ymax>
		</bndbox>
	</object>
	<object>
		<name>0</name>
		<pose>Unspecified</pose>
		<truncated>0</truncated>
		<difficult>0</difficult>
		<occluded>0</occluded>
		<bndbox>
			<xmin>170</xmin>
			<xmax>175</xmax>
			<ymin>7</ymin>
			<ymax>219</ymax>
		</bndbox>
	</object>
</annotation>
