<annotation>
	<folder></folder>
	<filename>0000000368-1-Image_jpeg.rf.4b584256367711a4e2bfe4935fca2add.jpg</filename>
	<path>0000000368-1-Image_jpeg.rf.4b584256367711a4e2bfe4935fca2add.jpg</path>
	<source>
		<database>roboflow.ai</database>
	</source>
	<size>
		<width>600</width>
		<height>600</height>
		<depth>3</depth>
	</size>
	<segmented>0</segmented>
	<object>
		<name>0</name>
		<pose>Unspecified</pose>
		<truncated>0</truncated>
		<difficult>0</difficult>
		<occluded>0</occluded>
		<bndbox>
			<xmin>265</xmin>
			<xmax>273</xmax>
			<ymin>292</ymin>
			<ymax>324</ymax>
		</bndbox>
	</object>
	<object>
		<name>0</name>
		<pose>Unspecified</pose>
		<truncated>0</truncated>
		<difficult>0</difficult>
		<occluded>0</occluded>
		<bndbox>
			<xmin>204</xmin>
			<xmax>269</xmax>
			<ymin>69</ymin>
			<ymax>290</ymax>
		</bndbox>
	</object>
</annotation>
