<annotation>
	<folder></folder>
	<filename>0000000318-1-Image_jpeg.rf.4404314f7588916ad712de2b805119ff.jpg</filename>
	<path>0000000318-1-Image_jpeg.rf.4404314f7588916ad712de2b805119ff.jpg</path>
	<source>
		<database>roboflow.ai</database>
	</source>
	<size>
		<width>600</width>
		<height>600</height>
		<depth>3</depth>
	</size>
	<segmented>0</segmented>
	<object>
		<name>0</name>
		<pose>Unspecified</pose>
		<truncated>0</truncated>
		<difficult>0</difficult>
		<occluded>0</occluded>
		<bndbox>
			<xmin>442</xmin>
			<xmax>449</xmax>
			<ymin>271</ymin>
			<ymax>303</ymax>
		</bndbox>
	</object>
</annotation>
