<annotation>
	<folder></folder>
	<filename>0000000552-1-Image_jpeg.rf.6537bd00a5af536e6688280e4bed53f1.jpg</filename>
	<path>0000000552-1-Image_jpeg.rf.6537bd00a5af536e6688280e4bed53f1.jpg</path>
	<source>
		<database>roboflow.ai</database>
	</source>
	<size>
		<width>600</width>
		<height>600</height>
		<depth>3</depth>
	</size>
	<segmented>0</segmented>
	<object>
		<name>0</name>
		<pose>Unspecified</pose>
		<truncated>0</truncated>
		<difficult>0</difficult>
		<occluded>0</occluded>
		<bndbox>
			<xmin>256</xmin>
			<xmax>264</xmax>
			<ymin>179</ymin>
			<ymax>207</ymax>
		</bndbox>
	</object>
	<object>
		<name>0</name>
		<pose>Unspecified</pose>
		<truncated>0</truncated>
		<difficult>0</difficult>
		<occluded>0</occluded>
		<bndbox>
			<xmin>245</xmin>
			<xmax>262</xmax>
			<ymin>3</ymin>
			<ymax>177</ymax>
		</bndbox>
	</object>
</annotation>
