<annotation>
	<folder></folder>
	<filename>0000001347-1-Image_jpeg.rf.a96e6350147e56b62ce6a9f1ec7d59bc.jpg</filename>
	<path>0000001347-1-Image_jpeg.rf.a96e6350147e56b62ce6a9f1ec7d59bc.jpg</path>
	<source>
		<database>roboflow.ai</database>
	</source>
	<size>
		<width>600</width>
		<height>600</height>
		<depth>3</depth>
	</size>
	<segmented>0</segmented>
	<object>
		<name>0</name>
		<pose>Unspecified</pose>
		<truncated>0</truncated>
		<difficult>0</difficult>
		<occluded>0</occluded>
		<bndbox>
			<xmin>318</xmin>
			<xmax>320</xmax>
			<ymin>316</ymin>
			<ymax>324</ymax>
		</bndbox>
	</object>
</annotation>
