<annotation>
	<folder></folder>
	<filename>0000001213-1-Image_jpeg.rf.c694d60968be44c82cfc2793d92f9c40.jpg</filename>
	<path>0000001213-1-Image_jpeg.rf.c694d60968be44c82cfc2793d92f9c40.jpg</path>
	<source>
		<database>roboflow.ai</database>
	</source>
	<size>
		<width>600</width>
		<height>600</height>
		<depth>3</depth>
	</size>
	<segmented>0</segmented>
	<object>
		<name>0</name>
		<pose>Unspecified</pose>
		<truncated>0</truncated>
		<difficult>0</difficult>
		<occluded>0</occluded>
		<bndbox>
			<xmin>294</xmin>
			<xmax>296</xmax>
			<ymin>286</ymin>
			<ymax>295</ymax>
		</bndbox>
	</object>
	<object>
		<name>0</name>
		<pose>Unspecified</pose>
		<truncated>0</truncated>
		<difficult>0</difficult>
		<occluded>0</occluded>
		<bndbox>
			<xmin>295</xmin>
			<xmax>305</xmax>
			<ymin>221</ymin>
			<ymax>277</ymax>
		</bndbox>
	</object>
</annotation>
