<annotation>
	<folder></folder>
	<filename>0000000727-1-Image_jpeg.rf.51586407c6cac225faaf48f6f2d4d47b.jpg</filename>
	<path>0000000727-1-Image_jpeg.rf.51586407c6cac225faaf48f6f2d4d47b.jpg</path>
	<source>
		<database>roboflow.ai</database>
	</source>
	<size>
		<width>600</width>
		<height>600</height>
		<depth>3</depth>
	</size>
	<segmented>0</segmented>
	<object>
		<name>0</name>
		<pose>Unspecified</pose>
		<truncated>0</truncated>
		<difficult>0</difficult>
		<occluded>0</occluded>
		<bndbox>
			<xmin>309</xmin>
			<xmax>311</xmax>
			<ymin>295</ymin>
			<ymax>303</ymax>
		</bndbox>
	</object>
	<object>
		<name>0</name>
		<pose>Unspecified</pose>
		<truncated>0</truncated>
		<difficult>0</difficult>
		<occluded>0</occluded>
		<bndbox>
			<xmin>310</xmin>
			<xmax>314</xmax>
			<ymin>228</ymin>
			<ymax>290</ymax>
		</bndbox>
	</object>
</annotation>
