<annotation>
	<folder></folder>
	<filename>0000000826-1-Image_jpeg.rf.a4e3a3ae4a86e64483b3c3b1c47907f3.jpg</filename>
	<path>0000000826-1-Image_jpeg.rf.a4e3a3ae4a86e64483b3c3b1c47907f3.jpg</path>
	<source>
		<database>roboflow.ai</database>
	</source>
	<size>
		<width>600</width>
		<height>600</height>
		<depth>3</depth>
	</size>
	<segmented>0</segmented>
	<object>
		<name>0</name>
		<pose>Unspecified</pose>
		<truncated>0</truncated>
		<difficult>0</difficult>
		<occluded>0</occluded>
		<bndbox>
			<xmin>311</xmin>
			<xmax>313</xmax>
			<ymin>303</ymin>
			<ymax>312</ymax>
		</bndbox>
	</object>
	<object>
		<name>0</name>
		<pose>Unspecified</pose>
		<truncated>0</truncated>
		<difficult>0</difficult>
		<occluded>0</occluded>
		<bndbox>
			<xmin>307</xmin>
			<xmax>309</xmax>
			<ymin>256</ymin>
			<ymax>294</ymax>
		</bndbox>
	</object>
</annotation>
