<annotation>
	<folder></folder>
	<filename>0000000258-1-Image_jpeg.rf.d282b87ea323a6cf5231ad8f2f52196c.jpg</filename>
	<path>0000000258-1-Image_jpeg.rf.d282b87ea323a6cf5231ad8f2f52196c.jpg</path>
	<source>
		<database>roboflow.ai</database>
	</source>
	<size>
		<width>600</width>
		<height>600</height>
		<depth>3</depth>
	</size>
	<segmented>0</segmented>
	<object>
		<name>0</name>
		<pose>Unspecified</pose>
		<truncated>0</truncated>
		<difficult>0</difficult>
		<occluded>0</occluded>
		<bndbox>
			<xmin>269</xmin>
			<xmax>288</xmax>
			<ymin>223</ymin>
			<ymax>296</ymax>
		</bndbox>
	</object>
</annotation>
