<annotation>
	<folder></folder>
	<filename>0000001073-1-Image_jpeg.rf.1776567ccefd922e8125b363470126ac.jpg</filename>
	<path>0000001073-1-Image_jpeg.rf.1776567ccefd922e8125b363470126ac.jpg</path>
	<source>
		<database>roboflow.ai</database>
	</source>
	<size>
		<width>600</width>
		<height>600</height>
		<depth>3</depth>
	</size>
	<segmented>0</segmented>
	<object>
		<name>0</name>
		<pose>Unspecified</pose>
		<truncated>0</truncated>
		<difficult>0</difficult>
		<occluded>0</occluded>
		<bndbox>
			<xmin>299</xmin>
			<xmax>301</xmax>
			<ymin>258</ymin>
			<ymax>280</ymax>
		</bndbox>
	</object>
</annotation>
