<annotation>
	<folder></folder>
	<filename>0000000828-1-Image_jpeg.rf.f162d0dd889940a5fc6c7c7f2b5b814d.jpg</filename>
	<path>0000000828-1-Image_jpeg.rf.f162d0dd889940a5fc6c7c7f2b5b814d.jpg</path>
	<source>
		<database>roboflow.ai</database>
	</source>
	<size>
		<width>600</width>
		<height>600</height>
		<depth>3</depth>
	</size>
	<segmented>0</segmented>
	<object>
		<name>0</name>
		<pose>Unspecified</pose>
		<truncated>0</truncated>
		<difficult>0</difficult>
		<occluded>0</occluded>
		<bndbox>
			<xmin>286</xmin>
			<xmax>288</xmax>
			<ymin>288</ymin>
			<ymax>295</ymax>
		</bndbox>
	</object>
	<object>
		<name>0</name>
		<pose>Unspecified</pose>
		<truncated>0</truncated>
		<difficult>0</difficult>
		<occluded>0</occluded>
		<bndbox>
			<xmin>290</xmin>
			<xmax>292</xmax>
			<ymin>235</ymin>
			<ymax>271</ymax>
		</bndbox>
	</object>
</annotation>
