<annotation>
	<folder></folder>
	<filename>0000001380-1-Image_jpeg.rf.068a2cdf57d55d7a4162cee2e42133bf.jpg</filename>
	<path>0000001380-1-Image_jpeg.rf.068a2cdf57d55d7a4162cee2e42133bf.jpg</path>
	<source>
		<database>roboflow.ai</database>
	</source>
	<size>
		<width>600</width>
		<height>600</height>
		<depth>3</depth>
	</size>
	<segmented>0</segmented>
	<object>
		<name>0</name>
		<pose>Unspecified</pose>
		<truncated>0</truncated>
		<difficult>0</difficult>
		<occluded>0</occluded>
		<bndbox>
			<xmin>290</xmin>
			<xmax>295</xmax>
			<ymin>241</ymin>
			<ymax>279</ymax>
		</bndbox>
	</object>
</annotation>
