<annotation>
	<folder></folder>
	<filename>0000000871-1-Image_jpeg.rf.2db8b7804ee58acf8216b2fd31cbaa72.jpg</filename>
	<path>0000000871-1-Image_jpeg.rf.2db8b7804ee58acf8216b2fd31cbaa72.jpg</path>
	<source>
		<database>roboflow.ai</database>
	</source>
	<size>
		<width>600</width>
		<height>600</height>
		<depth>3</depth>
	</size>
	<segmented>0</segmented>
	<object>
		<name>0</name>
		<pose>Unspecified</pose>
		<truncated>0</truncated>
		<difficult>0</difficult>
		<occluded>0</occluded>
		<bndbox>
			<xmin>305</xmin>
			<xmax>307</xmax>
			<ymin>316</ymin>
			<ymax>324</ymax>
		</bndbox>
	</object>
</annotation>
