<annotation>
	<folder></folder>
	<filename>0000000649-1-Image_jpeg.rf.afe4cf31e0d50d0c081aace13e3ae916.jpg</filename>
	<path>0000000649-1-Image_jpeg.rf.afe4cf31e0d50d0c081aace13e3ae916.jpg</path>
	<source>
		<database>roboflow.ai</database>
	</source>
	<size>
		<width>600</width>
		<height>600</height>
		<depth>3</depth>
	</size>
	<segmented>0</segmented>
	<object>
		<name>0</name>
		<pose>Unspecified</pose>
		<truncated>0</truncated>
		<difficult>0</difficult>
		<occluded>0</occluded>
		<bndbox>
			<xmin>305</xmin>
			<xmax>324</xmax>
			<ymin>224</ymin>
			<ymax>297</ymax>
		</bndbox>
	</object>
</annotation>
