<annotation>
	<folder></folder>
	<filename>0000000935-1-Image_jpeg.rf.c17335859b8d3aa28a98a138ab95b68a.jpg</filename>
	<path>0000000935-1-Image_jpeg.rf.c17335859b8d3aa28a98a138ab95b68a.jpg</path>
	<source>
		<database>roboflow.ai</database>
	</source>
	<size>
		<width>600</width>
		<height>600</height>
		<depth>3</depth>
	</size>
	<segmented>0</segmented>
	<object>
		<name>0</name>
		<pose>Unspecified</pose>
		<truncated>0</truncated>
		<difficult>0</difficult>
		<occluded>0</occluded>
		<bndbox>
			<xmin>275</xmin>
			<xmax>277</xmax>
			<ymin>297</ymin>
			<ymax>305</ymax>
		</bndbox>
	</object>
	<object>
		<name>0</name>
		<pose>Unspecified</pose>
		<truncated>0</truncated>
		<difficult>0</difficult>
		<occluded>0</occluded>
		<bndbox>
			<xmin>269</xmin>
			<xmax>277</xmax>
			<ymin>219</ymin>
			<ymax>296</ymax>
		</bndbox>
	</object>
</annotation>
