<annotation>
	<folder></folder>
	<filename>0000001492-1-Image_jpeg.rf.4943fc35846f7d072d3338fa544c3242.jpg</filename>
	<path>0000001492-1-Image_jpeg.rf.4943fc35846f7d072d3338fa544c3242.jpg</path>
	<source>
		<database>roboflow.ai</database>
	</source>
	<size>
		<width>600</width>
		<height>600</height>
		<depth>3</depth>
	</size>
	<segmented>0</segmented>
	<object>
		<name>0</name>
		<pose>Unspecified</pose>
		<truncated>0</truncated>
		<difficult>0</difficult>
		<occluded>0</occluded>
		<bndbox>
			<xmin>305</xmin>
			<xmax>307</xmax>
			<ymin>273</ymin>
			<ymax>280</ymax>
		</bndbox>
	</object>
</annotation>
