<annotation>
	<folder></folder>
	<filename>0000000585-1-Image_jpeg.rf.5254b33e056bf1bdf27b1f7175c396a0.jpg</filename>
	<path>0000000585-1-Image_jpeg.rf.5254b33e056bf1bdf27b1f7175c396a0.jpg</path>
	<source>
		<database>roboflow.ai</database>
	</source>
	<size>
		<width>600</width>
		<height>600</height>
		<depth>3</depth>
	</size>
	<segmented>0</segmented>
	<object>
		<name>0</name>
		<pose>Unspecified</pose>
		<truncated>0</truncated>
		<difficult>0</difficult>
		<occluded>0</occluded>
		<bndbox>
			<xmin>294</xmin>
			<xmax>296</xmax>
			<ymin>310</ymin>
			<ymax>320</ymax>
		</bndbox>
	</object>
	<object>
		<name>0</name>
		<pose>Unspecified</pose>
		<truncated>0</truncated>
		<difficult>0</difficult>
		<occluded>0</occluded>
		<bndbox>
			<xmin>295</xmin>
			<xmax>301</xmax>
			<ymin>243</ymin>
			<ymax>301</ymax>
		</bndbox>
	</object>
</annotation>
