<annotation>
	<folder></folder>
	<filename>0000000105-1-Image_jpeg.rf.cbe689fde49d86cc6e9e30a221bf27da.jpg</filename>
	<path>0000000105-1-Image_jpeg.rf.cbe689fde49d86cc6e9e30a221bf27da.jpg</path>
	<source>
		<database>roboflow.ai</database>
	</source>
	<size>
		<width>600</width>
		<height>600</height>
		<depth>3</depth>
	</size>
	<segmented>0</segmented>
	<object>
		<name>0</name>
		<pose>Unspecified</pose>
		<truncated>0</truncated>
		<difficult>0</difficult>
		<occluded>0</occluded>
		<bndbox>
			<xmin>333</xmin>
			<xmax>335</xmax>
			<ymin>329</ymin>
			<ymax>339</ymax>
		</bndbox>
	</object>
</annotation>
