<annotation>
	<folder></folder>
	<filename>0000000687-1-Image_jpeg.rf.0a5acb8cb3824862e63476de8a8c2073.jpg</filename>
	<path>0000000687-1-Image_jpeg.rf.0a5acb8cb3824862e63476de8a8c2073.jpg</path>
	<source>
		<database>roboflow.ai</database>
	</source>
	<size>
		<width>600</width>
		<height>600</height>
		<depth>3</depth>
	</size>
	<segmented>0</segmented>
	<object>
		<name>0</name>
		<pose>Unspecified</pose>
		<truncated>0</truncated>
		<difficult>0</difficult>
		<occluded>0</occluded>
		<bndbox>
			<xmin>309</xmin>
			<xmax>311</xmax>
			<ymin>260</ymin>
			<ymax>269</ymax>
		</bndbox>
	</object>
	<object>
		<name>0</name>
		<pose>Unspecified</pose>
		<truncated>0</truncated>
		<difficult>0</difficult>
		<occluded>0</occluded>
		<bndbox>
			<xmin>305</xmin>
			<xmax>309</xmax>
			<ymin>185</ymin>
			<ymax>220</ymax>
		</bndbox>
	</object>
</annotation>
