<annotation>
	<folder></folder>
	<filename>0000000278-1-Image_jpeg.rf.8f37a8766cdbb7450217247cb29b3be3.jpg</filename>
	<path>0000000278-1-Image_jpeg.rf.8f37a8766cdbb7450217247cb29b3be3.jpg</path>
	<source>
		<database>roboflow.ai</database>
	</source>
	<size>
		<width>600</width>
		<height>600</height>
		<depth>3</depth>
	</size>
	<segmented>0</segmented>
	<object>
		<name>0</name>
		<pose>Unspecified</pose>
		<truncated>0</truncated>
		<difficult>0</difficult>
		<occluded>0</occluded>
		<bndbox>
			<xmin>279</xmin>
			<xmax>281</xmax>
			<ymin>297</ymin>
			<ymax>307</ymax>
		</bndbox>
	</object>
</annotation>
