<annotation>
	<folder></folder>
	<filename>0000000367-1-Image_jpeg.rf.85ae9effc6a4bf56440c343b44083e46.jpg</filename>
	<path>0000000367-1-Image_jpeg.rf.85ae9effc6a4bf56440c343b44083e46.jpg</path>
	<source>
		<database>roboflow.ai</database>
	</source>
	<size>
		<width>600</width>
		<height>600</height>
		<depth>3</depth>
	</size>
	<segmented>0</segmented>
	<object>
		<name>0</name>
		<pose>Unspecified</pose>
		<truncated>0</truncated>
		<difficult>0</difficult>
		<occluded>0</occluded>
		<bndbox>
			<xmin>294</xmin>
			<xmax>296</xmax>
			<ymin>282</ymin>
			<ymax>290</ymax>
		</bndbox>
	</object>
	<object>
		<name>0</name>
		<pose>Unspecified</pose>
		<truncated>0</truncated>
		<difficult>0</difficult>
		<occluded>0</occluded>
		<bndbox>
			<xmin>296</xmin>
			<xmax>307</xmax>
			<ymin>217</ymin>
			<ymax>269</ymax>
		</bndbox>
	</object>
</annotation>
