<annotation>
	<folder></folder>
	<filename>0000001317-1-Image_jpeg.rf.8028ad20ed824ddef0cb620b4b294ccd.jpg</filename>
	<path>0000001317-1-Image_jpeg.rf.8028ad20ed824ddef0cb620b4b294ccd.jpg</path>
	<source>
		<database>roboflow.ai</database>
	</source>
	<size>
		<width>600</width>
		<height>600</height>
		<depth>3</depth>
	</size>
	<segmented>0</segmented>
	<object>
		<name>0</name>
		<pose>Unspecified</pose>
		<truncated>0</truncated>
		<difficult>0</difficult>
		<occluded>0</occluded>
		<bndbox>
			<xmin>305</xmin>
			<xmax>310</xmax>
			<ymin>239</ymin>
			<ymax>273</ymax>
		</bndbox>
	</object>
</annotation>
