<annotation>
	<folder></folder>
	<filename>0000000357-1-Image_jpeg.rf.6237fccbc16145a56ef8d03aed142222.jpg</filename>
	<path>0000000357-1-Image_jpeg.rf.6237fccbc16145a56ef8d03aed142222.jpg</path>
	<source>
		<database>roboflow.ai</database>
	</source>
	<size>
		<width>600</width>
		<height>600</height>
		<depth>3</depth>
	</size>
	<segmented>0</segmented>
	<object>
		<name>0</name>
		<pose>Unspecified</pose>
		<truncated>0</truncated>
		<difficult>0</difficult>
		<occluded>0</occluded>
		<bndbox>
			<xmin>299</xmin>
			<xmax>301</xmax>
			<ymin>295</ymin>
			<ymax>305</ymax>
		</bndbox>
	</object>
	<object>
		<name>0</name>
		<pose>Unspecified</pose>
		<truncated>0</truncated>
		<difficult>0</difficult>
		<occluded>0</occluded>
		<bndbox>
			<xmin>292</xmin>
			<xmax>301</xmax>
			<ymin>228</ymin>
			<ymax>293</ymax>
		</bndbox>
	</object>
</annotation>
