<annotation>
	<folder></folder>
	<filename>0000000928-1-Image_jpeg.rf.211f0c4e49f391ff86ff542602faddf2.jpg</filename>
	<path>0000000928-1-Image_jpeg.rf.211f0c4e49f391ff86ff542602faddf2.jpg</path>
	<source>
		<database>roboflow.ai</database>
	</source>
	<size>
		<width>600</width>
		<height>600</height>
		<depth>3</depth>
	</size>
	<segmented>0</segmented>
	<object>
		<name>0</name>
		<pose>Unspecified</pose>
		<truncated>0</truncated>
		<difficult>0</difficult>
		<occluded>0</occluded>
		<bndbox>
			<xmin>296</xmin>
			<xmax>311</xmax>
			<ymin>211</ymin>
			<ymax>282</ymax>
		</bndbox>
	</object>
</annotation>
