<annotation>
	<folder></folder>
	<filename>0000000383-1-Image_jpeg.rf.02a4c6211453d445a830b22f30c72702.jpg</filename>
	<path>0000000383-1-Image_jpeg.rf.02a4c6211453d445a830b22f30c72702.jpg</path>
	<source>
		<database>roboflow.ai</database>
	</source>
	<size>
		<width>600</width>
		<height>600</height>
		<depth>3</depth>
	</size>
	<segmented>0</segmented>
	<object>
		<name>0</name>
		<pose>Unspecified</pose>
		<truncated>0</truncated>
		<difficult>0</difficult>
		<occluded>0</occluded>
		<bndbox>
			<xmin>295</xmin>
			<xmax>305</xmax>
			<ymin>221</ymin>
			<ymax>292</ymax>
		</bndbox>
	</object>
</annotation>
