<annotation>
	<folder></folder>
	<filename>0000001417-1-Image_jpeg.rf.3d74617caecf5a598678fc52d94238ce.jpg</filename>
	<path>0000001417-1-Image_jpeg.rf.3d74617caecf5a598678fc52d94238ce.jpg</path>
	<source>
		<database>roboflow.ai</database>
	</source>
	<size>
		<width>600</width>
		<height>600</height>
		<depth>3</depth>
	</size>
	<segmented>0</segmented>
	<object>
		<name>0</name>
		<pose>Unspecified</pose>
		<truncated>0</truncated>
		<difficult>0</difficult>
		<occluded>0</occluded>
		<bndbox>
			<xmin>301</xmin>
			<xmax>303</xmax>
			<ymin>293</ymin>
			<ymax>303</ymax>
		</bndbox>
	</object>
	<object>
		<name>0</name>
		<pose>Unspecified</pose>
		<truncated>0</truncated>
		<difficult>0</difficult>
		<occluded>0</occluded>
		<bndbox>
			<xmin>301</xmin>
			<xmax>303</xmax>
			<ymin>219</ymin>
			<ymax>269</ymax>
		</bndbox>
	</object>
</annotation>
