<annotation>
	<folder></folder>
	<filename>0000001023-1-Image_jpeg.rf.c2694e0084abbc6e47ea75ad35cd94c9.jpg</filename>
	<path>0000001023-1-Image_jpeg.rf.c2694e0084abbc6e47ea75ad35cd94c9.jpg</path>
	<source>
		<database>roboflow.ai</database>
	</source>
	<size>
		<width>600</width>
		<height>600</height>
		<depth>3</depth>
	</size>
	<segmented>0</segmented>
	<object>
		<name>0</name>
		<pose>Unspecified</pose>
		<truncated>0</truncated>
		<difficult>0</difficult>
		<occluded>0</occluded>
		<bndbox>
			<xmin>309</xmin>
			<xmax>311</xmax>
			<ymin>280</ymin>
			<ymax>290</ymax>
		</bndbox>
	</object>
</annotation>
