<annotation>
	<folder></folder>
	<filename>0000000063-1-Image_jpeg.rf.825abedff3a01dc58f6ee3db14344a44.jpg</filename>
	<path>0000000063-1-Image_jpeg.rf.825abedff3a01dc58f6ee3db14344a44.jpg</path>
	<source>
		<database>roboflow.ai</database>
	</source>
	<size>
		<width>600</width>
		<height>600</height>
		<depth>3</depth>
	</size>
	<segmented>0</segmented>
	<object>
		<name>0</name>
		<pose>Unspecified</pose>
		<truncated>0</truncated>
		<difficult>0</difficult>
		<occluded>0</occluded>
		<bndbox>
			<xmin>251</xmin>
			<xmax>253</xmax>
			<ymin>290</ymin>
			<ymax>297</ymax>
		</bndbox>
	</object>
</annotation>
