<annotation>
	<folder></folder>
	<filename>0000001237-1-Image_jpeg.rf.6120fa24dd20421043e8c4576e838335.jpg</filename>
	<path>0000001237-1-Image_jpeg.rf.6120fa24dd20421043e8c4576e838335.jpg</path>
	<source>
		<database>roboflow.ai</database>
	</source>
	<size>
		<width>600</width>
		<height>600</height>
		<depth>3</depth>
	</size>
	<segmented>0</segmented>
	<object>
		<name>0</name>
		<pose>Unspecified</pose>
		<truncated>0</truncated>
		<difficult>0</difficult>
		<occluded>0</occluded>
		<bndbox>
			<xmin>299</xmin>
			<xmax>301</xmax>
			<ymin>335</ymin>
			<ymax>342</ymax>
		</bndbox>
	</object>
</annotation>
