<annotation>
	<folder></folder>
	<filename>0000000779-1-Image_jpeg.rf.dc8302bb4700deb4b0e3ac391cf71c98.jpg</filename>
	<path>0000000779-1-Image_jpeg.rf.dc8302bb4700deb4b0e3ac391cf71c98.jpg</path>
	<source>
		<database>roboflow.ai</database>
	</source>
	<size>
		<width>600</width>
		<height>600</height>
		<depth>3</depth>
	</size>
	<segmented>0</segmented>
	<object>
		<name>0</name>
		<pose>Unspecified</pose>
		<truncated>0</truncated>
		<difficult>0</difficult>
		<occluded>0</occluded>
		<bndbox>
			<xmin>297</xmin>
			<xmax>299</xmax>
			<ymin>278</ymin>
			<ymax>286</ymax>
		</bndbox>
	</object>
</annotation>
