<annotation>
	<folder></folder>
	<filename>0000000652-1-Image_jpeg.rf.67f643e9701441848032c14ad3b5b9c7.jpg</filename>
	<path>0000000652-1-Image_jpeg.rf.67f643e9701441848032c14ad3b5b9c7.jpg</path>
	<source>
		<database>roboflow.ai</database>
	</source>
	<size>
		<width>600</width>
		<height>600</height>
		<depth>3</depth>
	</size>
	<segmented>0</segmented>
	<object>
		<name>0</name>
		<pose>Unspecified</pose>
		<truncated>0</truncated>
		<difficult>0</difficult>
		<occluded>0</occluded>
		<bndbox>
			<xmin>266</xmin>
			<xmax>285</xmax>
			<ymin>222</ymin>
			<ymax>292</ymax>
		</bndbox>
	</object>
</annotation>
