<annotation>
	<folder></folder>
	<filename>0000001201-1-Image_jpeg.rf.2e5077178631c3b1d9f577f47da8b1e4.jpg</filename>
	<path>0000001201-1-Image_jpeg.rf.2e5077178631c3b1d9f577f47da8b1e4.jpg</path>
	<source>
		<database>roboflow.ai</database>
	</source>
	<size>
		<width>600</width>
		<height>600</height>
		<depth>3</depth>
	</size>
	<segmented>0</segmented>
	<object>
		<name>0</name>
		<pose>Unspecified</pose>
		<truncated>0</truncated>
		<difficult>0</difficult>
		<occluded>0</occluded>
		<bndbox>
			<xmin>371</xmin>
			<xmax>373</xmax>
			<ymin>282</ymin>
			<ymax>292</ymax>
		</bndbox>
	</object>
</annotation>
