<annotation>
	<folder></folder>
	<filename>0000000757-1-Image_jpeg.rf.284adb2ba3acb6e93fe2653a35dd40cc.jpg</filename>
	<path>0000000757-1-Image_jpeg.rf.284adb2ba3acb6e93fe2653a35dd40cc.jpg</path>
	<source>
		<database>roboflow.ai</database>
	</source>
	<size>
		<width>600</width>
		<height>600</height>
		<depth>3</depth>
	</size>
	<segmented>0</segmented>
	<object>
		<name>0</name>
		<pose>Unspecified</pose>
		<truncated>0</truncated>
		<difficult>0</difficult>
		<occluded>0</occluded>
		<bndbox>
			<xmin>314</xmin>
			<xmax>316</xmax>
			<ymin>295</ymin>
			<ymax>305</ymax>
		</bndbox>
	</object>
</annotation>
