<annotation>
	<folder></folder>
	<filename>0000000410-1-Image_jpeg.rf.f6bbc6319ec21c6e0fd0c65e99b60622.jpg</filename>
	<path>0000000410-1-Image_jpeg.rf.f6bbc6319ec21c6e0fd0c65e99b60622.jpg</path>
	<source>
		<database>roboflow.ai</database>
	</source>
	<size>
		<width>600</width>
		<height>600</height>
		<depth>3</depth>
	</size>
	<segmented>0</segmented>
	<object>
		<name>0</name>
		<pose>Unspecified</pose>
		<truncated>0</truncated>
		<difficult>0</difficult>
		<occluded>0</occluded>
		<bndbox>
			<xmin>309</xmin>
			<xmax>311</xmax>
			<ymin>316</ymin>
			<ymax>324</ymax>
		</bndbox>
	</object>
</annotation>
