<annotation>
	<folder></folder>
	<filename>0000001379-1-Image_jpeg.rf.7541552edbb27197f837269cba14d64e.jpg</filename>
	<path>0000001379-1-Image_jpeg.rf.7541552edbb27197f837269cba14d64e.jpg</path>
	<source>
		<database>roboflow.ai</database>
	</source>
	<size>
		<width>600</width>
		<height>600</height>
		<depth>3</depth>
	</size>
	<segmented>0</segmented>
	<object>
		<name>0</name>
		<pose>Unspecified</pose>
		<truncated>0</truncated>
		<difficult>0</difficult>
		<occluded>0</occluded>
		<bndbox>
			<xmin>316</xmin>
			<xmax>318</xmax>
			<ymin>297</ymin>
			<ymax>305</ymax>
		</bndbox>
	</object>
</annotation>
