<annotation>
	<folder></folder>
	<filename>0000001450-1-Image_jpeg.rf.a7eee3e172b85893be89349d0c433640.jpg</filename>
	<path>0000001450-1-Image_jpeg.rf.a7eee3e172b85893be89349d0c433640.jpg</path>
	<source>
		<database>roboflow.ai</database>
	</source>
	<size>
		<width>600</width>
		<height>600</height>
		<depth>3</depth>
	</size>
	<segmented>0</segmented>
	<object>
		<name>0</name>
		<pose>Unspecified</pose>
		<truncated>0</truncated>
		<difficult>0</difficult>
		<occluded>0</occluded>
		<bndbox>
			<xmin>297</xmin>
			<xmax>299</xmax>
			<ymin>299</ymin>
			<ymax>309</ymax>
		</bndbox>
	</object>
</annotation>
