<annotation>
	<folder></folder>
	<filename>0000000392-1-Image_jpeg.rf.5b35332e5ac319871ba911ec49b4e45e.jpg</filename>
	<path>0000000392-1-Image_jpeg.rf.5b35332e5ac319871ba911ec49b4e45e.jpg</path>
	<source>
		<database>roboflow.ai</database>
	</source>
	<size>
		<width>600</width>
		<height>600</height>
		<depth>3</depth>
	</size>
	<segmented>0</segmented>
	<object>
		<name>0</name>
		<pose>Unspecified</pose>
		<truncated>0</truncated>
		<difficult>0</difficult>
		<occluded>0</occluded>
		<bndbox>
			<xmin>309</xmin>
			<xmax>311</xmax>
			<ymin>271</ymin>
			<ymax>279</ymax>
		</bndbox>
	</object>
	<object>
		<name>0</name>
		<pose>Unspecified</pose>
		<truncated>0</truncated>
		<difficult>0</difficult>
		<occluded>0</occluded>
		<bndbox>
			<xmin>312</xmin>
			<xmax>320</xmax>
			<ymin>209</ymin>
			<ymax>254</ymax>
		</bndbox>
	</object>
</annotation>
