<annotation>
	<folder></folder>
	<filename>0000001481-1-Image_jpeg.rf.459831386b95aba6d0b963fa52e45202.jpg</filename>
	<path>0000001481-1-Image_jpeg.rf.459831386b95aba6d0b963fa52e45202.jpg</path>
	<source>
		<database>roboflow.ai</database>
	</source>
	<size>
		<width>600</width>
		<height>600</height>
		<depth>3</depth>
	</size>
	<segmented>0</segmented>
	<object>
		<name>0</name>
		<pose>Unspecified</pose>
		<truncated>0</truncated>
		<difficult>0</difficult>
		<occluded>0</occluded>
		<bndbox>
			<xmin>279</xmin>
			<xmax>281</xmax>
			<ymin>292</ymin>
			<ymax>299</ymax>
		</bndbox>
	</object>
</annotation>
