<annotation>
	<folder></folder>
	<filename>0000000626-1-Image_jpeg.rf.a3c8303eda9ff29e9df2a8fe7f9aaf35.jpg</filename>
	<path>0000000626-1-Image_jpeg.rf.a3c8303eda9ff29e9df2a8fe7f9aaf35.jpg</path>
	<source>
		<database>roboflow.ai</database>
	</source>
	<size>
		<width>600</width>
		<height>600</height>
		<depth>3</depth>
	</size>
	<segmented>0</segmented>
	<object>
		<name>0</name>
		<pose>Unspecified</pose>
		<truncated>0</truncated>
		<difficult>0</difficult>
		<occluded>0</occluded>
		<bndbox>
			<xmin>288</xmin>
			<xmax>290</xmax>
			<ymin>310</ymin>
			<ymax>318</ymax>
		</bndbox>
	</object>
</annotation>
