<annotation>
	<folder></folder>
	<filename>0000001092-1-Image_jpeg.rf.53d76f44ddd3fb9857050ee97654db3a.jpg</filename>
	<path>0000001092-1-Image_jpeg.rf.53d76f44ddd3fb9857050ee97654db3a.jpg</path>
	<source>
		<database>roboflow.ai</database>
	</source>
	<size>
		<width>600</width>
		<height>600</height>
		<depth>3</depth>
	</size>
	<segmented>0</segmented>
	<object>
		<name>0</name>
		<pose>Unspecified</pose>
		<truncated>0</truncated>
		<difficult>0</difficult>
		<occluded>0</occluded>
		<bndbox>
			<xmin>320</xmin>
			<xmax>322</xmax>
			<ymin>269</ymin>
			<ymax>279</ymax>
		</bndbox>
	</object>
	<object>
		<name>0</name>
		<pose>Unspecified</pose>
		<truncated>0</truncated>
		<difficult>0</difficult>
		<occluded>0</occluded>
		<bndbox>
			<xmin>322</xmin>
			<xmax>329</xmax>
			<ymin>207</ymin>
			<ymax>256</ymax>
		</bndbox>
	</object>
</annotation>
