<annotation>
	<folder></folder>
	<filename>0000001123-1-Image_jpeg.rf.6db606a1eabbebe7595e927c4ac57dfa.jpg</filename>
	<path>0000001123-1-Image_jpeg.rf.6db606a1eabbebe7595e927c4ac57dfa.jpg</path>
	<source>
		<database>roboflow.ai</database>
	</source>
	<size>
		<width>600</width>
		<height>600</height>
		<depth>3</depth>
	</size>
	<segmented>0</segmented>
	<object>
		<name>0</name>
		<pose>Unspecified</pose>
		<truncated>0</truncated>
		<difficult>0</difficult>
		<occluded>0</occluded>
		<bndbox>
			<xmin>301</xmin>
			<xmax>303</xmax>
			<ymin>295</ymin>
			<ymax>303</ymax>
		</bndbox>
	</object>
	<object>
		<name>0</name>
		<pose>Unspecified</pose>
		<truncated>0</truncated>
		<difficult>0</difficult>
		<occluded>0</occluded>
		<bndbox>
			<xmin>303</xmin>
			<xmax>314</xmax>
			<ymin>217</ymin>
			<ymax>277</ymax>
		</bndbox>
	</object>
</annotation>
