<annotation>
	<folder></folder>
	<filename>0000000395-1-Image_jpeg.rf.6223695bc35158e59328e7f7f3d85774.jpg</filename>
	<path>0000000395-1-Image_jpeg.rf.6223695bc35158e59328e7f7f3d85774.jpg</path>
	<source>
		<database>roboflow.ai</database>
	</source>
	<size>
		<width>600</width>
		<height>600</height>
		<depth>3</depth>
	</size>
	<segmented>0</segmented>
	<object>
		<name>0</name>
		<pose>Unspecified</pose>
		<truncated>0</truncated>
		<difficult>0</difficult>
		<occluded>0</occluded>
		<bndbox>
			<xmin>339</xmin>
			<xmax>341</xmax>
			<ymin>310</ymin>
			<ymax>318</ymax>
		</bndbox>
	</object>
</annotation>
