<annotation>
	<folder></folder>
	<filename>0000001031-1-Image_jpeg.rf.a09f090693e73bdd2edf0016302ef7c4.jpg</filename>
	<path>0000001031-1-Image_jpeg.rf.a09f090693e73bdd2edf0016302ef7c4.jpg</path>
	<source>
		<database>roboflow.ai</database>
	</source>
	<size>
		<width>600</width>
		<height>600</height>
		<depth>3</depth>
	</size>
	<segmented>0</segmented>
	<object>
		<name>0</name>
		<pose>Unspecified</pose>
		<truncated>0</truncated>
		<difficult>0</difficult>
		<occluded>0</occluded>
		<bndbox>
			<xmin>292</xmin>
			<xmax>294</xmax>
			<ymin>275</ymin>
			<ymax>284</ymax>
		</bndbox>
	</object>
	<object>
		<name>0</name>
		<pose>Unspecified</pose>
		<truncated>0</truncated>
		<difficult>0</difficult>
		<occluded>0</occluded>
		<bndbox>
			<xmin>294</xmin>
			<xmax>309</xmax>
			<ymin>203</ymin>
			<ymax>258</ymax>
		</bndbox>
	</object>
</annotation>
