<annotation>
	<folder></folder>
	<filename>0000000934-1-Image_jpeg.rf.84ea2df56774a865cb9912dc6e181f6b.jpg</filename>
	<path>0000000934-1-Image_jpeg.rf.84ea2df56774a865cb9912dc6e181f6b.jpg</path>
	<source>
		<database>roboflow.ai</database>
	</source>
	<size>
		<width>600</width>
		<height>600</height>
		<depth>3</depth>
	</size>
	<segmented>0</segmented>
	<object>
		<name>0</name>
		<pose>Unspecified</pose>
		<truncated>0</truncated>
		<difficult>0</difficult>
		<occluded>0</occluded>
		<bndbox>
			<xmin>312</xmin>
			<xmax>314</xmax>
			<ymin>275</ymin>
			<ymax>284</ymax>
		</bndbox>
	</object>
	<object>
		<name>0</name>
		<pose>Unspecified</pose>
		<truncated>0</truncated>
		<difficult>0</difficult>
		<occluded>0</occluded>
		<bndbox>
			<xmin>292</xmin>
			<xmax>312</xmax>
			<ymin>200</ymin>
			<ymax>265</ymax>
		</bndbox>
	</object>
</annotation>
