<annotation>
	<folder></folder>
	<filename>0000000259-1-Image_jpeg.rf.b49a2233b9ceabc645e1bb7077e30346.jpg</filename>
	<path>0000000259-1-Image_jpeg.rf.b49a2233b9ceabc645e1bb7077e30346.jpg</path>
	<source>
		<database>roboflow.ai</database>
	</source>
	<size>
		<width>600</width>
		<height>600</height>
		<depth>3</depth>
	</size>
	<segmented>0</segmented>
	<object>
		<name>0</name>
		<pose>Unspecified</pose>
		<truncated>0</truncated>
		<difficult>0</difficult>
		<occluded>0</occluded>
		<bndbox>
			<xmin>288</xmin>
			<xmax>290</xmax>
			<ymin>314</ymin>
			<ymax>322</ymax>
		</bndbox>
	</object>
</annotation>
