<annotation>
	<folder></folder>
	<filename>0000001318-1-Image_jpeg.rf.708e081e38327620dea5917ee76bc5e4.jpg</filename>
	<path>0000001318-1-Image_jpeg.rf.708e081e38327620dea5917ee76bc5e4.jpg</path>
	<source>
		<database>roboflow.ai</database>
	</source>
	<size>
		<width>600</width>
		<height>600</height>
		<depth>3</depth>
	</size>
	<segmented>0</segmented>
	<object>
		<name>0</name>
		<pose>Unspecified</pose>
		<truncated>0</truncated>
		<difficult>0</difficult>
		<occluded>0</occluded>
		<bndbox>
			<xmin>335</xmin>
			<xmax>337</xmax>
			<ymin>333</ymin>
			<ymax>342</ymax>
		</bndbox>
	</object>
</annotation>
