<annotation>
	<folder></folder>
	<filename>0000000472-1-Image_jpeg.rf.eb7c6d01508f344f0e2a6508ec834002.jpg</filename>
	<path>0000000472-1-Image_jpeg.rf.eb7c6d01508f344f0e2a6508ec834002.jpg</path>
	<source>
		<database>roboflow.ai</database>
	</source>
	<size>
		<width>600</width>
		<height>600</height>
		<depth>3</depth>
	</size>
	<segmented>0</segmented>
	<object>
		<name>0</name>
		<pose>Unspecified</pose>
		<truncated>0</truncated>
		<difficult>0</difficult>
		<occluded>0</occluded>
		<bndbox>
			<xmin>303</xmin>
			<xmax>305</xmax>
			<ymin>295</ymin>
			<ymax>303</ymax>
		</bndbox>
	</object>
	<object>
		<name>0</name>
		<pose>Unspecified</pose>
		<truncated>0</truncated>
		<difficult>0</difficult>
		<occluded>0</occluded>
		<bndbox>
			<xmin>299</xmin>
			<xmax>301</xmax>
			<ymin>228</ymin>
			<ymax>239</ymax>
		</bndbox>
	</object>
</annotation>
