<annotation>
	<folder></folder>
	<filename>0000000107-1-Image_jpeg.rf.998de04c9046132103852c26aeb78e05.jpg</filename>
	<path>0000000107-1-Image_jpeg.rf.998de04c9046132103852c26aeb78e05.jpg</path>
	<source>
		<database>roboflow.ai</database>
	</source>
	<size>
		<width>600</width>
		<height>600</height>
		<depth>3</depth>
	</size>
	<segmented>0</segmented>
	<object>
		<name>0</name>
		<pose>Unspecified</pose>
		<truncated>0</truncated>
		<difficult>0</difficult>
		<occluded>0</occluded>
		<bndbox>
			<xmin>331</xmin>
			<xmax>333</xmax>
			<ymin>312</ymin>
			<ymax>320</ymax>
		</bndbox>
	</object>
</annotation>
