<annotation>
	<folder></folder>
	<filename>0000001475-1-Image_jpeg.rf.107f110374bddbb1597b63f651760f60.jpg</filename>
	<path>0000001475-1-Image_jpeg.rf.107f110374bddbb1597b63f651760f60.jpg</path>
	<source>
		<database>roboflow.ai</database>
	</source>
	<size>
		<width>600</width>
		<height>600</height>
		<depth>3</depth>
	</size>
	<segmented>0</segmented>
	<object>
		<name>0</name>
		<pose>Unspecified</pose>
		<truncated>0</truncated>
		<difficult>0</difficult>
		<occluded>0</occluded>
		<bndbox>
			<xmin>290</xmin>
			<xmax>292</xmax>
			<ymin>277</ymin>
			<ymax>284</ymax>
		</bndbox>
	</object>
</annotation>
