<annotation>
	<folder></folder>
	<filename>0000001310-1-Image_jpeg.rf.21e22931fe0db811c027af53fc0ee684.jpg</filename>
	<path>0000001310-1-Image_jpeg.rf.21e22931fe0db811c027af53fc0ee684.jpg</path>
	<source>
		<database>roboflow.ai</database>
	</source>
	<size>
		<width>600</width>
		<height>600</height>
		<depth>3</depth>
	</size>
	<segmented>0</segmented>
	<object>
		<name>0</name>
		<pose>Unspecified</pose>
		<truncated>0</truncated>
		<difficult>0</difficult>
		<occluded>0</occluded>
		<bndbox>
			<xmin>316</xmin>
			<xmax>318</xmax>
			<ymin>307</ymin>
			<ymax>316</ymax>
		</bndbox>
	</object>
</annotation>
