<annotation>
	<folder></folder>
	<filename>0000001305-1-Image_jpeg.rf.2c84ed251c4e7673ddd18d65e4057c88.jpg</filename>
	<path>0000001305-1-Image_jpeg.rf.2c84ed251c4e7673ddd18d65e4057c88.jpg</path>
	<source>
		<database>roboflow.ai</database>
	</source>
	<size>
		<width>600</width>
		<height>600</height>
		<depth>3</depth>
	</size>
	<segmented>0</segmented>
	<object>
		<name>0</name>
		<pose>Unspecified</pose>
		<truncated>0</truncated>
		<difficult>0</difficult>
		<occluded>0</occluded>
		<bndbox>
			<xmin>290</xmin>
			<xmax>292</xmax>
			<ymin>314</ymin>
			<ymax>324</ymax>
		</bndbox>
	</object>
	<object>
		<name>0</name>
		<pose>Unspecified</pose>
		<truncated>0</truncated>
		<difficult>0</difficult>
		<occluded>0</occluded>
		<bndbox>
			<xmin>284</xmin>
			<xmax>292</xmax>
			<ymin>249</ymin>
			<ymax>309</ymax>
		</bndbox>
	</object>
</annotation>
