<annotation>
	<folder></folder>
	<filename>0000001058-1-Image_jpeg.rf.c8de385b04bf2a5d5c8f0bf9ec2dc5e4.jpg</filename>
	<path>0000001058-1-Image_jpeg.rf.c8de385b04bf2a5d5c8f0bf9ec2dc5e4.jpg</path>
	<source>
		<database>roboflow.ai</database>
	</source>
	<size>
		<width>600</width>
		<height>600</height>
		<depth>3</depth>
	</size>
	<segmented>0</segmented>
	<object>
		<name>0</name>
		<pose>Unspecified</pose>
		<truncated>0</truncated>
		<difficult>0</difficult>
		<occluded>0</occluded>
		<bndbox>
			<xmin>318</xmin>
			<xmax>320</xmax>
			<ymin>297</ymin>
			<ymax>307</ymax>
		</bndbox>
	</object>
	<object>
		<name>0</name>
		<pose>Unspecified</pose>
		<truncated>0</truncated>
		<difficult>0</difficult>
		<occluded>0</occluded>
		<bndbox>
			<xmin>320</xmin>
			<xmax>327</xmax>
			<ymin>238</ymin>
			<ymax>296</ymax>
		</bndbox>
	</object>
</annotation>
