<annotation>
	<folder></folder>
	<filename>0000001423-1-Image_jpeg.rf.64862345fdb35482baafef36bd8a8ec2.jpg</filename>
	<path>0000001423-1-Image_jpeg.rf.64862345fdb35482baafef36bd8a8ec2.jpg</path>
	<source>
		<database>roboflow.ai</database>
	</source>
	<size>
		<width>600</width>
		<height>600</height>
		<depth>3</depth>
	</size>
	<segmented>0</segmented>
	<object>
		<name>0</name>
		<pose>Unspecified</pose>
		<truncated>0</truncated>
		<difficult>0</difficult>
		<occluded>0</occluded>
		<bndbox>
			<xmin>294</xmin>
			<xmax>296</xmax>
			<ymin>293</ymin>
			<ymax>303</ymax>
		</bndbox>
	</object>
</annotation>
