<annotation>
	<folder></folder>
	<filename>0000001480-1-Image_jpeg.rf.67b0536abf9e1b25656ac8650460d672.jpg</filename>
	<path>0000001480-1-Image_jpeg.rf.67b0536abf9e1b25656ac8650460d672.jpg</path>
	<source>
		<database>roboflow.ai</database>
	</source>
	<size>
		<width>600</width>
		<height>600</height>
		<depth>3</depth>
	</size>
	<segmented>0</segmented>
	<object>
		<name>0</name>
		<pose>Unspecified</pose>
		<truncated>0</truncated>
		<difficult>0</difficult>
		<occluded>0</occluded>
		<bndbox>
			<xmin>344</xmin>
			<xmax>346</xmax>
			<ymin>308</ymin>
			<ymax>318</ymax>
		</bndbox>
	</object>
</annotation>
