<annotation>
	<folder></folder>
	<filename>0000000829-1-Image_jpeg.rf.815eb569b52c3a6aba189a9614f0dbdf.jpg</filename>
	<path>0000000829-1-Image_jpeg.rf.815eb569b52c3a6aba189a9614f0dbdf.jpg</path>
	<source>
		<database>roboflow.ai</database>
	</source>
	<size>
		<width>600</width>
		<height>600</height>
		<depth>3</depth>
	</size>
	<segmented>0</segmented>
	<object>
		<name>0</name>
		<pose>Unspecified</pose>
		<truncated>0</truncated>
		<difficult>0</difficult>
		<occluded>0</occluded>
		<bndbox>
			<xmin>307</xmin>
			<xmax>309</xmax>
			<ymin>299</ymin>
			<ymax>307</ymax>
		</bndbox>
	</object>
	<object>
		<name>0</name>
		<pose>Unspecified</pose>
		<truncated>0</truncated>
		<difficult>0</difficult>
		<occluded>0</occluded>
		<bndbox>
			<xmin>309</xmin>
			<xmax>324</xmax>
			<ymin>226</ymin>
			<ymax>297</ymax>
		</bndbox>
	</object>
</annotation>
