<annotation>
	<folder></folder>
	<filename>0000001366-1-Image_jpeg.rf.beb42249075a1a5960a0ccfb315529de.jpg</filename>
	<path>0000001366-1-Image_jpeg.rf.beb42249075a1a5960a0ccfb315529de.jpg</path>
	<source>
		<database>roboflow.ai</database>
	</source>
	<size>
		<width>600</width>
		<height>600</height>
		<depth>3</depth>
	</size>
	<segmented>0</segmented>
	<object>
		<name>0</name>
		<pose>Unspecified</pose>
		<truncated>0</truncated>
		<difficult>0</difficult>
		<occluded>0</occluded>
		<bndbox>
			<xmin>275</xmin>
			<xmax>277</xmax>
			<ymin>258</ymin>
			<ymax>267</ymax>
		</bndbox>
	</object>
	<object>
		<name>0</name>
		<pose>Unspecified</pose>
		<truncated>0</truncated>
		<difficult>0</difficult>
		<occluded>0</occluded>
		<bndbox>
			<xmin>265</xmin>
			<xmax>275</xmax>
			<ymin>181</ymin>
			<ymax>226</ymax>
		</bndbox>
	</object>
</annotation>
