<annotation>
	<folder></folder>
	<filename>0000000911-1-Image_jpeg.rf.7ad506f8d6074bd166b8f0bff883f20b.jpg</filename>
	<path>0000000911-1-Image_jpeg.rf.7ad506f8d6074bd166b8f0bff883f20b.jpg</path>
	<source>
		<database>roboflow.ai</database>
	</source>
	<size>
		<width>600</width>
		<height>600</height>
		<depth>3</depth>
	</size>
	<segmented>0</segmented>
	<object>
		<name>0</name>
		<pose>Unspecified</pose>
		<truncated>0</truncated>
		<difficult>0</difficult>
		<occluded>0</occluded>
		<bndbox>
			<xmin>309</xmin>
			<xmax>311</xmax>
			<ymin>284</ymin>
			<ymax>294</ymax>
		</bndbox>
	</object>
</annotation>
