<annotation>
	<folder></folder>
	<filename>0000000921-1-Image_jpeg.rf.493e91e197ccc336194cf08ef11c5158.jpg</filename>
	<path>0000000921-1-Image_jpeg.rf.493e91e197ccc336194cf08ef11c5158.jpg</path>
	<source>
		<database>roboflow.ai</database>
	</source>
	<size>
		<width>600</width>
		<height>600</height>
		<depth>3</depth>
	</size>
	<segmented>0</segmented>
	<object>
		<name>0</name>
		<pose>Unspecified</pose>
		<truncated>0</truncated>
		<difficult>0</difficult>
		<occluded>0</occluded>
		<bndbox>
			<xmin>279</xmin>
			<xmax>281</xmax>
			<ymin>312</ymin>
			<ymax>320</ymax>
		</bndbox>
	</object>
</annotation>
