<annotation>
	<folder></folder>
	<filename>0000000860-1-Image_jpeg.rf.4cc0bb634cb0b68cf607c6f1e0b23a8f.jpg</filename>
	<path>0000000860-1-Image_jpeg.rf.4cc0bb634cb0b68cf607c6f1e0b23a8f.jpg</path>
	<source>
		<database>roboflow.ai</database>
	</source>
	<size>
		<width>600</width>
		<height>600</height>
		<depth>3</depth>
	</size>
	<segmented>0</segmented>
	<object>
		<name>0</name>
		<pose>Unspecified</pose>
		<truncated>0</truncated>
		<difficult>0</difficult>
		<occluded>0</occluded>
		<bndbox>
			<xmin>273</xmin>
			<xmax>275</xmax>
			<ymin>288</ymin>
			<ymax>297</ymax>
		</bndbox>
	</object>
	<object>
		<name>0</name>
		<pose>Unspecified</pose>
		<truncated>0</truncated>
		<difficult>0</difficult>
		<occluded>0</occluded>
		<bndbox>
			<xmin>271</xmin>
			<xmax>273</xmax>
			<ymin>256</ymin>
			<ymax>267</ymax>
		</bndbox>
	</object>
</annotation>
