<annotation>
	<folder></folder>
	<filename>0000000502-1-Image_jpeg.rf.e28b9415967f5fd5874e1897d574d5e0.jpg</filename>
	<path>0000000502-1-Image_jpeg.rf.e28b9415967f5fd5874e1897d574d5e0.jpg</path>
	<source>
		<database>roboflow.ai</database>
	</source>
	<size>
		<width>600</width>
		<height>600</height>
		<depth>3</depth>
	</size>
	<segmented>0</segmented>
	<object>
		<name>0</name>
		<pose>Unspecified</pose>
		<truncated>0</truncated>
		<difficult>0</difficult>
		<occluded>0</occluded>
		<bndbox>
			<xmin>327</xmin>
			<xmax>329</xmax>
			<ymin>297</ymin>
			<ymax>307</ymax>
		</bndbox>
	</object>
</annotation>
