<annotation>
	<folder></folder>
	<filename>0000000929-1-Image_jpeg.rf.642830ad7e22a4c662eb77b8bab563e9.jpg</filename>
	<path>0000000929-1-Image_jpeg.rf.642830ad7e22a4c662eb77b8bab563e9.jpg</path>
	<source>
		<database>roboflow.ai</database>
	</source>
	<size>
		<width>600</width>
		<height>600</height>
		<depth>3</depth>
	</size>
	<segmented>0</segmented>
	<object>
		<name>0</name>
		<pose>Unspecified</pose>
		<truncated>0</truncated>
		<difficult>0</difficult>
		<occluded>0</occluded>
		<bndbox>
			<xmin>284</xmin>
			<xmax>286</xmax>
			<ymin>299</ymin>
			<ymax>307</ymax>
		</bndbox>
	</object>
	<object>
		<name>0</name>
		<pose>Unspecified</pose>
		<truncated>0</truncated>
		<difficult>0</difficult>
		<occluded>0</occluded>
		<bndbox>
			<xmin>269</xmin>
			<xmax>284</xmax>
			<ymin>222</ymin>
			<ymax>286</ymax>
		</bndbox>
	</object>
</annotation>
