<annotation>
	<folder></folder>
	<filename>0000000817-1-Image_jpeg.rf.ddb68f89f474b0167734f356a3fcce46.jpg</filename>
	<path>0000000817-1-Image_jpeg.rf.ddb68f89f474b0167734f356a3fcce46.jpg</path>
	<source>
		<database>roboflow.ai</database>
	</source>
	<size>
		<width>600</width>
		<height>600</height>
		<depth>3</depth>
	</size>
	<segmented>0</segmented>
	<object>
		<name>0</name>
		<pose>Unspecified</pose>
		<truncated>0</truncated>
		<difficult>0</difficult>
		<occluded>0</occluded>
		<bndbox>
			<xmin>296</xmin>
			<xmax>298</xmax>
			<ymin>312</ymin>
			<ymax>320</ymax>
		</bndbox>
	</object>
</annotation>
