<annotation>
	<folder></folder>
	<filename>0000000108-1-Image_jpeg.rf.7f0e51a0b11275b0d52ae2b7a2957ef8.jpg</filename>
	<path>0000000108-1-Image_jpeg.rf.7f0e51a0b11275b0d52ae2b7a2957ef8.jpg</path>
	<source>
		<database>roboflow.ai</database>
	</source>
	<size>
		<width>600</width>
		<height>600</height>
		<depth>3</depth>
	</size>
	<segmented>0</segmented>
	<object>
		<name>0</name>
		<pose>Unspecified</pose>
		<truncated>0</truncated>
		<difficult>0</difficult>
		<occluded>0</occluded>
		<bndbox>
			<xmin>316</xmin>
			<xmax>318</xmax>
			<ymin>284</ymin>
			<ymax>294</ymax>
		</bndbox>
	</object>
</annotation>
