<annotation>
	<folder></folder>
	<filename>0000001042-1-Image_jpeg.rf.e71cfd469ce7fd946d81edc9adc5ea6c.jpg</filename>
	<path>0000001042-1-Image_jpeg.rf.e71cfd469ce7fd946d81edc9adc5ea6c.jpg</path>
	<source>
		<database>roboflow.ai</database>
	</source>
	<size>
		<width>600</width>
		<height>600</height>
		<depth>3</depth>
	</size>
	<segmented>0</segmented>
	<object>
		<name>0</name>
		<pose>Unspecified</pose>
		<truncated>0</truncated>
		<difficult>0</difficult>
		<occluded>0</occluded>
		<bndbox>
			<xmin>301</xmin>
			<xmax>303</xmax>
			<ymin>303</ymin>
			<ymax>312</ymax>
		</bndbox>
	</object>
</annotation>
