<annotation>
	<folder></folder>
	<filename>0000000066-1-Image_jpeg.rf.c4b2a6fef72516e64fc422fd12485e48.jpg</filename>
	<path>0000000066-1-Image_jpeg.rf.c4b2a6fef72516e64fc422fd12485e48.jpg</path>
	<source>
		<database>roboflow.ai</database>
	</source>
	<size>
		<width>600</width>
		<height>600</height>
		<depth>3</depth>
	</size>
	<segmented>0</segmented>
	<object>
		<name>0</name>
		<pose>Unspecified</pose>
		<truncated>0</truncated>
		<difficult>0</difficult>
		<occluded>0</occluded>
		<bndbox>
			<xmin>271</xmin>
			<xmax>273</xmax>
			<ymin>275</ymin>
			<ymax>282</ymax>
		</bndbox>
	</object>
</annotation>
