<annotation>
	<folder></folder>
	<filename>0000000512-1-Image_jpeg.rf.2e2e286aae8f64962f9dac77cf0419bb.jpg</filename>
	<path>0000000512-1-Image_jpeg.rf.2e2e286aae8f64962f9dac77cf0419bb.jpg</path>
	<source>
		<database>roboflow.ai</database>
	</source>
	<size>
		<width>600</width>
		<height>600</height>
		<depth>3</depth>
	</size>
	<segmented>0</segmented>
	<object>
		<name>0</name>
		<pose>Unspecified</pose>
		<truncated>0</truncated>
		<difficult>0</difficult>
		<occluded>0</occluded>
		<bndbox>
			<xmin>305</xmin>
			<xmax>307</xmax>
			<ymin>295</ymin>
			<ymax>303</ymax>
		</bndbox>
	</object>
	<object>
		<name>0</name>
		<pose>Unspecified</pose>
		<truncated>0</truncated>
		<difficult>0</difficult>
		<occluded>0</occluded>
		<bndbox>
			<xmin>309</xmin>
			<xmax>322</xmax>
			<ymin>219</ymin>
			<ymax>283</ymax>
		</bndbox>
	</object>
</annotation>
