<annotation>
	<folder></folder>
	<filename>0000001236-1-Image_jpeg.rf.1485bfb9471e46c45986f87726a7ba70.jpg</filename>
	<path>0000001236-1-Image_jpeg.rf.1485bfb9471e46c45986f87726a7ba70.jpg</path>
	<source>
		<database>roboflow.ai</database>
	</source>
	<size>
		<width>600</width>
		<height>600</height>
		<depth>3</depth>
	</size>
	<segmented>0</segmented>
	<object>
		<name>0</name>
		<pose>Unspecified</pose>
		<truncated>0</truncated>
		<difficult>0</difficult>
		<occluded>0</occluded>
		<bndbox>
			<xmin>284</xmin>
			<xmax>286</xmax>
			<ymin>232</ymin>
			<ymax>239</ymax>
		</bndbox>
	</object>
	<object>
		<name>0</name>
		<pose>Unspecified</pose>
		<truncated>0</truncated>
		<difficult>0</difficult>
		<occluded>0</occluded>
		<bndbox>
			<xmin>286</xmin>
			<xmax>290</xmax>
			<ymin>153</ymin>
			<ymax>230</ymax>
		</bndbox>
	</object>
</annotation>
