<annotation>
	<folder></folder>
	<filename>0000000949-1-Image_jpeg.rf.cb9c8e11fb7cf1e9e7e13f2ffe3c2c22.jpg</filename>
	<path>0000000949-1-Image_jpeg.rf.cb9c8e11fb7cf1e9e7e13f2ffe3c2c22.jpg</path>
	<source>
		<database>roboflow.ai</database>
	</source>
	<size>
		<width>600</width>
		<height>600</height>
		<depth>3</depth>
	</size>
	<segmented>0</segmented>
	<object>
		<name>0</name>
		<pose>Unspecified</pose>
		<truncated>0</truncated>
		<difficult>0</difficult>
		<occluded>0</occluded>
		<bndbox>
			<xmin>309</xmin>
			<xmax>326</xmax>
			<ymin>217</ymin>
			<ymax>288</ymax>
		</bndbox>
	</object>
</annotation>
