<annotation>
	<folder></folder>
	<filename>0000000340-1-Image_jpeg.rf.6fc156b62952ed9a1727d3ff5249fb89.jpg</filename>
	<path>0000000340-1-Image_jpeg.rf.6fc156b62952ed9a1727d3ff5249fb89.jpg</path>
	<source>
		<database>roboflow.ai</database>
	</source>
	<size>
		<width>600</width>
		<height>600</height>
		<depth>3</depth>
	</size>
	<segmented>0</segmented>
	<object>
		<name>0</name>
		<pose>Unspecified</pose>
		<truncated>0</truncated>
		<difficult>0</difficult>
		<occluded>0</occluded>
		<bndbox>
			<xmin>301</xmin>
			<xmax>303</xmax>
			<ymin>295</ymin>
			<ymax>305</ymax>
		</bndbox>
	</object>
	<object>
		<name>0</name>
		<pose>Unspecified</pose>
		<truncated>0</truncated>
		<difficult>0</difficult>
		<occluded>0</occluded>
		<bndbox>
			<xmin>303</xmin>
			<xmax>310</xmax>
			<ymin>238</ymin>
			<ymax>279</ymax>
		</bndbox>
	</object>
</annotation>
