<annotation>
	<folder></folder>
	<filename>0000001325-1-Image_jpeg.rf.79ca7a6eba44f761a8b80946ee1c9b03.jpg</filename>
	<path>0000001325-1-Image_jpeg.rf.79ca7a6eba44f761a8b80946ee1c9b03.jpg</path>
	<source>
		<database>roboflow.ai</database>
	</source>
	<size>
		<width>600</width>
		<height>600</height>
		<depth>3</depth>
	</size>
	<segmented>0</segmented>
	<object>
		<name>0</name>
		<pose>Unspecified</pose>
		<truncated>0</truncated>
		<difficult>0</difficult>
		<occluded>0</occluded>
		<bndbox>
			<xmin>309</xmin>
			<xmax>311</xmax>
			<ymin>318</ymin>
			<ymax>327</ymax>
		</bndbox>
	</object>
	<object>
		<name>0</name>
		<pose>Unspecified</pose>
		<truncated>0</truncated>
		<difficult>0</difficult>
		<occluded>0</occluded>
		<bndbox>
			<xmin>314</xmin>
			<xmax>318</xmax>
			<ymin>256</ymin>
			<ymax>275</ymax>
		</bndbox>
	</object>
</annotation>
