<annotation>
	<folder></folder>
	<filename>0000000195-1-Image_jpeg.rf.7a5e4e3b5bf3dec942e2cb2b01f54864.jpg</filename>
	<path>0000000195-1-Image_jpeg.rf.7a5e4e3b5bf3dec942e2cb2b01f54864.jpg</path>
	<source>
		<database>roboflow.ai</database>
	</source>
	<size>
		<width>600</width>
		<height>600</height>
		<depth>3</depth>
	</size>
	<segmented>0</segmented>
	<object>
		<name>0</name>
		<pose>Unspecified</pose>
		<truncated>0</truncated>
		<difficult>0</difficult>
		<occluded>0</occluded>
		<bndbox>
			<xmin>303</xmin>
			<xmax>305</xmax>
			<ymin>307</ymin>
			<ymax>316</ymax>
		</bndbox>
	</object>
	<object>
		<name>0</name>
		<pose>Unspecified</pose>
		<truncated>0</truncated>
		<difficult>0</difficult>
		<occluded>0</occluded>
		<bndbox>
			<xmin>305</xmin>
			<xmax>320</xmax>
			<ymin>241</ymin>
			<ymax>305</ymax>
		</bndbox>
	</object>
</annotation>
