<annotation>
	<folder></folder>
	<filename>0000000481-1-Image_jpeg.rf.b174fe407a34e5e53c647db313b9054f.jpg</filename>
	<path>0000000481-1-Image_jpeg.rf.b174fe407a34e5e53c647db313b9054f.jpg</path>
	<source>
		<database>roboflow.ai</database>
	</source>
	<size>
		<width>600</width>
		<height>600</height>
		<depth>3</depth>
	</size>
	<segmented>0</segmented>
	<object>
		<name>0</name>
		<pose>Unspecified</pose>
		<truncated>0</truncated>
		<difficult>0</difficult>
		<occluded>0</occluded>
		<bndbox>
			<xmin>286</xmin>
			<xmax>294</xmax>
			<ymin>262</ymin>
			<ymax>312</ymax>
		</bndbox>
	</object>
</annotation>
