<annotation>
	<folder></folder>
	<filename>0000000505-1-Image_jpeg.rf.c206bafe7650f2db0a08654262e52c51.jpg</filename>
	<path>0000000505-1-Image_jpeg.rf.c206bafe7650f2db0a08654262e52c51.jpg</path>
	<source>
		<database>roboflow.ai</database>
	</source>
	<size>
		<width>600</width>
		<height>600</height>
		<depth>3</depth>
	</size>
	<segmented>0</segmented>
	<object>
		<name>0</name>
		<pose>Unspecified</pose>
		<truncated>0</truncated>
		<difficult>0</difficult>
		<occluded>0</occluded>
		<bndbox>
			<xmin>264</xmin>
			<xmax>266</xmax>
			<ymin>327</ymin>
			<ymax>335</ymax>
		</bndbox>
	</object>
</annotation>
