<annotation>
	<folder></folder>
	<filename>0000000567-1-Image_jpeg.rf.c8280ff46cbd8fcacb0afb3fa7841f19.jpg</filename>
	<path>0000000567-1-Image_jpeg.rf.c8280ff46cbd8fcacb0afb3fa7841f19.jpg</path>
	<source>
		<database>roboflow.ai</database>
	</source>
	<size>
		<width>600</width>
		<height>600</height>
		<depth>3</depth>
	</size>
	<segmented>0</segmented>
	<object>
		<name>0</name>
		<pose>Unspecified</pose>
		<truncated>0</truncated>
		<difficult>0</difficult>
		<occluded>0</occluded>
		<bndbox>
			<xmin>297</xmin>
			<xmax>299</xmax>
			<ymin>293</ymin>
			<ymax>303</ymax>
		</bndbox>
	</object>
	<object>
		<name>0</name>
		<pose>Unspecified</pose>
		<truncated>0</truncated>
		<difficult>0</difficult>
		<occluded>0</occluded>
		<bndbox>
			<xmin>299</xmin>
			<xmax>312</xmax>
			<ymin>217</ymin>
			<ymax>288</ymax>
		</bndbox>
	</object>
</annotation>
