<annotation>
	<folder></folder>
	<filename>0000000654-1-Image_jpeg.rf.fe14666811e67ed68a0ea2081f5dc6d3.jpg</filename>
	<path>0000000654-1-Image_jpeg.rf.fe14666811e67ed68a0ea2081f5dc6d3.jpg</path>
	<source>
		<database>roboflow.ai</database>
	</source>
	<size>
		<width>600</width>
		<height>600</height>
		<depth>3</depth>
	</size>
	<segmented>0</segmented>
	<object>
		<name>0</name>
		<pose>Unspecified</pose>
		<truncated>0</truncated>
		<difficult>0</difficult>
		<occluded>0</occluded>
		<bndbox>
			<xmin>271</xmin>
			<xmax>279</xmax>
			<ymin>247</ymin>
			<ymax>312</ymax>
		</bndbox>
	</object>
</annotation>
