<annotation>
	<folder></folder>
	<filename>0000000391-1-Image_jpeg.rf.988041e158ed5f61379995d685ef8d56.jpg</filename>
	<path>0000000391-1-Image_jpeg.rf.988041e158ed5f61379995d685ef8d56.jpg</path>
	<source>
		<database>roboflow.ai</database>
	</source>
	<size>
		<width>600</width>
		<height>600</height>
		<depth>3</depth>
	</size>
	<segmented>0</segmented>
	<object>
		<name>0</name>
		<pose>Unspecified</pose>
		<truncated>0</truncated>
		<difficult>0</difficult>
		<occluded>0</occluded>
		<bndbox>
			<xmin>309</xmin>
			<xmax>311</xmax>
			<ymin>301</ymin>
			<ymax>309</ymax>
		</bndbox>
	</object>
	<object>
		<name>0</name>
		<pose>Unspecified</pose>
		<truncated>0</truncated>
		<difficult>0</difficult>
		<occluded>0</occluded>
		<bndbox>
			<xmin>310</xmin>
			<xmax>316</xmax>
			<ymin>226</ymin>
			<ymax>299</ymax>
		</bndbox>
	</object>
</annotation>
