<annotation>
	<folder></folder>
	<filename>0000000651-1-Image_jpeg.rf.296cb2d3a5ac6eb2a5705c6188952bef.jpg</filename>
	<path>0000000651-1-Image_jpeg.rf.296cb2d3a5ac6eb2a5705c6188952bef.jpg</path>
	<source>
		<database>roboflow.ai</database>
	</source>
	<size>
		<width>600</width>
		<height>600</height>
		<depth>3</depth>
	</size>
	<segmented>0</segmented>
	<object>
		<name>0</name>
		<pose>Unspecified</pose>
		<truncated>0</truncated>
		<difficult>0</difficult>
		<occluded>0</occluded>
		<bndbox>
			<xmin>258</xmin>
			<xmax>260</xmax>
			<ymin>292</ymin>
			<ymax>299</ymax>
		</bndbox>
	</object>
</annotation>
