<annotation>
	<folder></folder>
	<filename>0000000271-1-Image_jpeg.rf.999aa23a7bc88c76942960e83eee6ed2.jpg</filename>
	<path>0000000271-1-Image_jpeg.rf.999aa23a7bc88c76942960e83eee6ed2.jpg</path>
	<source>
		<database>roboflow.ai</database>
	</source>
	<size>
		<width>600</width>
		<height>600</height>
		<depth>3</depth>
	</size>
	<segmented>0</segmented>
	<object>
		<name>0</name>
		<pose>Unspecified</pose>
		<truncated>0</truncated>
		<difficult>0</difficult>
		<occluded>0</occluded>
		<bndbox>
			<xmin>296</xmin>
			<xmax>298</xmax>
			<ymin>280</ymin>
			<ymax>288</ymax>
		</bndbox>
	</object>
	<object>
		<name>0</name>
		<pose>Unspecified</pose>
		<truncated>0</truncated>
		<difficult>0</difficult>
		<occluded>0</occluded>
		<bndbox>
			<xmin>299</xmin>
			<xmax>312</xmax>
			<ymin>204</ymin>
			<ymax>268</ymax>
		</bndbox>
	</object>
</annotation>
