<annotation>
	<folder></folder>
	<filename>0000000847-1-Image_jpeg.rf.4d8a036e688e88c72df56c5c9d1925fa.jpg</filename>
	<path>0000000847-1-Image_jpeg.rf.4d8a036e688e88c72df56c5c9d1925fa.jpg</path>
	<source>
		<database>roboflow.ai</database>
	</source>
	<size>
		<width>600</width>
		<height>600</height>
		<depth>3</depth>
	</size>
	<segmented>0</segmented>
	<object>
		<name>0</name>
		<pose>Unspecified</pose>
		<truncated>0</truncated>
		<difficult>0</difficult>
		<occluded>0</occluded>
		<bndbox>
			<xmin>275</xmin>
			<xmax>277</xmax>
			<ymin>260</ymin>
			<ymax>269</ymax>
		</bndbox>
	</object>
	<object>
		<name>0</name>
		<pose>Unspecified</pose>
		<truncated>0</truncated>
		<difficult>0</difficult>
		<occluded>0</occluded>
		<bndbox>
			<xmin>275</xmin>
			<xmax>286</xmax>
			<ymin>181</ymin>
			<ymax>258</ymax>
		</bndbox>
	</object>
</annotation>
