<annotation>
	<folder></folder>
	<filename>0000000916-1-Image_jpeg.rf.c6c4f9782e8d219000ea7edf48a4796d.jpg</filename>
	<path>0000000916-1-Image_jpeg.rf.c6c4f9782e8d219000ea7edf48a4796d.jpg</path>
	<source>
		<database>roboflow.ai</database>
	</source>
	<size>
		<width>600</width>
		<height>600</height>
		<depth>3</depth>
	</size>
	<segmented>0</segmented>
	<object>
		<name>0</name>
		<pose>Unspecified</pose>
		<truncated>0</truncated>
		<difficult>0</difficult>
		<occluded>0</occluded>
		<bndbox>
			<xmin>284</xmin>
			<xmax>286</xmax>
			<ymin>278</ymin>
			<ymax>288</ymax>
		</bndbox>
	</object>
	<object>
		<name>0</name>
		<pose>Unspecified</pose>
		<truncated>0</truncated>
		<difficult>0</difficult>
		<occluded>0</occluded>
		<bndbox>
			<xmin>286</xmin>
			<xmax>303</xmax>
			<ymin>204</ymin>
			<ymax>279</ymax>
		</bndbox>
	</object>
</annotation>
