<annotation>
	<folder></folder>
	<filename>0000000670-1-Image_jpeg.rf.17f4a7d6f881dfcd94008e1a64167977.jpg</filename>
	<path>0000000670-1-Image_jpeg.rf.17f4a7d6f881dfcd94008e1a64167977.jpg</path>
	<source>
		<database>roboflow.ai</database>
	</source>
	<size>
		<width>600</width>
		<height>600</height>
		<depth>3</depth>
	</size>
	<segmented>0</segmented>
	<object>
		<name>0</name>
		<pose>Unspecified</pose>
		<truncated>0</truncated>
		<difficult>0</difficult>
		<occluded>0</occluded>
		<bndbox>
			<xmin>322</xmin>
			<xmax>324</xmax>
			<ymin>295</ymin>
			<ymax>305</ymax>
		</bndbox>
	</object>
</annotation>
