<annotation>
	<folder></folder>
	<filename>0000000658-1-Image_jpeg.rf.8c5755b059c6fbcbaec46b659a67c7d6.jpg</filename>
	<path>0000000658-1-Image_jpeg.rf.8c5755b059c6fbcbaec46b659a67c7d6.jpg</path>
	<source>
		<database>roboflow.ai</database>
	</source>
	<size>
		<width>600</width>
		<height>600</height>
		<depth>3</depth>
	</size>
	<segmented>0</segmented>
	<object>
		<name>0</name>
		<pose>Unspecified</pose>
		<truncated>0</truncated>
		<difficult>0</difficult>
		<occluded>0</occluded>
		<bndbox>
			<xmin>333</xmin>
			<xmax>335</xmax>
			<ymin>280</ymin>
			<ymax>288</ymax>
		</bndbox>
	</object>
	<object>
		<name>0</name>
		<pose>Unspecified</pose>
		<truncated>0</truncated>
		<difficult>0</difficult>
		<occluded>0</occluded>
		<bndbox>
			<xmin>337</xmin>
			<xmax>339</xmax>
			<ymin>232</ymin>
			<ymax>267</ymax>
		</bndbox>
	</object>
</annotation>
