<annotation>
	<folder></folder>
	<filename>0000000839-1-Image_jpeg.rf.ff38f04d71484a355959709045b0bd8b.jpg</filename>
	<path>0000000839-1-Image_jpeg.rf.ff38f04d71484a355959709045b0bd8b.jpg</path>
	<source>
		<database>roboflow.ai</database>
	</source>
	<size>
		<width>600</width>
		<height>600</height>
		<depth>3</depth>
	</size>
	<segmented>0</segmented>
	<object>
		<name>0</name>
		<pose>Unspecified</pose>
		<truncated>0</truncated>
		<difficult>0</difficult>
		<occluded>0</occluded>
		<bndbox>
			<xmin>312</xmin>
			<xmax>314</xmax>
			<ymin>293</ymin>
			<ymax>301</ymax>
		</bndbox>
	</object>
	<object>
		<name>0</name>
		<pose>Unspecified</pose>
		<truncated>0</truncated>
		<difficult>0</difficult>
		<occluded>0</occluded>
		<bndbox>
			<xmin>294</xmin>
			<xmax>313</xmax>
			<ymin>222</ymin>
			<ymax>284</ymax>
		</bndbox>
	</object>
</annotation>
