<annotation>
	<folder></folder>
	<filename>0000000003-1-Image_jpeg.rf.d65b17e93263f08fdbca314e1194ae9c.jpg</filename>
	<path>0000000003-1-Image_jpeg.rf.d65b17e93263f08fdbca314e1194ae9c.jpg</path>
	<source>
		<database>roboflow.ai</database>
	</source>
	<size>
		<width>600</width>
		<height>600</height>
		<depth>3</depth>
	</size>
	<segmented>0</segmented>
	<object>
		<name>0</name>
		<pose>Unspecified</pose>
		<truncated>0</truncated>
		<difficult>0</difficult>
		<occluded>0</occluded>
		<bndbox>
			<xmin>292</xmin>
			<xmax>294</xmax>
			<ymin>280</ymin>
			<ymax>288</ymax>
		</bndbox>
	</object>
	<object>
		<name>0</name>
		<pose>Unspecified</pose>
		<truncated>0</truncated>
		<difficult>0</difficult>
		<occluded>0</occluded>
		<bndbox>
			<xmin>280</xmin>
			<xmax>290</xmax>
			<ymin>206</ymin>
			<ymax>251</ymax>
		</bndbox>
	</object>
</annotation>
