<annotation>
	<folder></folder>
	<filename>0000001138-1-Image_jpeg.rf.9bb4ab122838723e386afecf805c56d0.jpg</filename>
	<path>0000001138-1-Image_jpeg.rf.9bb4ab122838723e386afecf805c56d0.jpg</path>
	<source>
		<database>roboflow.ai</database>
	</source>
	<size>
		<width>600</width>
		<height>600</height>
		<depth>3</depth>
	</size>
	<segmented>0</segmented>
	<object>
		<name>0</name>
		<pose>Unspecified</pose>
		<truncated>0</truncated>
		<difficult>0</difficult>
		<occluded>0</occluded>
		<bndbox>
			<xmin>305</xmin>
			<xmax>314</xmax>
			<ymin>219</ymin>
			<ymax>275</ymax>
		</bndbox>
	</object>
</annotation>
