<annotation>
	<folder></folder>
	<filename>0000001435-1-Image_jpeg.rf.bbf72ce5855e56d92993ae1063c790c1.jpg</filename>
	<path>0000001435-1-Image_jpeg.rf.bbf72ce5855e56d92993ae1063c790c1.jpg</path>
	<source>
		<database>roboflow.ai</database>
	</source>
	<size>
		<width>600</width>
		<height>600</height>
		<depth>3</depth>
	</size>
	<segmented>0</segmented>
	<object>
		<name>0</name>
		<pose>Unspecified</pose>
		<truncated>0</truncated>
		<difficult>0</difficult>
		<occluded>0</occluded>
		<bndbox>
			<xmin>305</xmin>
			<xmax>307</xmax>
			<ymin>303</ymin>
			<ymax>310</ymax>
		</bndbox>
	</object>
	<object>
		<name>0</name>
		<pose>Unspecified</pose>
		<truncated>0</truncated>
		<difficult>0</difficult>
		<occluded>0</occluded>
		<bndbox>
			<xmin>309</xmin>
			<xmax>313</xmax>
			<ymin>268</ymin>
			<ymax>294</ymax>
		</bndbox>
	</object>
</annotation>
