<annotation>
	<folder></folder>
	<filename>0000001013-1-Image_jpeg.rf.fa10fa52200f3eccef1956bfe6eb3fdf.jpg</filename>
	<path>0000001013-1-Image_jpeg.rf.fa10fa52200f3eccef1956bfe6eb3fdf.jpg</path>
	<source>
		<database>roboflow.ai</database>
	</source>
	<size>
		<width>600</width>
		<height>600</height>
		<depth>3</depth>
	</size>
	<segmented>0</segmented>
	<object>
		<name>0</name>
		<pose>Unspecified</pose>
		<truncated>0</truncated>
		<difficult>0</difficult>
		<occluded>0</occluded>
		<bndbox>
			<xmin>322</xmin>
			<xmax>337</xmax>
			<ymin>224</ymin>
			<ymax>288</ymax>
		</bndbox>
	</object>
</annotation>
