<annotation>
	<folder></folder>
	<filename>0000000281-1-Image_jpeg.rf.7c54fa0833ed52765eca6fa23eeb0efc.jpg</filename>
	<path>0000000281-1-Image_jpeg.rf.7c54fa0833ed52765eca6fa23eeb0efc.jpg</path>
	<source>
		<database>roboflow.ai</database>
	</source>
	<size>
		<width>600</width>
		<height>600</height>
		<depth>3</depth>
	</size>
	<segmented>0</segmented>
	<object>
		<name>0</name>
		<pose>Unspecified</pose>
		<truncated>0</truncated>
		<difficult>0</difficult>
		<occluded>0</occluded>
		<bndbox>
			<xmin>303</xmin>
			<xmax>305</xmax>
			<ymin>307</ymin>
			<ymax>316</ymax>
		</bndbox>
	</object>
</annotation>
