<annotation>
	<folder></folder>
	<filename>0000000919-1-Image_jpeg.rf.678468acee3f926a9b5a37d4b8c3a385.jpg</filename>
	<path>0000000919-1-Image_jpeg.rf.678468acee3f926a9b5a37d4b8c3a385.jpg</path>
	<source>
		<database>roboflow.ai</database>
	</source>
	<size>
		<width>600</width>
		<height>600</height>
		<depth>3</depth>
	</size>
	<segmented>0</segmented>
	<object>
		<name>0</name>
		<pose>Unspecified</pose>
		<truncated>0</truncated>
		<difficult>0</difficult>
		<occluded>0</occluded>
		<bndbox>
			<xmin>290</xmin>
			<xmax>292</xmax>
			<ymin>250</ymin>
			<ymax>288</ymax>
		</bndbox>
	</object>
</annotation>
