<annotation>
	<folder></folder>
	<filename>0000001244-1-Image_jpeg.rf.b8b2dae379c8224bb7f6609760b44749.jpg</filename>
	<path>0000001244-1-Image_jpeg.rf.b8b2dae379c8224bb7f6609760b44749.jpg</path>
	<source>
		<database>roboflow.ai</database>
	</source>
	<size>
		<width>600</width>
		<height>600</height>
		<depth>3</depth>
	</size>
	<segmented>0</segmented>
	<object>
		<name>0</name>
		<pose>Unspecified</pose>
		<truncated>0</truncated>
		<difficult>0</difficult>
		<occluded>0</occluded>
		<bndbox>
			<xmin>305</xmin>
			<xmax>307</xmax>
			<ymin>282</ymin>
			<ymax>290</ymax>
		</bndbox>
	</object>
	<object>
		<name>0</name>
		<pose>Unspecified</pose>
		<truncated>0</truncated>
		<difficult>0</difficult>
		<occluded>0</occluded>
		<bndbox>
			<xmin>305</xmin>
			<xmax>307</xmax>
			<ymin>228</ymin>
			<ymax>273</ymax>
		</bndbox>
	</object>
</annotation>
