<annotation>
	<folder></folder>
	<filename>0000000022-1-Image_jpeg.rf.ad1805f7718759cc0f11663e8191ca41.jpg</filename>
	<path>0000000022-1-Image_jpeg.rf.ad1805f7718759cc0f11663e8191ca41.jpg</path>
	<source>
		<database>roboflow.ai</database>
	</source>
	<size>
		<width>600</width>
		<height>600</height>
		<depth>3</depth>
	</size>
	<segmented>0</segmented>
	<object>
		<name>0</name>
		<pose>Unspecified</pose>
		<truncated>0</truncated>
		<difficult>0</difficult>
		<occluded>0</occluded>
		<bndbox>
			<xmin>337</xmin>
			<xmax>339</xmax>
			<ymin>295</ymin>
			<ymax>303</ymax>
		</bndbox>
	</object>
</annotation>
