<annotation>
	<folder></folder>
	<filename>0000001080-1-Image_jpeg.rf.7a6ed922b5efc7e2b79c138819074ebd.jpg</filename>
	<path>0000001080-1-Image_jpeg.rf.7a6ed922b5efc7e2b79c138819074ebd.jpg</path>
	<source>
		<database>roboflow.ai</database>
	</source>
	<size>
		<width>600</width>
		<height>600</height>
		<depth>3</depth>
	</size>
	<segmented>0</segmented>
	<object>
		<name>0</name>
		<pose>Unspecified</pose>
		<truncated>0</truncated>
		<difficult>0</difficult>
		<occluded>0</occluded>
		<bndbox>
			<xmin>258</xmin>
			<xmax>260</xmax>
			<ymin>290</ymin>
			<ymax>299</ymax>
		</bndbox>
	</object>
	<object>
		<name>0</name>
		<pose>Unspecified</pose>
		<truncated>0</truncated>
		<difficult>0</difficult>
		<occluded>0</occluded>
		<bndbox>
			<xmin>258</xmin>
			<xmax>267</xmax>
			<ymin>220</ymin>
			<ymax>288</ymax>
		</bndbox>
	</object>
</annotation>
