<annotation>
	<folder></folder>
	<filename>0000001119-1-Image_jpeg.rf.ad3238c6b7dae788ea471351a9d4ecc9.jpg</filename>
	<path>0000001119-1-Image_jpeg.rf.ad3238c6b7dae788ea471351a9d4ecc9.jpg</path>
	<source>
		<database>roboflow.ai</database>
	</source>
	<size>
		<width>600</width>
		<height>600</height>
		<depth>3</depth>
	</size>
	<segmented>0</segmented>
	<object>
		<name>0</name>
		<pose>Unspecified</pose>
		<truncated>0</truncated>
		<difficult>0</difficult>
		<occluded>0</occluded>
		<bndbox>
			<xmin>303</xmin>
			<xmax>305</xmax>
			<ymin>305</ymin>
			<ymax>312</ymax>
		</bndbox>
	</object>
	<object>
		<name>0</name>
		<pose>Unspecified</pose>
		<truncated>0</truncated>
		<difficult>0</difficult>
		<occluded>0</occluded>
		<bndbox>
			<xmin>294</xmin>
			<xmax>299</xmax>
			<ymin>245</ymin>
			<ymax>271</ymax>
		</bndbox>
	</object>
</annotation>
