<annotation>
	<folder></folder>
	<filename>0000000368-1-Image_jpeg.rf.dba5a5a34c3a5c6044d21bb5a12fd695.jpg</filename>
	<path>0000000368-1-Image_jpeg.rf.dba5a5a34c3a5c6044d21bb5a12fd695.jpg</path>
	<source>
		<database>roboflow.ai</database>
	</source>
	<size>
		<width>600</width>
		<height>600</height>
		<depth>3</depth>
	</size>
	<segmented>0</segmented>
	<object>
		<name>0</name>
		<pose>Unspecified</pose>
		<truncated>0</truncated>
		<difficult>0</difficult>
		<occluded>0</occluded>
		<bndbox>
			<xmin>303</xmin>
			<xmax>305</xmax>
			<ymin>297</ymin>
			<ymax>305</ymax>
		</bndbox>
	</object>
	<object>
		<name>0</name>
		<pose>Unspecified</pose>
		<truncated>0</truncated>
		<difficult>0</difficult>
		<occluded>0</occluded>
		<bndbox>
			<xmin>303</xmin>
			<xmax>305</xmax>
			<ymin>223</ymin>
			<ymax>296</ymax>
		</bndbox>
	</object>
</annotation>
