<annotation>
	<folder></folder>
	<filename>0000001172-1-Image_jpeg.rf.a88d4c8fa36e1206107f0a00101daa99.jpg</filename>
	<path>0000001172-1-Image_jpeg.rf.a88d4c8fa36e1206107f0a00101daa99.jpg</path>
	<source>
		<database>roboflow.ai</database>
	</source>
	<size>
		<width>600</width>
		<height>600</height>
		<depth>3</depth>
	</size>
	<segmented>0</segmented>
	<object>
		<name>0</name>
		<pose>Unspecified</pose>
		<truncated>0</truncated>
		<difficult>0</difficult>
		<occluded>0</occluded>
		<bndbox>
			<xmin>312</xmin>
			<xmax>314</xmax>
			<ymin>295</ymin>
			<ymax>303</ymax>
		</bndbox>
	</object>
	<object>
		<name>0</name>
		<pose>Unspecified</pose>
		<truncated>0</truncated>
		<difficult>0</difficult>
		<occluded>0</occluded>
		<bndbox>
			<xmin>316</xmin>
			<xmax>324</xmax>
			<ymin>224</ymin>
			<ymax>271</ymax>
		</bndbox>
	</object>
</annotation>
