<annotation>
	<folder></folder>
	<filename>0000000749-1-Image_jpeg.rf.b5523c44ef9c193fbfa0c8a962c66129.jpg</filename>
	<path>0000000749-1-Image_jpeg.rf.b5523c44ef9c193fbfa0c8a962c66129.jpg</path>
	<source>
		<database>roboflow.ai</database>
	</source>
	<size>
		<width>600</width>
		<height>600</height>
		<depth>3</depth>
	</size>
	<segmented>0</segmented>
	<object>
		<name>0</name>
		<pose>Unspecified</pose>
		<truncated>0</truncated>
		<difficult>0</difficult>
		<occluded>0</occluded>
		<bndbox>
			<xmin>292</xmin>
			<xmax>294</xmax>
			<ymin>305</ymin>
			<ymax>312</ymax>
		</bndbox>
	</object>
	<object>
		<name>0</name>
		<pose>Unspecified</pose>
		<truncated>0</truncated>
		<difficult>0</difficult>
		<occluded>0</occluded>
		<bndbox>
			<xmin>281</xmin>
			<xmax>294</xmax>
			<ymin>226</ymin>
			<ymax>303</ymax>
		</bndbox>
	</object>
</annotation>
