<annotation>
	<folder></folder>
	<filename>0000001440-1-Image_jpeg.rf.46f73f0e7b9a858e6e35b3d714ec9c98.jpg</filename>
	<path>0000001440-1-Image_jpeg.rf.46f73f0e7b9a858e6e35b3d714ec9c98.jpg</path>
	<source>
		<database>roboflow.ai</database>
	</source>
	<size>
		<width>600</width>
		<height>600</height>
		<depth>3</depth>
	</size>
	<segmented>0</segmented>
	<object>
		<name>0</name>
		<pose>Unspecified</pose>
		<truncated>0</truncated>
		<difficult>0</difficult>
		<occluded>0</occluded>
		<bndbox>
			<xmin>316</xmin>
			<xmax>318</xmax>
			<ymin>295</ymin>
			<ymax>303</ymax>
		</bndbox>
	</object>
	<object>
		<name>0</name>
		<pose>Unspecified</pose>
		<truncated>0</truncated>
		<difficult>0</difficult>
		<occluded>0</occluded>
		<bndbox>
			<xmin>316</xmin>
			<xmax>318</xmax>
			<ymin>228</ymin>
			<ymax>293</ymax>
		</bndbox>
	</object>
</annotation>
