<annotation>
	<folder></folder>
	<filename>0000000296-1-Image_jpeg.rf.e6d1274722fc12d18431ac6f93daead2.jpg</filename>
	<path>0000000296-1-Image_jpeg.rf.e6d1274722fc12d18431ac6f93daead2.jpg</path>
	<source>
		<database>roboflow.ai</database>
	</source>
	<size>
		<width>600</width>
		<height>600</height>
		<depth>3</depth>
	</size>
	<segmented>0</segmented>
	<object>
		<name>0</name>
		<pose>Unspecified</pose>
		<truncated>0</truncated>
		<difficult>0</difficult>
		<occluded>0</occluded>
		<bndbox>
			<xmin>209</xmin>
			<xmax>211</xmax>
			<ymin>312</ymin>
			<ymax>320</ymax>
		</bndbox>
	</object>
</annotation>
