<annotation>
	<folder></folder>
	<filename>0000000015-1-Image_jpeg.rf.540c0c2be785600cc598888ac6a2fc8d.jpg</filename>
	<path>0000000015-1-Image_jpeg.rf.540c0c2be785600cc598888ac6a2fc8d.jpg</path>
	<source>
		<database>roboflow.ai</database>
	</source>
	<size>
		<width>600</width>
		<height>600</height>
		<depth>3</depth>
	</size>
	<segmented>0</segmented>
	<object>
		<name>0</name>
		<pose>Unspecified</pose>
		<truncated>0</truncated>
		<difficult>0</difficult>
		<occluded>0</occluded>
		<bndbox>
			<xmin>314</xmin>
			<xmax>316</xmax>
			<ymin>271</ymin>
			<ymax>280</ymax>
		</bndbox>
	</object>
</annotation>
