<annotation>
	<folder></folder>
	<filename>0000001079-1-Image_jpeg.rf.7590fd06ec141756ddca7d0b899ae6f7.jpg</filename>
	<path>0000001079-1-Image_jpeg.rf.7590fd06ec141756ddca7d0b899ae6f7.jpg</path>
	<source>
		<database>roboflow.ai</database>
	</source>
	<size>
		<width>600</width>
		<height>600</height>
		<depth>3</depth>
	</size>
	<segmented>0</segmented>
	<object>
		<name>0</name>
		<pose>Unspecified</pose>
		<truncated>0</truncated>
		<difficult>0</difficult>
		<occluded>0</occluded>
		<bndbox>
			<xmin>292</xmin>
			<xmax>294</xmax>
			<ymin>293</ymin>
			<ymax>301</ymax>
		</bndbox>
	</object>
	<object>
		<name>0</name>
		<pose>Unspecified</pose>
		<truncated>0</truncated>
		<difficult>0</difficult>
		<occluded>0</occluded>
		<bndbox>
			<xmin>294</xmin>
			<xmax>298</xmax>
			<ymin>241</ymin>
			<ymax>292</ymax>
		</bndbox>
	</object>
</annotation>
