<annotation>
	<folder></folder>
	<filename>0000000462-1-Image_jpeg.rf.b98602ba2e06a74eebc3556fa3db4af3.jpg</filename>
	<path>0000000462-1-Image_jpeg.rf.b98602ba2e06a74eebc3556fa3db4af3.jpg</path>
	<source>
		<database>roboflow.ai</database>
	</source>
	<size>
		<width>600</width>
		<height>600</height>
		<depth>3</depth>
	</size>
	<segmented>0</segmented>
	<object>
		<name>0</name>
		<pose>Unspecified</pose>
		<truncated>0</truncated>
		<difficult>0</difficult>
		<occluded>0</occluded>
		<bndbox>
			<xmin>297</xmin>
			<xmax>299</xmax>
			<ymin>293</ymin>
			<ymax>301</ymax>
		</bndbox>
	</object>
</annotation>
