<annotation>
	<folder></folder>
	<filename>0000001113-1-Image_jpeg.rf.39a0b1b738bd5a2d70f48b9c3fb8063e.jpg</filename>
	<path>0000001113-1-Image_jpeg.rf.39a0b1b738bd5a2d70f48b9c3fb8063e.jpg</path>
	<source>
		<database>roboflow.ai</database>
	</source>
	<size>
		<width>600</width>
		<height>600</height>
		<depth>3</depth>
	</size>
	<segmented>0</segmented>
	<object>
		<name>0</name>
		<pose>Unspecified</pose>
		<truncated>0</truncated>
		<difficult>0</difficult>
		<occluded>0</occluded>
		<bndbox>
			<xmin>297</xmin>
			<xmax>299</xmax>
			<ymin>293</ymin>
			<ymax>303</ymax>
		</bndbox>
	</object>
	<object>
		<name>0</name>
		<pose>Unspecified</pose>
		<truncated>0</truncated>
		<difficult>0</difficult>
		<occluded>0</occluded>
		<bndbox>
			<xmin>297</xmin>
			<xmax>307</xmax>
			<ymin>236</ymin>
			<ymax>292</ymax>
		</bndbox>
	</object>
</annotation>
