<annotation>
	<folder></folder>
	<filename>0000000115-1-Image_jpeg.rf.46995013a3c08203b9d520dbb1343205.jpg</filename>
	<path>0000000115-1-Image_jpeg.rf.46995013a3c08203b9d520dbb1343205.jpg</path>
	<source>
		<database>roboflow.ai</database>
	</source>
	<size>
		<width>600</width>
		<height>600</height>
		<depth>3</depth>
	</size>
	<segmented>0</segmented>
	<object>
		<name>0</name>
		<pose>Unspecified</pose>
		<truncated>0</truncated>
		<difficult>0</difficult>
		<occluded>0</occluded>
		<bndbox>
			<xmin>282</xmin>
			<xmax>284</xmax>
			<ymin>297</ymin>
			<ymax>305</ymax>
		</bndbox>
	</object>
</annotation>
