<annotation>
	<folder></folder>
	<filename>0000001151-1-Image_jpeg.rf.b478f679ee03755b0ff0d91d0fd4fb66.jpg</filename>
	<path>0000001151-1-Image_jpeg.rf.b478f679ee03755b0ff0d91d0fd4fb66.jpg</path>
	<source>
		<database>roboflow.ai</database>
	</source>
	<size>
		<width>600</width>
		<height>600</height>
		<depth>3</depth>
	</size>
	<segmented>0</segmented>
	<object>
		<name>0</name>
		<pose>Unspecified</pose>
		<truncated>0</truncated>
		<difficult>0</difficult>
		<occluded>0</occluded>
		<bndbox>
			<xmin>286</xmin>
			<xmax>288</xmax>
			<ymin>301</ymin>
			<ymax>310</ymax>
		</bndbox>
	</object>
</annotation>
