<annotation>
	<folder></folder>
	<filename>0000001185-1-Image_jpeg.rf.9ff41797c050af2632a85a0d879c854a.jpg</filename>
	<path>0000001185-1-Image_jpeg.rf.9ff41797c050af2632a85a0d879c854a.jpg</path>
	<source>
		<database>roboflow.ai</database>
	</source>
	<size>
		<width>600</width>
		<height>600</height>
		<depth>3</depth>
	</size>
	<segmented>0</segmented>
	<object>
		<name>0</name>
		<pose>Unspecified</pose>
		<truncated>0</truncated>
		<difficult>0</difficult>
		<occluded>0</occluded>
		<bndbox>
			<xmin>303</xmin>
			<xmax>305</xmax>
			<ymin>314</ymin>
			<ymax>324</ymax>
		</bndbox>
	</object>
</annotation>
