<annotation>
	<folder></folder>
	<filename>0000001400-1-Image_jpeg.rf.202ab57f2c6f651423894e98d5a7da80.jpg</filename>
	<path>0000001400-1-Image_jpeg.rf.202ab57f2c6f651423894e98d5a7da80.jpg</path>
	<source>
		<database>roboflow.ai</database>
	</source>
	<size>
		<width>600</width>
		<height>600</height>
		<depth>3</depth>
	</size>
	<segmented>0</segmented>
	<object>
		<name>0</name>
		<pose>Unspecified</pose>
		<truncated>0</truncated>
		<difficult>0</difficult>
		<occluded>0</occluded>
		<bndbox>
			<xmin>307</xmin>
			<xmax>309</xmax>
			<ymin>297</ymin>
			<ymax>305</ymax>
		</bndbox>
	</object>
	<object>
		<name>0</name>
		<pose>Unspecified</pose>
		<truncated>0</truncated>
		<difficult>0</difficult>
		<occluded>0</occluded>
		<bndbox>
			<xmin>303</xmin>
			<xmax>305</xmax>
			<ymin>245</ymin>
			<ymax>279</ymax>
		</bndbox>
	</object>
</annotation>
