<annotation>
	<folder></folder>
	<filename>0000000222-1-Image_jpeg.rf.fb10653540910c2d5c5619454373b0a8.jpg</filename>
	<path>0000000222-1-Image_jpeg.rf.fb10653540910c2d5c5619454373b0a8.jpg</path>
	<source>
		<database>roboflow.ai</database>
	</source>
	<size>
		<width>600</width>
		<height>600</height>
		<depth>3</depth>
	</size>
	<segmented>0</segmented>
	<object>
		<name>0</name>
		<pose>Unspecified</pose>
		<truncated>0</truncated>
		<difficult>0</difficult>
		<occluded>0</occluded>
		<bndbox>
			<xmin>309</xmin>
			<xmax>311</xmax>
			<ymin>292</ymin>
			<ymax>301</ymax>
		</bndbox>
	</object>
</annotation>
