<annotation>
	<folder></folder>
	<filename>0000001329-1-Image_jpeg.rf.f60d36eaed3445b166decfd1abcd1a09.jpg</filename>
	<path>0000001329-1-Image_jpeg.rf.f60d36eaed3445b166decfd1abcd1a09.jpg</path>
	<source>
		<database>roboflow.ai</database>
	</source>
	<size>
		<width>600</width>
		<height>600</height>
		<depth>3</depth>
	</size>
	<segmented>0</segmented>
	<object>
		<name>0</name>
		<pose>Unspecified</pose>
		<truncated>0</truncated>
		<difficult>0</difficult>
		<occluded>0</occluded>
		<bndbox>
			<xmin>333</xmin>
			<xmax>335</xmax>
			<ymin>273</ymin>
			<ymax>280</ymax>
		</bndbox>
	</object>
</annotation>
