<annotation>
	<folder></folder>
	<filename>0000000100-1-Image_jpeg.rf.1e4859a52e61756b9a4cdcf0dd670eee.jpg</filename>
	<path>0000000100-1-Image_jpeg.rf.1e4859a52e61756b9a4cdcf0dd670eee.jpg</path>
	<source>
		<database>roboflow.ai</database>
	</source>
	<size>
		<width>600</width>
		<height>600</height>
		<depth>3</depth>
	</size>
	<segmented>0</segmented>
	<object>
		<name>0</name>
		<pose>Unspecified</pose>
		<truncated>0</truncated>
		<difficult>0</difficult>
		<occluded>0</occluded>
		<bndbox>
			<xmin>297</xmin>
			<xmax>299</xmax>
			<ymin>292</ymin>
			<ymax>299</ymax>
		</bndbox>
	</object>
	<object>
		<name>0</name>
		<pose>Unspecified</pose>
		<truncated>0</truncated>
		<difficult>0</difficult>
		<occluded>0</occluded>
		<bndbox>
			<xmin>299</xmin>
			<xmax>316</xmax>
			<ymin>215</ymin>
			<ymax>290</ymax>
		</bndbox>
	</object>
</annotation>
