<annotation>
	<folder></folder>
	<filename>0000000956-1-Image_jpeg.rf.4809dbf2cf95d1429fb70fb6996051ad.jpg</filename>
	<path>0000000956-1-Image_jpeg.rf.4809dbf2cf95d1429fb70fb6996051ad.jpg</path>
	<source>
		<database>roboflow.ai</database>
	</source>
	<size>
		<width>600</width>
		<height>600</height>
		<depth>3</depth>
	</size>
	<segmented>0</segmented>
	<object>
		<name>0</name>
		<pose>Unspecified</pose>
		<truncated>0</truncated>
		<difficult>0</difficult>
		<occluded>0</occluded>
		<bndbox>
			<xmin>323</xmin>
			<xmax>331</xmax>
			<ymin>218</ymin>
			<ymax>273</ymax>
		</bndbox>
	</object>
</annotation>
