<annotation>
	<folder></folder>
	<filename>0000000691-1-Image_jpeg.rf.92217cfaaca38dcedab8d3638979f3f3.jpg</filename>
	<path>0000000691-1-Image_jpeg.rf.92217cfaaca38dcedab8d3638979f3f3.jpg</path>
	<source>
		<database>roboflow.ai</database>
	</source>
	<size>
		<width>600</width>
		<height>600</height>
		<depth>3</depth>
	</size>
	<segmented>0</segmented>
	<object>
		<name>0</name>
		<pose>Unspecified</pose>
		<truncated>0</truncated>
		<difficult>0</difficult>
		<occluded>0</occluded>
		<bndbox>
			<xmin>335</xmin>
			<xmax>340</xmax>
			<ymin>202</ymin>
			<ymax>275</ymax>
		</bndbox>
	</object>
</annotation>
