<annotation>
	<folder></folder>
	<filename>0000000838-1-Image_jpeg.rf.3259e91ca0d1725f2aede309198a4ff1.jpg</filename>
	<path>0000000838-1-Image_jpeg.rf.3259e91ca0d1725f2aede309198a4ff1.jpg</path>
	<source>
		<database>roboflow.ai</database>
	</source>
	<size>
		<width>600</width>
		<height>600</height>
		<depth>3</depth>
	</size>
	<segmented>0</segmented>
	<object>
		<name>0</name>
		<pose>Unspecified</pose>
		<truncated>0</truncated>
		<difficult>0</difficult>
		<occluded>0</occluded>
		<bndbox>
			<xmin>290</xmin>
			<xmax>297</xmax>
			<ymin>226</ymin>
			<ymax>264</ymax>
		</bndbox>
	</object>
</annotation>
