<annotation>
	<folder></folder>
	<filename>0000001085-1-Image_jpeg.rf.5a675182d0e365b23a73a6f41c84c997.jpg</filename>
	<path>0000001085-1-Image_jpeg.rf.5a675182d0e365b23a73a6f41c84c997.jpg</path>
	<source>
		<database>roboflow.ai</database>
	</source>
	<size>
		<width>600</width>
		<height>600</height>
		<depth>3</depth>
	</size>
	<segmented>0</segmented>
	<object>
		<name>0</name>
		<pose>Unspecified</pose>
		<truncated>0</truncated>
		<difficult>0</difficult>
		<occluded>0</occluded>
		<bndbox>
			<xmin>327</xmin>
			<xmax>329</xmax>
			<ymin>271</ymin>
			<ymax>280</ymax>
		</bndbox>
	</object>
	<object>
		<name>0</name>
		<pose>Unspecified</pose>
		<truncated>0</truncated>
		<difficult>0</difficult>
		<occluded>0</occluded>
		<bndbox>
			<xmin>329</xmin>
			<xmax>339</xmax>
			<ymin>192</ymin>
			<ymax>269</ymax>
		</bndbox>
	</object>
</annotation>
