<annotation>
	<folder></folder>
	<filename>0000000194-1-Image_jpeg.rf.a0cef7f9ad241764d64912e462565844.jpg</filename>
	<path>0000000194-1-Image_jpeg.rf.a0cef7f9ad241764d64912e462565844.jpg</path>
	<source>
		<database>roboflow.ai</database>
	</source>
	<size>
		<width>600</width>
		<height>600</height>
		<depth>3</depth>
	</size>
	<segmented>0</segmented>
	<object>
		<name>0</name>
		<pose>Unspecified</pose>
		<truncated>0</truncated>
		<difficult>0</difficult>
		<occluded>0</occluded>
		<bndbox>
			<xmin>297</xmin>
			<xmax>299</xmax>
			<ymin>239</ymin>
			<ymax>277</ymax>
		</bndbox>
	</object>
</annotation>
