<annotation>
	<folder></folder>
	<filename>0000001285-1-Image_jpeg.rf.6b27e52f7f9091be32c3009b519b90ed.jpg</filename>
	<path>0000001285-1-Image_jpeg.rf.6b27e52f7f9091be32c3009b519b90ed.jpg</path>
	<source>
		<database>roboflow.ai</database>
	</source>
	<size>
		<width>600</width>
		<height>600</height>
		<depth>3</depth>
	</size>
	<segmented>0</segmented>
	<object>
		<name>0</name>
		<pose>Unspecified</pose>
		<truncated>0</truncated>
		<difficult>0</difficult>
		<occluded>0</occluded>
		<bndbox>
			<xmin>271</xmin>
			<xmax>273</xmax>
			<ymin>288</ymin>
			<ymax>295</ymax>
		</bndbox>
	</object>
</annotation>
