<annotation>
	<folder></folder>
	<filename>0000000335-1-Image_jpeg.rf.931d54dabb3da470fbcf9e8a2116024c.jpg</filename>
	<path>0000000335-1-Image_jpeg.rf.931d54dabb3da470fbcf9e8a2116024c.jpg</path>
	<source>
		<database>roboflow.ai</database>
	</source>
	<size>
		<width>600</width>
		<height>600</height>
		<depth>3</depth>
	</size>
	<segmented>0</segmented>
	<object>
		<name>0</name>
		<pose>Unspecified</pose>
		<truncated>0</truncated>
		<difficult>0</difficult>
		<occluded>0</occluded>
		<bndbox>
			<xmin>327</xmin>
			<xmax>329</xmax>
			<ymin>337</ymin>
			<ymax>346</ymax>
		</bndbox>
	</object>
</annotation>
