<annotation>
	<folder></folder>
	<filename>0000000586-1-Image_jpeg.rf.159bd711686a6fd257b8cf4477eca798.jpg</filename>
	<path>0000000586-1-Image_jpeg.rf.159bd711686a6fd257b8cf4477eca798.jpg</path>
	<source>
		<database>roboflow.ai</database>
	</source>
	<size>
		<width>600</width>
		<height>600</height>
		<depth>3</depth>
	</size>
	<segmented>0</segmented>
	<object>
		<name>0</name>
		<pose>Unspecified</pose>
		<truncated>0</truncated>
		<difficult>0</difficult>
		<occluded>0</occluded>
		<bndbox>
			<xmin>294</xmin>
			<xmax>296</xmax>
			<ymin>269</ymin>
			<ymax>277</ymax>
		</bndbox>
	</object>
	<object>
		<name>0</name>
		<pose>Unspecified</pose>
		<truncated>0</truncated>
		<difficult>0</difficult>
		<occluded>0</occluded>
		<bndbox>
			<xmin>295</xmin>
			<xmax>301</xmax>
			<ymin>194</ymin>
			<ymax>232</ymax>
		</bndbox>
	</object>
</annotation>
