<annotation>
	<folder></folder>
	<filename>0000001321-1-Image_jpeg.rf.bec4441f6b856191851f771cb125ae2a.jpg</filename>
	<path>0000001321-1-Image_jpeg.rf.bec4441f6b856191851f771cb125ae2a.jpg</path>
	<source>
		<database>roboflow.ai</database>
	</source>
	<size>
		<width>600</width>
		<height>600</height>
		<depth>3</depth>
	</size>
	<segmented>0</segmented>
	<object>
		<name>0</name>
		<pose>Unspecified</pose>
		<truncated>0</truncated>
		<difficult>0</difficult>
		<occluded>0</occluded>
		<bndbox>
			<xmin>305</xmin>
			<xmax>307</xmax>
			<ymin>286</ymin>
			<ymax>295</ymax>
		</bndbox>
	</object>
	<object>
		<name>0</name>
		<pose>Unspecified</pose>
		<truncated>0</truncated>
		<difficult>0</difficult>
		<occluded>0</occluded>
		<bndbox>
			<xmin>309</xmin>
			<xmax>326</xmax>
			<ymin>209</ymin>
			<ymax>277</ymax>
		</bndbox>
	</object>
</annotation>
