<annotation>
	<folder></folder>
	<filename>0000001181-1-Image_jpeg.rf.1687bb39fd3b46df77cbe641e81b6e4c.jpg</filename>
	<path>0000001181-1-Image_jpeg.rf.1687bb39fd3b46df77cbe641e81b6e4c.jpg</path>
	<source>
		<database>roboflow.ai</database>
	</source>
	<size>
		<width>600</width>
		<height>600</height>
		<depth>3</depth>
	</size>
	<segmented>0</segmented>
	<object>
		<name>0</name>
		<pose>Unspecified</pose>
		<truncated>0</truncated>
		<difficult>0</difficult>
		<occluded>0</occluded>
		<bndbox>
			<xmin>277</xmin>
			<xmax>279</xmax>
			<ymin>288</ymin>
			<ymax>295</ymax>
		</bndbox>
	</object>
</annotation>
