<annotation>
	<folder></folder>
	<filename>0000001109-1-Image_jpeg.rf.b8505e8c10799be020eaa7571c71c522.jpg</filename>
	<path>0000001109-1-Image_jpeg.rf.b8505e8c10799be020eaa7571c71c522.jpg</path>
	<source>
		<database>roboflow.ai</database>
	</source>
	<size>
		<width>600</width>
		<height>600</height>
		<depth>3</depth>
	</size>
	<segmented>0</segmented>
	<object>
		<name>0</name>
		<pose>Unspecified</pose>
		<truncated>0</truncated>
		<difficult>0</difficult>
		<occluded>0</occluded>
		<bndbox>
			<xmin>286</xmin>
			<xmax>288</xmax>
			<ymin>263</ymin>
			<ymax>271</ymax>
		</bndbox>
	</object>
	<object>
		<name>0</name>
		<pose>Unspecified</pose>
		<truncated>0</truncated>
		<difficult>0</difficult>
		<occluded>0</occluded>
		<bndbox>
			<xmin>280</xmin>
			<xmax>286</xmax>
			<ymin>185</ymin>
			<ymax>262</ymax>
		</bndbox>
	</object>
</annotation>
