<annotation>
	<folder></folder>
	<filename>0000001186-1-Image_jpeg.rf.8a8facc2926cbba4864a757ec8644ef3.jpg</filename>
	<path>0000001186-1-Image_jpeg.rf.8a8facc2926cbba4864a757ec8644ef3.jpg</path>
	<source>
		<database>roboflow.ai</database>
	</source>
	<size>
		<width>600</width>
		<height>600</height>
		<depth>3</depth>
	</size>
	<segmented>0</segmented>
	<object>
		<name>0</name>
		<pose>Unspecified</pose>
		<truncated>0</truncated>
		<difficult>0</difficult>
		<occluded>0</occluded>
		<bndbox>
			<xmin>305</xmin>
			<xmax>307</xmax>
			<ymin>293</ymin>
			<ymax>301</ymax>
		</bndbox>
	</object>
	<object>
		<name>0</name>
		<pose>Unspecified</pose>
		<truncated>0</truncated>
		<difficult>0</difficult>
		<occluded>0</occluded>
		<bndbox>
			<xmin>288</xmin>
			<xmax>305</xmax>
			<ymin>221</ymin>
			<ymax>292</ymax>
		</bndbox>
	</object>
</annotation>
