<annotation>
	<folder></folder>
	<filename>0000000813-1-Image_jpeg.rf.a151fa08858c204d628c944f6e6e9750.jpg</filename>
	<path>0000000813-1-Image_jpeg.rf.a151fa08858c204d628c944f6e6e9750.jpg</path>
	<source>
		<database>roboflow.ai</database>
	</source>
	<size>
		<width>600</width>
		<height>600</height>
		<depth>3</depth>
	</size>
	<segmented>0</segmented>
	<object>
		<name>0</name>
		<pose>Unspecified</pose>
		<truncated>0</truncated>
		<difficult>0</difficult>
		<occluded>0</occluded>
		<bndbox>
			<xmin>279</xmin>
			<xmax>283</xmax>
			<ymin>190</ymin>
			<ymax>241</ymax>
		</bndbox>
	</object>
</annotation>
