<annotation>
	<folder></folder>
	<filename>0000000079-1-Image_jpeg.rf.25873cd5f22d68e46869a938891d9b5e.jpg</filename>
	<path>0000000079-1-Image_jpeg.rf.25873cd5f22d68e46869a938891d9b5e.jpg</path>
	<source>
		<database>roboflow.ai</database>
	</source>
	<size>
		<width>600</width>
		<height>600</height>
		<depth>3</depth>
	</size>
	<segmented>0</segmented>
	<object>
		<name>0</name>
		<pose>Unspecified</pose>
		<truncated>0</truncated>
		<difficult>0</difficult>
		<occluded>0</occluded>
		<bndbox>
			<xmin>305</xmin>
			<xmax>309</xmax>
			<ymin>241</ymin>
			<ymax>271</ymax>
		</bndbox>
	</object>
</annotation>
