<annotation>
	<folder></folder>
	<filename>0000001331-1-Image_jpeg.rf.837960d9f94f1fe9f55e135e869abcbf.jpg</filename>
	<path>0000001331-1-Image_jpeg.rf.837960d9f94f1fe9f55e135e869abcbf.jpg</path>
	<source>
		<database>roboflow.ai</database>
	</source>
	<size>
		<width>600</width>
		<height>600</height>
		<depth>3</depth>
	</size>
	<segmented>0</segmented>
	<object>
		<name>0</name>
		<pose>Unspecified</pose>
		<truncated>0</truncated>
		<difficult>0</difficult>
		<occluded>0</occluded>
		<bndbox>
			<xmin>286</xmin>
			<xmax>288</xmax>
			<ymin>286</ymin>
			<ymax>294</ymax>
		</bndbox>
	</object>
	<object>
		<name>0</name>
		<pose>Unspecified</pose>
		<truncated>0</truncated>
		<difficult>0</difficult>
		<occluded>0</occluded>
		<bndbox>
			<xmin>288</xmin>
			<xmax>292</xmax>
			<ymin>232</ymin>
			<ymax>266</ymax>
		</bndbox>
	</object>
</annotation>
