<annotation>
	<folder></folder>
	<filename>0000001096-1-Image_jpeg.rf.dac8c5cbdc00f734c37a9e0a96e02883.jpg</filename>
	<path>0000001096-1-Image_jpeg.rf.dac8c5cbdc00f734c37a9e0a96e02883.jpg</path>
	<source>
		<database>roboflow.ai</database>
	</source>
	<size>
		<width>600</width>
		<height>600</height>
		<depth>3</depth>
	</size>
	<segmented>0</segmented>
	<object>
		<name>0</name>
		<pose>Unspecified</pose>
		<truncated>0</truncated>
		<difficult>0</difficult>
		<occluded>0</occluded>
		<bndbox>
			<xmin>281</xmin>
			<xmax>283</xmax>
			<ymin>344</ymin>
			<ymax>352</ymax>
		</bndbox>
	</object>
</annotation>
