<annotation>
	<folder></folder>
	<filename>0000000431-1-Image_jpeg.rf.66b1a07b32ed6d9e05610105dca1323d.jpg</filename>
	<path>0000000431-1-Image_jpeg.rf.66b1a07b32ed6d9e05610105dca1323d.jpg</path>
	<source>
		<database>roboflow.ai</database>
	</source>
	<size>
		<width>600</width>
		<height>600</height>
		<depth>3</depth>
	</size>
	<segmented>0</segmented>
	<object>
		<name>0</name>
		<pose>Unspecified</pose>
		<truncated>0</truncated>
		<difficult>0</difficult>
		<occluded>0</occluded>
		<bndbox>
			<xmin>341</xmin>
			<xmax>343</xmax>
			<ymin>277</ymin>
			<ymax>286</ymax>
		</bndbox>
	</object>
	<object>
		<name>0</name>
		<pose>Unspecified</pose>
		<truncated>0</truncated>
		<difficult>0</difficult>
		<occluded>0</occluded>
		<bndbox>
			<xmin>333</xmin>
			<xmax>340</xmax>
			<ymin>221</ymin>
			<ymax>268</ymax>
		</bndbox>
	</object>
</annotation>
