<annotation>
	<folder></folder>
	<filename>0000000794-1-Image_jpeg.rf.35ce99a97a21a1d66d54906b0a3dce8a.jpg</filename>
	<path>0000000794-1-Image_jpeg.rf.35ce99a97a21a1d66d54906b0a3dce8a.jpg</path>
	<source>
		<database>roboflow.ai</database>
	</source>
	<size>
		<width>600</width>
		<height>600</height>
		<depth>3</depth>
	</size>
	<segmented>0</segmented>
	<object>
		<name>0</name>
		<pose>Unspecified</pose>
		<truncated>0</truncated>
		<difficult>0</difficult>
		<occluded>0</occluded>
		<bndbox>
			<xmin>296</xmin>
			<xmax>298</xmax>
			<ymin>293</ymin>
			<ymax>301</ymax>
		</bndbox>
	</object>
	<object>
		<name>0</name>
		<pose>Unspecified</pose>
		<truncated>0</truncated>
		<difficult>0</difficult>
		<occluded>0</occluded>
		<bndbox>
			<xmin>300</xmin>
			<xmax>311</xmax>
			<ymin>224</ymin>
			<ymax>277</ymax>
		</bndbox>
	</object>
</annotation>
