<annotation>
	<folder></folder>
	<filename>0000000525-1-Image_jpeg.rf.cbf2979785acf1060737224365cf6384.jpg</filename>
	<path>0000000525-1-Image_jpeg.rf.cbf2979785acf1060737224365cf6384.jpg</path>
	<source>
		<database>roboflow.ai</database>
	</source>
	<size>
		<width>600</width>
		<height>600</height>
		<depth>3</depth>
	</size>
	<segmented>0</segmented>
	<object>
		<name>0</name>
		<pose>Unspecified</pose>
		<truncated>0</truncated>
		<difficult>0</difficult>
		<occluded>0</occluded>
		<bndbox>
			<xmin>290</xmin>
			<xmax>292</xmax>
			<ymin>301</ymin>
			<ymax>310</ymax>
		</bndbox>
	</object>
	<object>
		<name>0</name>
		<pose>Unspecified</pose>
		<truncated>0</truncated>
		<difficult>0</difficult>
		<occluded>0</occluded>
		<bndbox>
			<xmin>292</xmin>
			<xmax>297</xmax>
			<ymin>258</ymin>
			<ymax>295</ymax>
		</bndbox>
	</object>
</annotation>
