<annotation>
	<folder></folder>
	<filename>0000001488-1-Image_jpeg.rf.6df818e0b6cabd76ef98bbc27f0f1438.jpg</filename>
	<path>0000001488-1-Image_jpeg.rf.6df818e0b6cabd76ef98bbc27f0f1438.jpg</path>
	<source>
		<database>roboflow.ai</database>
	</source>
	<size>
		<width>600</width>
		<height>600</height>
		<depth>3</depth>
	</size>
	<segmented>0</segmented>
	<object>
		<name>0</name>
		<pose>Unspecified</pose>
		<truncated>0</truncated>
		<difficult>0</difficult>
		<occluded>0</occluded>
		<bndbox>
			<xmin>213</xmin>
			<xmax>215</xmax>
			<ymin>323</ymin>
			<ymax>333</ymax>
		</bndbox>
	</object>
</annotation>
