<annotation>
	<folder></folder>
	<filename>0000000870-1-Image_jpeg.rf.4b2d30d5ac6509230c20c268febfb048.jpg</filename>
	<path>0000000870-1-Image_jpeg.rf.4b2d30d5ac6509230c20c268febfb048.jpg</path>
	<source>
		<database>roboflow.ai</database>
	</source>
	<size>
		<width>600</width>
		<height>600</height>
		<depth>3</depth>
	</size>
	<segmented>0</segmented>
	<object>
		<name>0</name>
		<pose>Unspecified</pose>
		<truncated>0</truncated>
		<difficult>0</difficult>
		<occluded>0</occluded>
		<bndbox>
			<xmin>342</xmin>
			<xmax>344</xmax>
			<ymin>299</ymin>
			<ymax>307</ymax>
		</bndbox>
	</object>
</annotation>
