<annotation>
	<folder></folder>
	<filename>0000000615-1-Image_jpeg.rf.e9793f4504d5696d1f581a482c6da6be.jpg</filename>
	<path>0000000615-1-Image_jpeg.rf.e9793f4504d5696d1f581a482c6da6be.jpg</path>
	<source>
		<database>roboflow.ai</database>
	</source>
	<size>
		<width>600</width>
		<height>600</height>
		<depth>3</depth>
	</size>
	<segmented>0</segmented>
	<object>
		<name>0</name>
		<pose>Unspecified</pose>
		<truncated>0</truncated>
		<difficult>0</difficult>
		<occluded>0</occluded>
		<bndbox>
			<xmin>299</xmin>
			<xmax>301</xmax>
			<ymin>299</ymin>
			<ymax>307</ymax>
		</bndbox>
	</object>
	<object>
		<name>0</name>
		<pose>Unspecified</pose>
		<truncated>0</truncated>
		<difficult>0</difficult>
		<occluded>0</occluded>
		<bndbox>
			<xmin>290</xmin>
			<xmax>299</xmax>
			<ymin>228</ymin>
			<ymax>290</ymax>
		</bndbox>
	</object>
</annotation>
