<annotation>
	<folder></folder>
	<filename>0000000036-1-Image_jpeg.rf.b67c6e3a8f51c5f0cba072cbe23c5142.jpg</filename>
	<path>0000000036-1-Image_jpeg.rf.b67c6e3a8f51c5f0cba072cbe23c5142.jpg</path>
	<source>
		<database>roboflow.ai</database>
	</source>
	<size>
		<width>600</width>
		<height>600</height>
		<depth>3</depth>
	</size>
	<segmented>0</segmented>
	<object>
		<name>0</name>
		<pose>Unspecified</pose>
		<truncated>0</truncated>
		<difficult>0</difficult>
		<occluded>0</occluded>
		<bndbox>
			<xmin>266</xmin>
			<xmax>268</xmax>
			<ymin>346</ymin>
			<ymax>355</ymax>
		</bndbox>
	</object>
</annotation>
