<annotation>
	<folder></folder>
	<filename>0000000041-1-Image_jpeg.rf.ba3da1f0a15def882964f4e50e565869.jpg</filename>
	<path>0000000041-1-Image_jpeg.rf.ba3da1f0a15def882964f4e50e565869.jpg</path>
	<source>
		<database>roboflow.ai</database>
	</source>
	<size>
		<width>600</width>
		<height>600</height>
		<depth>3</depth>
	</size>
	<segmented>0</segmented>
	<object>
		<name>0</name>
		<pose>Unspecified</pose>
		<truncated>0</truncated>
		<difficult>0</difficult>
		<occluded>0</occluded>
		<bndbox>
			<xmin>312</xmin>
			<xmax>314</xmax>
			<ymin>273</ymin>
			<ymax>282</ymax>
		</bndbox>
	</object>
	<object>
		<name>0</name>
		<pose>Unspecified</pose>
		<truncated>0</truncated>
		<difficult>0</difficult>
		<occluded>0</occluded>
		<bndbox>
			<xmin>316</xmin>
			<xmax>320</xmax>
			<ymin>204</ymin>
			<ymax>238</ymax>
		</bndbox>
	</object>
</annotation>
