<annotation>
	<folder></folder>
	<filename>0000000333-1-Image_jpeg.rf.02c823dc1aac476eb2d23c75e82a3069.jpg</filename>
	<path>0000000333-1-Image_jpeg.rf.02c823dc1aac476eb2d23c75e82a3069.jpg</path>
	<source>
		<database>roboflow.ai</database>
	</source>
	<size>
		<width>600</width>
		<height>600</height>
		<depth>3</depth>
	</size>
	<segmented>0</segmented>
	<object>
		<name>0</name>
		<pose>Unspecified</pose>
		<truncated>0</truncated>
		<difficult>0</difficult>
		<occluded>0</occluded>
		<bndbox>
			<xmin>284</xmin>
			<xmax>286</xmax>
			<ymin>292</ymin>
			<ymax>301</ymax>
		</bndbox>
	</object>
</annotation>
