<annotation>
	<folder></folder>
	<filename>0000000171-1-Image_jpeg.rf.c9539eb5c62d95208b9f66a83874ffe2.jpg</filename>
	<path>0000000171-1-Image_jpeg.rf.c9539eb5c62d95208b9f66a83874ffe2.jpg</path>
	<source>
		<database>roboflow.ai</database>
	</source>
	<size>
		<width>600</width>
		<height>600</height>
		<depth>3</depth>
	</size>
	<segmented>0</segmented>
	<object>
		<name>0</name>
		<pose>Unspecified</pose>
		<truncated>0</truncated>
		<difficult>0</difficult>
		<occluded>0</occluded>
		<bndbox>
			<xmin>267</xmin>
			<xmax>269</xmax>
			<ymin>288</ymin>
			<ymax>295</ymax>
		</bndbox>
	</object>
</annotation>
