<annotation>
	<folder></folder>
	<filename>0000000305-1-Image_jpeg.rf.ae2557b3d30948949162b4d77bfdadbb.jpg</filename>
	<path>0000000305-1-Image_jpeg.rf.ae2557b3d30948949162b4d77bfdadbb.jpg</path>
	<source>
		<database>roboflow.ai</database>
	</source>
	<size>
		<width>600</width>
		<height>600</height>
		<depth>3</depth>
	</size>
	<segmented>0</segmented>
	<object>
		<name>0</name>
		<pose>Unspecified</pose>
		<truncated>0</truncated>
		<difficult>0</difficult>
		<occluded>0</occluded>
		<bndbox>
			<xmin>275</xmin>
			<xmax>277</xmax>
			<ymin>316</ymin>
			<ymax>325</ymax>
		</bndbox>
	</object>
</annotation>
