<annotation>
	<folder></folder>
	<filename>0000001385-1-Image_jpeg.rf.de63dc021af8378560e70eacf90bc477.jpg</filename>
	<path>0000001385-1-Image_jpeg.rf.de63dc021af8378560e70eacf90bc477.jpg</path>
	<source>
		<database>roboflow.ai</database>
	</source>
	<size>
		<width>600</width>
		<height>600</height>
		<depth>3</depth>
	</size>
	<segmented>0</segmented>
	<object>
		<name>0</name>
		<pose>Unspecified</pose>
		<truncated>0</truncated>
		<difficult>0</difficult>
		<occluded>0</occluded>
		<bndbox>
			<xmin>282</xmin>
			<xmax>284</xmax>
			<ymin>325</ymin>
			<ymax>335</ymax>
		</bndbox>
	</object>
</annotation>
