<annotation>
	<folder></folder>
	<filename>0000001302-1-Image_jpeg.rf.04435e6b4ec8a09bf0e7aae1203eb3d3.jpg</filename>
	<path>0000001302-1-Image_jpeg.rf.04435e6b4ec8a09bf0e7aae1203eb3d3.jpg</path>
	<source>
		<database>roboflow.ai</database>
	</source>
	<size>
		<width>600</width>
		<height>600</height>
		<depth>3</depth>
	</size>
	<segmented>0</segmented>
	<object>
		<name>0</name>
		<pose>Unspecified</pose>
		<truncated>0</truncated>
		<difficult>0</difficult>
		<occluded>0</occluded>
		<bndbox>
			<xmin>292</xmin>
			<xmax>294</xmax>
			<ymin>278</ymin>
			<ymax>288</ymax>
		</bndbox>
	</object>
	<object>
		<name>0</name>
		<pose>Unspecified</pose>
		<truncated>0</truncated>
		<difficult>0</difficult>
		<occluded>0</occluded>
		<bndbox>
			<xmin>292</xmin>
			<xmax>303</xmax>
			<ymin>205</ymin>
			<ymax>269</ymax>
		</bndbox>
	</object>
</annotation>
