<annotation>
	<folder></folder>
	<filename>0000000770-1-Image_jpeg.rf.acf31871e68944f68fdd523632345da8.jpg</filename>
	<path>0000000770-1-Image_jpeg.rf.acf31871e68944f68fdd523632345da8.jpg</path>
	<source>
		<database>roboflow.ai</database>
	</source>
	<size>
		<width>600</width>
		<height>600</height>
		<depth>3</depth>
	</size>
	<segmented>0</segmented>
	<object>
		<name>0</name>
		<pose>Unspecified</pose>
		<truncated>0</truncated>
		<difficult>0</difficult>
		<occluded>0</occluded>
		<bndbox>
			<xmin>252</xmin>
			<xmax>254</xmax>
			<ymin>323</ymin>
			<ymax>331</ymax>
		</bndbox>
	</object>
</annotation>
