<annotation>
	<folder></folder>
	<filename>0000000514-1-Image_jpeg.rf.c07912087f0c486047ba4e64eb382551.jpg</filename>
	<path>0000000514-1-Image_jpeg.rf.c07912087f0c486047ba4e64eb382551.jpg</path>
	<source>
		<database>roboflow.ai</database>
	</source>
	<size>
		<width>600</width>
		<height>600</height>
		<depth>3</depth>
	</size>
	<segmented>0</segmented>
	<object>
		<name>0</name>
		<pose>Unspecified</pose>
		<truncated>0</truncated>
		<difficult>0</difficult>
		<occluded>0</occluded>
		<bndbox>
			<xmin>316</xmin>
			<xmax>318</xmax>
			<ymin>284</ymin>
			<ymax>290</ymax>
		</bndbox>
	</object>
	<object>
		<name>0</name>
		<pose>Unspecified</pose>
		<truncated>0</truncated>
		<difficult>0</difficult>
		<occluded>0</occluded>
		<bndbox>
			<xmin>318</xmin>
			<xmax>327</xmax>
			<ymin>217</ymin>
			<ymax>266</ymax>
		</bndbox>
	</object>
</annotation>
