<annotation>
	<folder></folder>
	<filename>0000000527-1-Image_jpeg.rf.380cdd11d9b1f19905ae28645f507941.jpg</filename>
	<path>0000000527-1-Image_jpeg.rf.380cdd11d9b1f19905ae28645f507941.jpg</path>
	<source>
		<database>roboflow.ai</database>
	</source>
	<size>
		<width>600</width>
		<height>600</height>
		<depth>3</depth>
	</size>
	<segmented>0</segmented>
	<object>
		<name>0</name>
		<pose>Unspecified</pose>
		<truncated>0</truncated>
		<difficult>0</difficult>
		<occluded>0</occluded>
		<bndbox>
			<xmin>292</xmin>
			<xmax>294</xmax>
			<ymin>292</ymin>
			<ymax>299</ymax>
		</bndbox>
	</object>
</annotation>
