<annotation>
	<folder></folder>
	<filename>0000001000-1-Image_jpeg.rf.81c3361cd6f8894596a37764e9c987a2.jpg</filename>
	<path>0000001000-1-Image_jpeg.rf.81c3361cd6f8894596a37764e9c987a2.jpg</path>
	<source>
		<database>roboflow.ai</database>
	</source>
	<size>
		<width>600</width>
		<height>600</height>
		<depth>3</depth>
	</size>
	<segmented>0</segmented>
	<object>
		<name>0</name>
		<pose>Unspecified</pose>
		<truncated>0</truncated>
		<difficult>0</difficult>
		<occluded>0</occluded>
		<bndbox>
			<xmin>288</xmin>
			<xmax>290</xmax>
			<ymin>303</ymin>
			<ymax>310</ymax>
		</bndbox>
	</object>
</annotation>
