<annotation>
	<folder></folder>
	<filename>0000000129-1-Image_jpeg.rf.46ecd3bf499adb45af9f49b6aa4c8a9e.jpg</filename>
	<path>0000000129-1-Image_jpeg.rf.46ecd3bf499adb45af9f49b6aa4c8a9e.jpg</path>
	<source>
		<database>roboflow.ai</database>
	</source>
	<size>
		<width>600</width>
		<height>600</height>
		<depth>3</depth>
	</size>
	<segmented>0</segmented>
	<object>
		<name>0</name>
		<pose>Unspecified</pose>
		<truncated>0</truncated>
		<difficult>0</difficult>
		<occluded>0</occluded>
		<bndbox>
			<xmin>299</xmin>
			<xmax>301</xmax>
			<ymin>299</ymin>
			<ymax>307</ymax>
		</bndbox>
	</object>
	<object>
		<name>0</name>
		<pose>Unspecified</pose>
		<truncated>0</truncated>
		<difficult>0</difficult>
		<occluded>0</occluded>
		<bndbox>
			<xmin>297</xmin>
			<xmax>301</xmax>
			<ymin>247</ymin>
			<ymax>297</ymax>
		</bndbox>
	</object>
</annotation>
