<annotation>
	<folder></folder>
	<filename>0000001427-1-Image_jpeg.rf.fd7820602e39b4dd918b4f0e960ecc93.jpg</filename>
	<path>0000001427-1-Image_jpeg.rf.fd7820602e39b4dd918b4f0e960ecc93.jpg</path>
	<source>
		<database>roboflow.ai</database>
	</source>
	<size>
		<width>600</width>
		<height>600</height>
		<depth>3</depth>
	</size>
	<segmented>0</segmented>
	<object>
		<name>0</name>
		<pose>Unspecified</pose>
		<truncated>0</truncated>
		<difficult>0</difficult>
		<occluded>0</occluded>
		<bndbox>
			<xmin>316</xmin>
			<xmax>318</xmax>
			<ymin>316</ymin>
			<ymax>324</ymax>
		</bndbox>
	</object>
</annotation>
