<annotation>
	<folder></folder>
	<filename>0000000902-1-Image_jpeg.rf.3f933c52e92e68bd1e359d13558f9422.jpg</filename>
	<path>0000000902-1-Image_jpeg.rf.3f933c52e92e68bd1e359d13558f9422.jpg</path>
	<source>
		<database>roboflow.ai</database>
	</source>
	<size>
		<width>600</width>
		<height>600</height>
		<depth>3</depth>
	</size>
	<segmented>0</segmented>
	<object>
		<name>0</name>
		<pose>Unspecified</pose>
		<truncated>0</truncated>
		<difficult>0</difficult>
		<occluded>0</occluded>
		<bndbox>
			<xmin>273</xmin>
			<xmax>275</xmax>
			<ymin>301</ymin>
			<ymax>309</ymax>
		</bndbox>
	</object>
</annotation>
