<annotation>
	<folder></folder>
	<filename>0000000969-1-Image_jpeg.rf.6d194a9efb2fcdf2c11d7bea96e70fa8.jpg</filename>
	<path>0000000969-1-Image_jpeg.rf.6d194a9efb2fcdf2c11d7bea96e70fa8.jpg</path>
	<source>
		<database>roboflow.ai</database>
	</source>
	<size>
		<width>600</width>
		<height>600</height>
		<depth>3</depth>
	</size>
	<segmented>0</segmented>
	<object>
		<name>0</name>
		<pose>Unspecified</pose>
		<truncated>0</truncated>
		<difficult>0</difficult>
		<occluded>0</occluded>
		<bndbox>
			<xmin>299</xmin>
			<xmax>301</xmax>
			<ymin>290</ymin>
			<ymax>297</ymax>
		</bndbox>
	</object>
	<object>
		<name>0</name>
		<pose>Unspecified</pose>
		<truncated>0</truncated>
		<difficult>0</difficult>
		<occluded>0</occluded>
		<bndbox>
			<xmin>294</xmin>
			<xmax>299</xmax>
			<ymin>215</ymin>
			<ymax>288</ymax>
		</bndbox>
	</object>
</annotation>
