<annotation>
	<folder></folder>
	<filename>0000001292-1-Image_jpeg.rf.d946af729e5a148624ea03d2706f0a7b.jpg</filename>
	<path>0000001292-1-Image_jpeg.rf.d946af729e5a148624ea03d2706f0a7b.jpg</path>
	<source>
		<database>roboflow.ai</database>
	</source>
	<size>
		<width>600</width>
		<height>600</height>
		<depth>3</depth>
	</size>
	<segmented>0</segmented>
	<object>
		<name>0</name>
		<pose>Unspecified</pose>
		<truncated>0</truncated>
		<difficult>0</difficult>
		<occluded>0</occluded>
		<bndbox>
			<xmin>301</xmin>
			<xmax>303</xmax>
			<ymin>305</ymin>
			<ymax>314</ymax>
		</bndbox>
	</object>
</annotation>
