<annotation>
	<folder></folder>
	<filename>0000000981-1-Image_jpeg.rf.dbfdb8f6eabb0f98cb7c1934609ce322.jpg</filename>
	<path>0000000981-1-Image_jpeg.rf.dbfdb8f6eabb0f98cb7c1934609ce322.jpg</path>
	<source>
		<database>roboflow.ai</database>
	</source>
	<size>
		<width>600</width>
		<height>600</height>
		<depth>3</depth>
	</size>
	<segmented>0</segmented>
	<object>
		<name>0</name>
		<pose>Unspecified</pose>
		<truncated>0</truncated>
		<difficult>0</difficult>
		<occluded>0</occluded>
		<bndbox>
			<xmin>292</xmin>
			<xmax>294</xmax>
			<ymin>301</ymin>
			<ymax>309</ymax>
		</bndbox>
	</object>
	<object>
		<name>0</name>
		<pose>Unspecified</pose>
		<truncated>0</truncated>
		<difficult>0</difficult>
		<occluded>0</occluded>
		<bndbox>
			<xmin>286</xmin>
			<xmax>294</xmax>
			<ymin>230</ymin>
			<ymax>299</ymax>
		</bndbox>
	</object>
</annotation>
