<annotation>
	<folder></folder>
	<filename>0000001200-1-Image_jpeg.rf.e19d0935daabc153e5cd36df3018eb27.jpg</filename>
	<path>0000001200-1-Image_jpeg.rf.e19d0935daabc153e5cd36df3018eb27.jpg</path>
	<source>
		<database>roboflow.ai</database>
	</source>
	<size>
		<width>600</width>
		<height>600</height>
		<depth>3</depth>
	</size>
	<segmented>0</segmented>
	<object>
		<name>0</name>
		<pose>Unspecified</pose>
		<truncated>0</truncated>
		<difficult>0</difficult>
		<occluded>0</occluded>
		<bndbox>
			<xmin>296</xmin>
			<xmax>298</xmax>
			<ymin>303</ymin>
			<ymax>312</ymax>
		</bndbox>
	</object>
	<object>
		<name>0</name>
		<pose>Unspecified</pose>
		<truncated>0</truncated>
		<difficult>0</difficult>
		<occluded>0</occluded>
		<bndbox>
			<xmin>296</xmin>
			<xmax>298</xmax>
			<ymin>241</ymin>
			<ymax>271</ymax>
		</bndbox>
	</object>
</annotation>
