<annotation>
	<folder></folder>
	<filename>0000000856-1-Image_jpeg.rf.4cd9f2d4d17fde2391d45c3880fb694f.jpg</filename>
	<path>0000000856-1-Image_jpeg.rf.4cd9f2d4d17fde2391d45c3880fb694f.jpg</path>
	<source>
		<database>roboflow.ai</database>
	</source>
	<size>
		<width>600</width>
		<height>600</height>
		<depth>3</depth>
	</size>
	<segmented>0</segmented>
	<object>
		<name>0</name>
		<pose>Unspecified</pose>
		<truncated>0</truncated>
		<difficult>0</difficult>
		<occluded>0</occluded>
		<bndbox>
			<xmin>309</xmin>
			<xmax>311</xmax>
			<ymin>290</ymin>
			<ymax>297</ymax>
		</bndbox>
	</object>
	<object>
		<name>0</name>
		<pose>Unspecified</pose>
		<truncated>0</truncated>
		<difficult>0</difficult>
		<occluded>0</occluded>
		<bndbox>
			<xmin>299</xmin>
			<xmax>307</xmax>
			<ymin>211</ymin>
			<ymax>260</ymax>
		</bndbox>
	</object>
</annotation>
