<annotation>
	<folder></folder>
	<filename>0000000708-1-Image_jpeg.rf.f51d999472159c01ace694fe1fe1536f.jpg</filename>
	<path>0000000708-1-Image_jpeg.rf.f51d999472159c01ace694fe1fe1536f.jpg</path>
	<source>
		<database>roboflow.ai</database>
	</source>
	<size>
		<width>600</width>
		<height>600</height>
		<depth>3</depth>
	</size>
	<segmented>0</segmented>
	<object>
		<name>0</name>
		<pose>Unspecified</pose>
		<truncated>0</truncated>
		<difficult>0</difficult>
		<occluded>0</occluded>
		<bndbox>
			<xmin>314</xmin>
			<xmax>316</xmax>
			<ymin>310</ymin>
			<ymax>318</ymax>
		</bndbox>
	</object>
</annotation>
