<annotation>
	<folder></folder>
	<filename>0000001110-1-Image_jpeg.rf.621ed0a7f149e0c66f1663e5fac9dd6e.jpg</filename>
	<path>0000001110-1-Image_jpeg.rf.621ed0a7f149e0c66f1663e5fac9dd6e.jpg</path>
	<source>
		<database>roboflow.ai</database>
	</source>
	<size>
		<width>600</width>
		<height>600</height>
		<depth>3</depth>
	</size>
	<segmented>0</segmented>
	<object>
		<name>0</name>
		<pose>Unspecified</pose>
		<truncated>0</truncated>
		<difficult>0</difficult>
		<occluded>0</occluded>
		<bndbox>
			<xmin>297</xmin>
			<xmax>299</xmax>
			<ymin>323</ymin>
			<ymax>333</ymax>
		</bndbox>
	</object>
</annotation>
