<annotation>
	<folder></folder>
	<filename>0000000207-1-Image_jpeg.rf.d731177680c2e75af860eb02e9f9503a.jpg</filename>
	<path>0000000207-1-Image_jpeg.rf.d731177680c2e75af860eb02e9f9503a.jpg</path>
	<source>
		<database>roboflow.ai</database>
	</source>
	<size>
		<width>600</width>
		<height>600</height>
		<depth>3</depth>
	</size>
	<segmented>0</segmented>
	<object>
		<name>0</name>
		<pose>Unspecified</pose>
		<truncated>0</truncated>
		<difficult>0</difficult>
		<occluded>0</occluded>
		<bndbox>
			<xmin>301</xmin>
			<xmax>303</xmax>
			<ymin>256</ymin>
			<ymax>264</ymax>
		</bndbox>
	</object>
</annotation>
