<annotation>
	<folder></folder>
	<filename>0000001168-1-Image_jpeg.rf.9eed6e2e8aeec154f1ecc8a9ba40e128.jpg</filename>
	<path>0000001168-1-Image_jpeg.rf.9eed6e2e8aeec154f1ecc8a9ba40e128.jpg</path>
	<source>
		<database>roboflow.ai</database>
	</source>
	<size>
		<width>600</width>
		<height>600</height>
		<depth>3</depth>
	</size>
	<segmented>0</segmented>
	<object>
		<name>0</name>
		<pose>Unspecified</pose>
		<truncated>0</truncated>
		<difficult>0</difficult>
		<occluded>0</occluded>
		<bndbox>
			<xmin>303</xmin>
			<xmax>305</xmax>
			<ymin>297</ymin>
			<ymax>305</ymax>
		</bndbox>
	</object>
	<object>
		<name>0</name>
		<pose>Unspecified</pose>
		<truncated>0</truncated>
		<difficult>0</difficult>
		<occluded>0</occluded>
		<bndbox>
			<xmin>293</xmin>
			<xmax>303</xmax>
			<ymin>230</ymin>
			<ymax>288</ymax>
		</bndbox>
	</object>
</annotation>
