<annotation>
	<folder></folder>
	<filename>0000000233-1-Image_jpeg.rf.866d09bab696c32b883efbde122e0d2d.jpg</filename>
	<path>0000000233-1-Image_jpeg.rf.866d09bab696c32b883efbde122e0d2d.jpg</path>
	<source>
		<database>roboflow.ai</database>
	</source>
	<size>
		<width>600</width>
		<height>600</height>
		<depth>3</depth>
	</size>
	<segmented>0</segmented>
	<object>
		<name>0</name>
		<pose>Unspecified</pose>
		<truncated>0</truncated>
		<difficult>0</difficult>
		<occluded>0</occluded>
		<bndbox>
			<xmin>301</xmin>
			<xmax>303</xmax>
			<ymin>292</ymin>
			<ymax>299</ymax>
		</bndbox>
	</object>
	<object>
		<name>0</name>
		<pose>Unspecified</pose>
		<truncated>0</truncated>
		<difficult>0</difficult>
		<occluded>0</occluded>
		<bndbox>
			<xmin>305</xmin>
			<xmax>314</xmax>
			<ymin>228</ymin>
			<ymax>286</ymax>
		</bndbox>
	</object>
</annotation>
