<annotation>
	<folder></folder>
	<filename>0000000528-1-Image_jpeg.rf.09b7edb438dce499dbfecb32dbe7504b.jpg</filename>
	<path>0000000528-1-Image_jpeg.rf.09b7edb438dce499dbfecb32dbe7504b.jpg</path>
	<source>
		<database>roboflow.ai</database>
	</source>
	<size>
		<width>600</width>
		<height>600</height>
		<depth>3</depth>
	</size>
	<segmented>0</segmented>
	<object>
		<name>0</name>
		<pose>Unspecified</pose>
		<truncated>0</truncated>
		<difficult>0</difficult>
		<occluded>0</occluded>
		<bndbox>
			<xmin>312</xmin>
			<xmax>314</xmax>
			<ymin>279</ymin>
			<ymax>284</ymax>
		</bndbox>
	</object>
	<object>
		<name>0</name>
		<pose>Unspecified</pose>
		<truncated>0</truncated>
		<difficult>0</difficult>
		<occluded>0</occluded>
		<bndbox>
			<xmin>309</xmin>
			<xmax>313</xmax>
			<ymin>198</ymin>
			<ymax>263</ymax>
		</bndbox>
	</object>
</annotation>
