<annotation>
	<folder></folder>
	<filename>0000000607-1-Image_jpeg.rf.9cb388eaf3b240fae6c73ea9239bc566.jpg</filename>
	<path>0000000607-1-Image_jpeg.rf.9cb388eaf3b240fae6c73ea9239bc566.jpg</path>
	<source>
		<database>roboflow.ai</database>
	</source>
	<size>
		<width>600</width>
		<height>600</height>
		<depth>3</depth>
	</size>
	<segmented>0</segmented>
	<object>
		<name>0</name>
		<pose>Unspecified</pose>
		<truncated>0</truncated>
		<difficult>0</difficult>
		<occluded>0</occluded>
		<bndbox>
			<xmin>284</xmin>
			<xmax>286</xmax>
			<ymin>263</ymin>
			<ymax>271</ymax>
		</bndbox>
	</object>
	<object>
		<name>0</name>
		<pose>Unspecified</pose>
		<truncated>0</truncated>
		<difficult>0</difficult>
		<occluded>0</occluded>
		<bndbox>
			<xmin>277</xmin>
			<xmax>284</xmax>
			<ymin>207</ymin>
			<ymax>254</ymax>
		</bndbox>
	</object>
</annotation>
