<annotation>
	<folder></folder>
	<filename>0000001395-1-Image_jpeg.rf.0fd9122fded56a01f5b1fdf0247a1abf.jpg</filename>
	<path>0000001395-1-Image_jpeg.rf.0fd9122fded56a01f5b1fdf0247a1abf.jpg</path>
	<source>
		<database>roboflow.ai</database>
	</source>
	<size>
		<width>600</width>
		<height>600</height>
		<depth>3</depth>
	</size>
	<segmented>0</segmented>
	<object>
		<name>0</name>
		<pose>Unspecified</pose>
		<truncated>0</truncated>
		<difficult>0</difficult>
		<occluded>0</occluded>
		<bndbox>
			<xmin>288</xmin>
			<xmax>290</xmax>
			<ymin>325</ymin>
			<ymax>333</ymax>
		</bndbox>
	</object>
	<object>
		<name>0</name>
		<pose>Unspecified</pose>
		<truncated>0</truncated>
		<difficult>0</difficult>
		<occluded>0</occluded>
		<bndbox>
			<xmin>284</xmin>
			<xmax>286</xmax>
			<ymin>254</ymin>
			<ymax>288</ymax>
		</bndbox>
	</object>
</annotation>
