<annotation>
	<folder></folder>
	<filename>0000000422-1-Image_jpeg.rf.14935c82ec2f24f89614fbfc23ca03f6.jpg</filename>
	<path>0000000422-1-Image_jpeg.rf.14935c82ec2f24f89614fbfc23ca03f6.jpg</path>
	<source>
		<database>roboflow.ai</database>
	</source>
	<size>
		<width>600</width>
		<height>600</height>
		<depth>3</depth>
	</size>
	<segmented>0</segmented>
	<object>
		<name>0</name>
		<pose>Unspecified</pose>
		<truncated>0</truncated>
		<difficult>0</difficult>
		<occluded>0</occluded>
		<bndbox>
			<xmin>264</xmin>
			<xmax>269</xmax>
			<ymin>288</ymin>
			<ymax>312</ymax>
		</bndbox>
	</object>
	<object>
		<name>0</name>
		<pose>Unspecified</pose>
		<truncated>0</truncated>
		<difficult>0</difficult>
		<occluded>0</occluded>
		<bndbox>
			<xmin>228</xmin>
			<xmax>265</xmax>
			<ymin>117</ymin>
			<ymax>277</ymax>
		</bndbox>
	</object>
</annotation>
