<annotation>
	<folder></folder>
	<filename>0000001482-1-Image_jpeg.rf.d8aabc3dbc6131d25dbf02051556ad9a.jpg</filename>
	<path>0000001482-1-Image_jpeg.rf.d8aabc3dbc6131d25dbf02051556ad9a.jpg</path>
	<source>
		<database>roboflow.ai</database>
	</source>
	<size>
		<width>600</width>
		<height>600</height>
		<depth>3</depth>
	</size>
	<segmented>0</segmented>
	<object>
		<name>0</name>
		<pose>Unspecified</pose>
		<truncated>0</truncated>
		<difficult>0</difficult>
		<occluded>0</occluded>
		<bndbox>
			<xmin>301</xmin>
			<xmax>307</xmax>
			<ymin>303</ymin>
			<ymax>325</ymax>
		</bndbox>
	</object>
	<object>
		<name>0</name>
		<pose>Unspecified</pose>
		<truncated>0</truncated>
		<difficult>0</difficult>
		<occluded>0</occluded>
		<bndbox>
			<xmin>292</xmin>
			<xmax>305</xmax>
			<ymin>127</ymin>
			<ymax>301</ymax>
		</bndbox>
	</object>
</annotation>
