<annotation>
	<folder></folder>
	<filename>0000000241-1-Image_jpeg.rf.258d1fea8978bcfbcbcac4927d852536.jpg</filename>
	<path>0000000241-1-Image_jpeg.rf.258d1fea8978bcfbcbcac4927d852536.jpg</path>
	<source>
		<database>roboflow.ai</database>
	</source>
	<size>
		<width>600</width>
		<height>600</height>
		<depth>3</depth>
	</size>
	<segmented>0</segmented>
	<object>
		<name>0</name>
		<pose>Unspecified</pose>
		<truncated>0</truncated>
		<difficult>0</difficult>
		<occluded>0</occluded>
		<bndbox>
			<xmin>355</xmin>
			<xmax>361</xmax>
			<ymin>279</ymin>
			<ymax>301</ymax>
		</bndbox>
	</object>
	<object>
		<name>0</name>
		<pose>Unspecified</pose>
		<truncated>0</truncated>
		<difficult>0</difficult>
		<occluded>0</occluded>
		<bndbox>
			<xmin>361</xmin>
			<xmax>378</xmax>
			<ymin>172</ymin>
			<ymax>277</ymax>
		</bndbox>
	</object>
</annotation>
