<annotation>
	<folder></folder>
	<filename>0000000702-1-Image_jpeg.rf.30b3bde0afaf871c71cb7edde72f71b5.jpg</filename>
	<path>0000000702-1-Image_jpeg.rf.30b3bde0afaf871c71cb7edde72f71b5.jpg</path>
	<source>
		<database>roboflow.ai</database>
	</source>
	<size>
		<width>600</width>
		<height>600</height>
		<depth>3</depth>
	</size>
	<segmented>0</segmented>
	<object>
		<name>0</name>
		<pose>Unspecified</pose>
		<truncated>0</truncated>
		<difficult>0</difficult>
		<occluded>0</occluded>
		<bndbox>
			<xmin>398</xmin>
			<xmax>406</xmax>
			<ymin>138</ymin>
			<ymax>160</ymax>
		</bndbox>
	</object>
	<object>
		<name>0</name>
		<pose>Unspecified</pose>
		<truncated>0</truncated>
		<difficult>0</difficult>
		<occluded>0</occluded>
		<bndbox>
			<xmin>387</xmin>
			<xmax>397</xmax>
			<ymin>9</ymin>
			<ymax>69</ymax>
		</bndbox>
	</object>
</annotation>
