<annotation>
	<folder></folder>
	<filename>0000000685-1-Image_jpeg.rf.c3dcfcb1f80548f10ccb7a06a1c57d25.jpg</filename>
	<path>0000000685-1-Image_jpeg.rf.c3dcfcb1f80548f10ccb7a06a1c57d25.jpg</path>
	<source>
		<database>roboflow.ai</database>
	</source>
	<size>
		<width>600</width>
		<height>600</height>
		<depth>3</depth>
	</size>
	<segmented>0</segmented>
	<object>
		<name>0</name>
		<pose>Unspecified</pose>
		<truncated>0</truncated>
		<difficult>0</difficult>
		<occluded>0</occluded>
		<bndbox>
			<xmin>106</xmin>
			<xmax>112</xmax>
			<ymin>402</ymin>
			<ymax>425</ymax>
		</bndbox>
	</object>
</annotation>
