<annotation>
	<folder></folder>
	<filename>0000000094-1-Image_jpeg.rf.9769caea433a836b738451a843dc46bf.jpg</filename>
	<path>0000000094-1-Image_jpeg.rf.9769caea433a836b738451a843dc46bf.jpg</path>
	<source>
		<database>roboflow.ai</database>
	</source>
	<size>
		<width>600</width>
		<height>600</height>
		<depth>3</depth>
	</size>
	<segmented>0</segmented>
	<object>
		<name>0</name>
		<pose>Unspecified</pose>
		<truncated>0</truncated>
		<difficult>0</difficult>
		<occluded>0</occluded>
		<bndbox>
			<xmin>239</xmin>
			<xmax>245</xmax>
			<ymin>299</ymin>
			<ymax>322</ymax>
		</bndbox>
	</object>
	<object>
		<name>0</name>
		<pose>Unspecified</pose>
		<truncated>0</truncated>
		<difficult>0</difficult>
		<occluded>0</occluded>
		<bndbox>
			<xmin>243</xmin>
			<xmax>267</xmax>
			<ymin>125</ymin>
			<ymax>269</ymax>
		</bndbox>
	</object>
</annotation>
