<annotation>
	<folder></folder>
	<filename>0000000733-1-Image_jpeg.rf.34464fff104bf96971a44f2cf6a28bdb.jpg</filename>
	<path>0000000733-1-Image_jpeg.rf.34464fff104bf96971a44f2cf6a28bdb.jpg</path>
	<source>
		<database>roboflow.ai</database>
	</source>
	<size>
		<width>600</width>
		<height>600</height>
		<depth>3</depth>
	</size>
	<segmented>0</segmented>
	<object>
		<name>0</name>
		<pose>Unspecified</pose>
		<truncated>0</truncated>
		<difficult>0</difficult>
		<occluded>0</occluded>
		<bndbox>
			<xmin>329</xmin>
			<xmax>335</xmax>
			<ymin>284</ymin>
			<ymax>305</ymax>
		</bndbox>
	</object>
	<object>
		<name>0</name>
		<pose>Unspecified</pose>
		<truncated>0</truncated>
		<difficult>0</difficult>
		<occluded>0</occluded>
		<bndbox>
			<xmin>293</xmin>
			<xmax>333</xmax>
			<ymin>112</ymin>
			<ymax>281</ymax>
		</bndbox>
	</object>
</annotation>
