<annotation>
	<folder></folder>
	<filename>0000001264-1-Image_jpeg.rf.dd1d5b09dc84b0c487f4db39ea49fc54.jpg</filename>
	<path>0000001264-1-Image_jpeg.rf.dd1d5b09dc84b0c487f4db39ea49fc54.jpg</path>
	<source>
		<database>roboflow.ai</database>
	</source>
	<size>
		<width>600</width>
		<height>600</height>
		<depth>3</depth>
	</size>
	<segmented>0</segmented>
	<object>
		<name>0</name>
		<pose>Unspecified</pose>
		<truncated>0</truncated>
		<difficult>0</difficult>
		<occluded>0</occluded>
		<bndbox>
			<xmin>320</xmin>
			<xmax>325</xmax>
			<ymin>232</ymin>
			<ymax>254</ymax>
		</bndbox>
	</object>
	<object>
		<name>0</name>
		<pose>Unspecified</pose>
		<truncated>0</truncated>
		<difficult>0</difficult>
		<occluded>0</occluded>
		<bndbox>
			<xmin>296</xmin>
			<xmax>324</xmax>
			<ymin>57</ymin>
			<ymax>228</ymax>
		</bndbox>
	</object>
</annotation>
