<annotation>
	<folder></folder>
	<filename>0000000810-1-Image_jpeg.rf.e1a489beacf78dd8e06aea071c066a84.jpg</filename>
	<path>0000000810-1-Image_jpeg.rf.e1a489beacf78dd8e06aea071c066a84.jpg</path>
	<source>
		<database>roboflow.ai</database>
	</source>
	<size>
		<width>600</width>
		<height>600</height>
		<depth>3</depth>
	</size>
	<segmented>0</segmented>
	<object>
		<name>0</name>
		<pose>Unspecified</pose>
		<truncated>0</truncated>
		<difficult>0</difficult>
		<occluded>0</occluded>
		<bndbox>
			<xmin>277</xmin>
			<xmax>282</xmax>
			<ymin>299</ymin>
			<ymax>320</ymax>
		</bndbox>
	</object>
	<object>
		<name>0</name>
		<pose>Unspecified</pose>
		<truncated>0</truncated>
		<difficult>0</difficult>
		<occluded>0</occluded>
		<bndbox>
			<xmin>279</xmin>
			<xmax>284</xmax>
			<ymin>131</ymin>
			<ymax>253</ymax>
		</bndbox>
	</object>
</annotation>
