<annotation>
	<folder></folder>
	<filename>0000000892-1-Image_jpeg.rf.0a9ad87ef0f9e84b882f6b1f1ed04c9f.jpg</filename>
	<path>0000000892-1-Image_jpeg.rf.0a9ad87ef0f9e84b882f6b1f1ed04c9f.jpg</path>
	<source>
		<database>roboflow.ai</database>
	</source>
	<size>
		<width>600</width>
		<height>600</height>
		<depth>3</depth>
	</size>
	<segmented>0</segmented>
	<object>
		<name>0</name>
		<pose>Unspecified</pose>
		<truncated>0</truncated>
		<difficult>0</difficult>
		<occluded>0</occluded>
		<bndbox>
			<xmin>220</xmin>
			<xmax>226</xmax>
			<ymin>262</ymin>
			<ymax>286</ymax>
		</bndbox>
	</object>
	<object>
		<name>0</name>
		<pose>Unspecified</pose>
		<truncated>0</truncated>
		<difficult>0</difficult>
		<occluded>0</occluded>
		<bndbox>
			<xmin>189</xmin>
			<xmax>224</xmax>
			<ymin>89</ymin>
			<ymax>258</ymax>
		</bndbox>
	</object>
</annotation>
