<annotation>
	<folder></folder>
	<filename>0000001324-1-Image_jpeg.rf.a86648a01913f61c3277122aa9c542d3.jpg</filename>
	<path>0000001324-1-Image_jpeg.rf.a86648a01913f61c3277122aa9c542d3.jpg</path>
	<source>
		<database>roboflow.ai</database>
	</source>
	<size>
		<width>600</width>
		<height>600</height>
		<depth>3</depth>
	</size>
	<segmented>0</segmented>
	<object>
		<name>0</name>
		<pose>Unspecified</pose>
		<truncated>0</truncated>
		<difficult>0</difficult>
		<occluded>0</occluded>
		<bndbox>
			<xmin>314</xmin>
			<xmax>320</xmax>
			<ymin>440</ymin>
			<ymax>464</ymax>
		</bndbox>
	</object>
</annotation>
