<annotation>
	<folder></folder>
	<filename>0000000429-1-Image_jpeg.rf.b562f4233e95e41613b57b079b2a4cb2.jpg</filename>
	<path>0000000429-1-Image_jpeg.rf.b562f4233e95e41613b57b079b2a4cb2.jpg</path>
	<source>
		<database>roboflow.ai</database>
	</source>
	<size>
		<width>600</width>
		<height>600</height>
		<depth>3</depth>
	</size>
	<segmented>0</segmented>
	<object>
		<name>0</name>
		<pose>Unspecified</pose>
		<truncated>0</truncated>
		<difficult>0</difficult>
		<occluded>0</occluded>
		<bndbox>
			<xmin>256</xmin>
			<xmax>262</xmax>
			<ymin>352</ymin>
			<ymax>376</ymax>
		</bndbox>
	</object>
</annotation>
