<annotation>
	<folder></folder>
	<filename>0000001418-1-Image_jpeg.rf.2a118abd9fc6e12a7daa415beda1e4e5.jpg</filename>
	<path>0000001418-1-Image_jpeg.rf.2a118abd9fc6e12a7daa415beda1e4e5.jpg</path>
	<source>
		<database>roboflow.ai</database>
	</source>
	<size>
		<width>600</width>
		<height>600</height>
		<depth>3</depth>
	</size>
	<segmented>0</segmented>
	<object>
		<name>0</name>
		<pose>Unspecified</pose>
		<truncated>0</truncated>
		<difficult>0</difficult>
		<occluded>0</occluded>
		<bndbox>
			<xmin>292</xmin>
			<xmax>297</xmax>
			<ymin>280</ymin>
			<ymax>303</ymax>
		</bndbox>
	</object>
	<object>
		<name>0</name>
		<pose>Unspecified</pose>
		<truncated>0</truncated>
		<difficult>0</difficult>
		<occluded>0</occluded>
		<bndbox>
			<xmin>294</xmin>
			<xmax>324</xmax>
			<ymin>104</ymin>
			<ymax>277</ymax>
		</bndbox>
	</object>
</annotation>
