<annotation>
	<folder></folder>
	<filename>0000000190-1-Image_jpeg.rf.0eb5dd58a9ca3cb7be9be01c68508873.jpg</filename>
	<path>0000000190-1-Image_jpeg.rf.0eb5dd58a9ca3cb7be9be01c68508873.jpg</path>
	<source>
		<database>roboflow.ai</database>
	</source>
	<size>
		<width>600</width>
		<height>600</height>
		<depth>3</depth>
	</size>
	<segmented>0</segmented>
	<object>
		<name>0</name>
		<pose>Unspecified</pose>
		<truncated>0</truncated>
		<difficult>0</difficult>
		<occluded>0</occluded>
		<bndbox>
			<xmin>312</xmin>
			<xmax>318</xmax>
			<ymin>318</ymin>
			<ymax>340</ymax>
		</bndbox>
	</object>
	<object>
		<name>0</name>
		<pose>Unspecified</pose>
		<truncated>0</truncated>
		<difficult>0</difficult>
		<occluded>0</occluded>
		<bndbox>
			<xmin>269</xmin>
			<xmax>314</xmax>
			<ymin>149</ymin>
			<ymax>307</ymax>
		</bndbox>
	</object>
</annotation>
