<annotation>
	<folder></folder>
	<filename>0000001370-1-Image_jpeg.rf.60f21c3dc97ba7e5b53b99e76e95393c.jpg</filename>
	<path>0000001370-1-Image_jpeg.rf.60f21c3dc97ba7e5b53b99e76e95393c.jpg</path>
	<source>
		<database>roboflow.ai</database>
	</source>
	<size>
		<width>600</width>
		<height>600</height>
		<depth>3</depth>
	</size>
	<segmented>0</segmented>
	<object>
		<name>0</name>
		<pose>Unspecified</pose>
		<truncated>0</truncated>
		<difficult>0</difficult>
		<occluded>0</occluded>
		<bndbox>
			<xmin>316</xmin>
			<xmax>322</xmax>
			<ymin>324</ymin>
			<ymax>346</ymax>
		</bndbox>
	</object>
	<object>
		<name>0</name>
		<pose>Unspecified</pose>
		<truncated>0</truncated>
		<difficult>0</difficult>
		<occluded>0</occluded>
		<bndbox>
			<xmin>320</xmin>
			<xmax>348</xmax>
			<ymin>149</ymin>
			<ymax>322</ymax>
		</bndbox>
	</object>
</annotation>
