<annotation>
	<folder></folder>
	<filename>0000000025-1-Image_jpeg.rf.6f5ef583067e6ecb63f236adf8cc0dbc.jpg</filename>
	<path>0000000025-1-Image_jpeg.rf.6f5ef583067e6ecb63f236adf8cc0dbc.jpg</path>
	<source>
		<database>roboflow.ai</database>
	</source>
	<size>
		<width>600</width>
		<height>600</height>
		<depth>3</depth>
	</size>
	<segmented>0</segmented>
	<object>
		<name>0</name>
		<pose>Unspecified</pose>
		<truncated>0</truncated>
		<difficult>0</difficult>
		<occluded>0</occluded>
		<bndbox>
			<xmin>282</xmin>
			<xmax>288</xmax>
			<ymin>292</ymin>
			<ymax>314</ymax>
		</bndbox>
	</object>
	<object>
		<name>0</name>
		<pose>Unspecified</pose>
		<truncated>0</truncated>
		<difficult>0</difficult>
		<occluded>0</occluded>
		<bndbox>
			<xmin>251</xmin>
			<xmax>283</xmax>
			<ymin>120</ymin>
			<ymax>281</ymax>
		</bndbox>
	</object>
</annotation>
