<annotation>
	<folder></folder>
	<filename>0000000840-1-Image_jpeg.rf.406d33c08cfb958e5a59836a52d9ba0e.jpg</filename>
	<path>0000000840-1-Image_jpeg.rf.406d33c08cfb958e5a59836a52d9ba0e.jpg</path>
	<source>
		<database>roboflow.ai</database>
	</source>
	<size>
		<width>600</width>
		<height>600</height>
		<depth>3</depth>
	</size>
	<segmented>0</segmented>
	<object>
		<name>0</name>
		<pose>Unspecified</pose>
		<truncated>0</truncated>
		<difficult>0</difficult>
		<occluded>0</occluded>
		<bndbox>
			<xmin>329</xmin>
			<xmax>335</xmax>
			<ymin>269</ymin>
			<ymax>294</ymax>
		</bndbox>
	</object>
	<object>
		<name>0</name>
		<pose>Unspecified</pose>
		<truncated>0</truncated>
		<difficult>0</difficult>
		<occluded>0</occluded>
		<bndbox>
			<xmin>330</xmin>
			<xmax>341</xmax>
			<ymin>91</ymin>
			<ymax>267</ymax>
		</bndbox>
	</object>
</annotation>
