<annotation>
	<folder></folder>
	<filename>0000000905-1-Image_jpeg.rf.2d0e4ba4da4515892aaaac74749bb919.jpg</filename>
	<path>0000000905-1-Image_jpeg.rf.2d0e4ba4da4515892aaaac74749bb919.jpg</path>
	<source>
		<database>roboflow.ai</database>
	</source>
	<size>
		<width>600</width>
		<height>600</height>
		<depth>3</depth>
	</size>
	<segmented>0</segmented>
	<object>
		<name>0</name>
		<pose>Unspecified</pose>
		<truncated>0</truncated>
		<difficult>0</difficult>
		<occluded>0</occluded>
		<bndbox>
			<xmin>316</xmin>
			<xmax>324</xmax>
			<ymin>288</ymin>
			<ymax>310</ymax>
		</bndbox>
	</object>
	<object>
		<name>0</name>
		<pose>Unspecified</pose>
		<truncated>0</truncated>
		<difficult>0</difficult>
		<occluded>0</occluded>
		<bndbox>
			<xmin>269</xmin>
			<xmax>320</xmax>
			<ymin>121</ymin>
			<ymax>286</ymax>
		</bndbox>
	</object>
</annotation>
