<annotation>
	<folder></folder>
	<filename>0000000883-1-Image_jpeg.rf.c7680edab7cb3b9b635b9b33ce247dec.jpg</filename>
	<path>0000000883-1-Image_jpeg.rf.c7680edab7cb3b9b635b9b33ce247dec.jpg</path>
	<source>
		<database>roboflow.ai</database>
	</source>
	<size>
		<width>600</width>
		<height>600</height>
		<depth>3</depth>
	</size>
	<segmented>0</segmented>
	<object>
		<name>0</name>
		<pose>Unspecified</pose>
		<truncated>0</truncated>
		<difficult>0</difficult>
		<occluded>0</occluded>
		<bndbox>
			<xmin>310</xmin>
			<xmax>316</xmax>
			<ymin>335</ymin>
			<ymax>357</ymax>
		</bndbox>
	</object>
	<object>
		<name>0</name>
		<pose>Unspecified</pose>
		<truncated>0</truncated>
		<difficult>0</difficult>
		<occluded>0</occluded>
		<bndbox>
			<xmin>314</xmin>
			<xmax>318</xmax>
			<ymin>290</ymin>
			<ymax>307</ymax>
		</bndbox>
	</object>
</annotation>
