<annotation>
	<folder></folder>
	<filename>0000000641-1-Image_jpeg.rf.ad8fd9697f4c7d575ce78e057991ab89.jpg</filename>
	<path>0000000641-1-Image_jpeg.rf.ad8fd9697f4c7d575ce78e057991ab89.jpg</path>
	<source>
		<database>roboflow.ai</database>
	</source>
	<size>
		<width>600</width>
		<height>600</height>
		<depth>3</depth>
	</size>
	<segmented>0</segmented>
	<object>
		<name>0</name>
		<pose>Unspecified</pose>
		<truncated>0</truncated>
		<difficult>0</difficult>
		<occluded>0</occluded>
		<bndbox>
			<xmin>294</xmin>
			<xmax>299</xmax>
			<ymin>282</ymin>
			<ymax>305</ymax>
		</bndbox>
	</object>
	<object>
		<name>0</name>
		<pose>Unspecified</pose>
		<truncated>0</truncated>
		<difficult>0</difficult>
		<occluded>0</occluded>
		<bndbox>
			<xmin>299</xmin>
			<xmax>329</xmax>
			<ymin>112</ymin>
			<ymax>282</ymax>
		</bndbox>
	</object>
</annotation>
