<annotation>
	<folder></folder>
	<filename>0000001288-1-Image_jpeg.rf.9a5b89fc0c5aa6ced74076b5289e47c1.jpg</filename>
	<path>0000001288-1-Image_jpeg.rf.9a5b89fc0c5aa6ced74076b5289e47c1.jpg</path>
	<source>
		<database>roboflow.ai</database>
	</source>
	<size>
		<width>600</width>
		<height>600</height>
		<depth>3</depth>
	</size>
	<segmented>0</segmented>
	<object>
		<name>0</name>
		<pose>Unspecified</pose>
		<truncated>0</truncated>
		<difficult>0</difficult>
		<occluded>0</occluded>
		<bndbox>
			<xmin>299</xmin>
			<xmax>305</xmax>
			<ymin>271</ymin>
			<ymax>293</ymax>
		</bndbox>
	</object>
	<object>
		<name>0</name>
		<pose>Unspecified</pose>
		<truncated>0</truncated>
		<difficult>0</difficult>
		<occluded>0</occluded>
		<bndbox>
			<xmin>301</xmin>
			<xmax>331</xmax>
			<ymin>99</ymin>
			<ymax>269</ymax>
		</bndbox>
	</object>
</annotation>
