<annotation>
	<folder></folder>
	<filename>0000000177-1-Image_jpeg.rf.e9304e043eb016b232a68f20d0f00df6.jpg</filename>
	<path>0000000177-1-Image_jpeg.rf.e9304e043eb016b232a68f20d0f00df6.jpg</path>
	<source>
		<database>roboflow.ai</database>
	</source>
	<size>
		<width>600</width>
		<height>600</height>
		<depth>3</depth>
	</size>
	<segmented>0</segmented>
	<object>
		<name>0</name>
		<pose>Unspecified</pose>
		<truncated>0</truncated>
		<difficult>0</difficult>
		<occluded>0</occluded>
		<bndbox>
			<xmin>340</xmin>
			<xmax>346</xmax>
			<ymin>314</ymin>
			<ymax>337</ymax>
		</bndbox>
	</object>
	<object>
		<name>0</name>
		<pose>Unspecified</pose>
		<truncated>0</truncated>
		<difficult>0</difficult>
		<occluded>0</occluded>
		<bndbox>
			<xmin>335</xmin>
			<xmax>344</xmax>
			<ymin>136</ymin>
			<ymax>303</ymax>
		</bndbox>
	</object>
</annotation>
