<annotation>
	<folder></folder>
	<filename>0000001369-1-Image_jpeg.rf.61337e2336fde8e80610df97974c6bf9.jpg</filename>
	<path>0000001369-1-Image_jpeg.rf.61337e2336fde8e80610df97974c6bf9.jpg</path>
	<source>
		<database>roboflow.ai</database>
	</source>
	<size>
		<width>600</width>
		<height>600</height>
		<depth>3</depth>
	</size>
	<segmented>0</segmented>
	<object>
		<name>0</name>
		<pose>Unspecified</pose>
		<truncated>0</truncated>
		<difficult>0</difficult>
		<occluded>0</occluded>
		<bndbox>
			<xmin>389</xmin>
			<xmax>395</xmax>
			<ymin>282</ymin>
			<ymax>303</ymax>
		</bndbox>
	</object>
	<object>
		<name>0</name>
		<pose>Unspecified</pose>
		<truncated>0</truncated>
		<difficult>0</difficult>
		<occluded>0</occluded>
		<bndbox>
			<xmin>355</xmin>
			<xmax>393</xmax>
			<ymin>110</ymin>
			<ymax>279</ymax>
		</bndbox>
	</object>
</annotation>
