<annotation>
	<folder></folder>
	<filename>0000000511-1-Image_jpeg.rf.48d03eb340745310b36084ae757b51e1.jpg</filename>
	<path>0000000511-1-Image_jpeg.rf.48d03eb340745310b36084ae757b51e1.jpg</path>
	<source>
		<database>roboflow.ai</database>
	</source>
	<size>
		<width>600</width>
		<height>600</height>
		<depth>3</depth>
	</size>
	<segmented>0</segmented>
	<object>
		<name>0</name>
		<pose>Unspecified</pose>
		<truncated>0</truncated>
		<difficult>0</difficult>
		<occluded>0</occluded>
		<bndbox>
			<xmin>312</xmin>
			<xmax>318</xmax>
			<ymin>309</ymin>
			<ymax>331</ymax>
		</bndbox>
	</object>
	<object>
		<name>0</name>
		<pose>Unspecified</pose>
		<truncated>0</truncated>
		<difficult>0</difficult>
		<occluded>0</occluded>
		<bndbox>
			<xmin>303</xmin>
			<xmax>314</xmax>
			<ymin>237</ymin>
			<ymax>307</ymax>
		</bndbox>
	</object>
</annotation>
