<annotation>
	<folder></folder>
	<filename>0000000658-1-Image_jpeg.rf.335189c886acc542052b20bc29cef8a9.jpg</filename>
	<path>0000000658-1-Image_jpeg.rf.335189c886acc542052b20bc29cef8a9.jpg</path>
	<source>
		<database>roboflow.ai</database>
	</source>
	<size>
		<width>600</width>
		<height>600</height>
		<depth>3</depth>
	</size>
	<segmented>0</segmented>
	<object>
		<name>0</name>
		<pose>Unspecified</pose>
		<truncated>0</truncated>
		<difficult>0</difficult>
		<occluded>0</occluded>
		<bndbox>
			<xmin>327</xmin>
			<xmax>333</xmax>
			<ymin>335</ymin>
			<ymax>355</ymax>
		</bndbox>
	</object>
</annotation>
