<annotation>
	<folder></folder>
	<filename>0000000925-1-Image_jpeg.rf.9d677c46d4d9f6f5401ce85253371b7d.jpg</filename>
	<path>0000000925-1-Image_jpeg.rf.9d677c46d4d9f6f5401ce85253371b7d.jpg</path>
	<source>
		<database>roboflow.ai</database>
	</source>
	<size>
		<width>600</width>
		<height>600</height>
		<depth>3</depth>
	</size>
	<segmented>0</segmented>
	<object>
		<name>0</name>
		<pose>Unspecified</pose>
		<truncated>0</truncated>
		<difficult>0</difficult>
		<occluded>0</occluded>
		<bndbox>
			<xmin>309</xmin>
			<xmax>314</xmax>
			<ymin>256</ymin>
			<ymax>280</ymax>
		</bndbox>
	</object>
	<object>
		<name>0</name>
		<pose>Unspecified</pose>
		<truncated>0</truncated>
		<difficult>0</difficult>
		<occluded>0</occluded>
		<bndbox>
			<xmin>310</xmin>
			<xmax>344</xmax>
			<ymin>86</ymin>
			<ymax>255</ymax>
		</bndbox>
	</object>
</annotation>
