<annotation>
	<folder></folder>
	<filename>0000000070-1-Image_jpeg.rf.916cf6dd7bba58651d743e84a516e09a.jpg</filename>
	<path>0000000070-1-Image_jpeg.rf.916cf6dd7bba58651d743e84a516e09a.jpg</path>
	<source>
		<database>roboflow.ai</database>
	</source>
	<size>
		<width>600</width>
		<height>600</height>
		<depth>3</depth>
	</size>
	<segmented>0</segmented>
	<object>
		<name>0</name>
		<pose>Unspecified</pose>
		<truncated>0</truncated>
		<difficult>0</difficult>
		<occluded>0</occluded>
		<bndbox>
			<xmin>331</xmin>
			<xmax>337</xmax>
			<ymin>331</ymin>
			<ymax>353</ymax>
		</bndbox>
	</object>
</annotation>
