<annotation>
	<folder></folder>
	<filename>0000000325-1-Image_jpeg.rf.1336bef250f549a43d48fb21b82a4f4e.jpg</filename>
	<path>0000000325-1-Image_jpeg.rf.1336bef250f549a43d48fb21b82a4f4e.jpg</path>
	<source>
		<database>roboflow.ai</database>
	</source>
	<size>
		<width>600</width>
		<height>600</height>
		<depth>3</depth>
	</size>
	<segmented>0</segmented>
	<object>
		<name>0</name>
		<pose>Unspecified</pose>
		<truncated>0</truncated>
		<difficult>0</difficult>
		<occluded>0</occluded>
		<bndbox>
			<xmin>384</xmin>
			<xmax>389</xmax>
			<ymin>273</ymin>
			<ymax>293</ymax>
		</bndbox>
	</object>
</annotation>
