<annotation>
	<folder></folder>
	<filename>0000000317-1-Image_jpeg.rf.5f5ba0f960aae5e4a47fb772ba5eba9c.jpg</filename>
	<path>0000000317-1-Image_jpeg.rf.5f5ba0f960aae5e4a47fb772ba5eba9c.jpg</path>
	<source>
		<database>roboflow.ai</database>
	</source>
	<size>
		<width>600</width>
		<height>600</height>
		<depth>3</depth>
	</size>
	<segmented>0</segmented>
	<object>
		<name>0</name>
		<pose>Unspecified</pose>
		<truncated>0</truncated>
		<difficult>0</difficult>
		<occluded>0</occluded>
		<bndbox>
			<xmin>189</xmin>
			<xmax>194</xmax>
			<ymin>279</ymin>
			<ymax>301</ymax>
		</bndbox>
	</object>
	<object>
		<name>0</name>
		<pose>Unspecified</pose>
		<truncated>0</truncated>
		<difficult>0</difficult>
		<occluded>0</occluded>
		<bndbox>
			<xmin>190</xmin>
			<xmax>198</xmax>
			<ymin>112</ymin>
			<ymax>207</ymax>
		</bndbox>
	</object>
</annotation>
