<annotation>
	<folder></folder>
	<filename>0000000855-1-Image_jpeg.rf.e8383f03c9b2aa38453f9bf5c7ef05e2.jpg</filename>
	<path>0000000855-1-Image_jpeg.rf.e8383f03c9b2aa38453f9bf5c7ef05e2.jpg</path>
	<source>
		<database>roboflow.ai</database>
	</source>
	<size>
		<width>600</width>
		<height>600</height>
		<depth>3</depth>
	</size>
	<segmented>0</segmented>
	<object>
		<name>0</name>
		<pose>Unspecified</pose>
		<truncated>0</truncated>
		<difficult>0</difficult>
		<occluded>0</occluded>
		<bndbox>
			<xmin>290</xmin>
			<xmax>295</xmax>
			<ymin>290</ymin>
			<ymax>310</ymax>
		</bndbox>
	</object>
	<object>
		<name>0</name>
		<pose>Unspecified</pose>
		<truncated>0</truncated>
		<difficult>0</difficult>
		<occluded>0</occluded>
		<bndbox>
			<xmin>269</xmin>
			<xmax>294</xmax>
			<ymin>114</ymin>
			<ymax>286</ymax>
		</bndbox>
	</object>
</annotation>
