<annotation>
	<folder></folder>
	<filename>0000001490-1-Image_jpeg.rf.3cf7811c1e8bc930345ae183c7a4679e.jpg</filename>
	<path>0000001490-1-Image_jpeg.rf.3cf7811c1e8bc930345ae183c7a4679e.jpg</path>
	<source>
		<database>roboflow.ai</database>
	</source>
	<size>
		<width>600</width>
		<height>600</height>
		<depth>3</depth>
	</size>
	<segmented>0</segmented>
	<object>
		<name>0</name>
		<pose>Unspecified</pose>
		<truncated>0</truncated>
		<difficult>0</difficult>
		<occluded>0</occluded>
		<bndbox>
			<xmin>295</xmin>
			<xmax>301</xmax>
			<ymin>415</ymin>
			<ymax>440</ymax>
		</bndbox>
	</object>
	<object>
		<name>0</name>
		<pose>Unspecified</pose>
		<truncated>0</truncated>
		<difficult>0</difficult>
		<occluded>0</occluded>
		<bndbox>
			<xmin>296</xmin>
			<xmax>307</xmax>
			<ymin>235</ymin>
			<ymax>305</ymax>
		</bndbox>
	</object>
</annotation>
