<annotation>
	<folder></folder>
	<filename>0000001038-1-Image_jpeg.rf.3cfe57d6aefe665513ba064e1f1a1d2e.jpg</filename>
	<path>0000001038-1-Image_jpeg.rf.3cfe57d6aefe665513ba064e1f1a1d2e.jpg</path>
	<source>
		<database>roboflow.ai</database>
	</source>
	<size>
		<width>600</width>
		<height>600</height>
		<depth>3</depth>
	</size>
	<segmented>0</segmented>
	<object>
		<name>0</name>
		<pose>Unspecified</pose>
		<truncated>0</truncated>
		<difficult>0</difficult>
		<occluded>0</occluded>
		<bndbox>
			<xmin>277</xmin>
			<xmax>282</xmax>
			<ymin>301</ymin>
			<ymax>325</ymax>
		</bndbox>
	</object>
</annotation>
