<annotation>
	<folder></folder>
	<filename>0000000392-1-Image_jpeg.rf.e628df91d2aa87812c8e3b5a46cc0047.jpg</filename>
	<path>0000000392-1-Image_jpeg.rf.e628df91d2aa87812c8e3b5a46cc0047.jpg</path>
	<source>
		<database>roboflow.ai</database>
	</source>
	<size>
		<width>600</width>
		<height>600</height>
		<depth>3</depth>
	</size>
	<segmented>0</segmented>
	<object>
		<name>0</name>
		<pose>Unspecified</pose>
		<truncated>0</truncated>
		<difficult>0</difficult>
		<occluded>0</occluded>
		<bndbox>
			<xmin>303</xmin>
			<xmax>308</xmax>
			<ymin>395</ymin>
			<ymax>415</ymax>
		</bndbox>
	</object>
</annotation>
