<annotation>
	<folder></folder>
	<filename>0000000700-1-Image_jpeg.rf.7628b4e1cedc06414167c93d597c3357.jpg</filename>
	<path>0000000700-1-Image_jpeg.rf.7628b4e1cedc06414167c93d597c3357.jpg</path>
	<source>
		<database>roboflow.ai</database>
	</source>
	<size>
		<width>600</width>
		<height>600</height>
		<depth>3</depth>
	</size>
	<segmented>0</segmented>
	<object>
		<name>0</name>
		<pose>Unspecified</pose>
		<truncated>0</truncated>
		<difficult>0</difficult>
		<occluded>0</occluded>
		<bndbox>
			<xmin>380</xmin>
			<xmax>385</xmax>
			<ymin>252</ymin>
			<ymax>275</ymax>
		</bndbox>
	</object>
	<object>
		<name>0</name>
		<pose>Unspecified</pose>
		<truncated>0</truncated>
		<difficult>0</difficult>
		<occluded>0</occluded>
		<bndbox>
			<xmin>384</xmin>
			<xmax>431</xmax>
			<ymin>82</ymin>
			<ymax>251</ymax>
		</bndbox>
	</object>
</annotation>
