<annotation>
	<folder></folder>
	<filename>0000000854-1-Image_jpeg.rf.202e70f943aead76b75183e093f62fc7.jpg</filename>
	<path>0000000854-1-Image_jpeg.rf.202e70f943aead76b75183e093f62fc7.jpg</path>
	<source>
		<database>roboflow.ai</database>
	</source>
	<size>
		<width>600</width>
		<height>600</height>
		<depth>3</depth>
	</size>
	<segmented>0</segmented>
	<object>
		<name>0</name>
		<pose>Unspecified</pose>
		<truncated>0</truncated>
		<difficult>0</difficult>
		<occluded>0</occluded>
		<bndbox>
			<xmin>277</xmin>
			<xmax>282</xmax>
			<ymin>164</ymin>
			<ymax>187</ymax>
		</bndbox>
	</object>
	<object>
		<name>0</name>
		<pose>Unspecified</pose>
		<truncated>0</truncated>
		<difficult>0</difficult>
		<occluded>0</occluded>
		<bndbox>
			<xmin>278</xmin>
			<xmax>286</xmax>
			<ymin>3</ymin>
			<ymax>153</ymax>
		</bndbox>
	</object>
</annotation>
