<annotation>
	<folder></folder>
	<filename>0000000997-1-Image_jpeg.rf.51790a788862bb2c0f1fc7932a688019.jpg</filename>
	<path>0000000997-1-Image_jpeg.rf.51790a788862bb2c0f1fc7932a688019.jpg</path>
	<source>
		<database>roboflow.ai</database>
	</source>
	<size>
		<width>600</width>
		<height>600</height>
		<depth>3</depth>
	</size>
	<segmented>0</segmented>
	<object>
		<name>0</name>
		<pose>Unspecified</pose>
		<truncated>0</truncated>
		<difficult>0</difficult>
		<occluded>0</occluded>
		<bndbox>
			<xmin>247</xmin>
			<xmax>252</xmax>
			<ymin>213</ymin>
			<ymax>235</ymax>
		</bndbox>
	</object>
	<object>
		<name>0</name>
		<pose>Unspecified</pose>
		<truncated>0</truncated>
		<difficult>0</difficult>
		<occluded>0</occluded>
		<bndbox>
			<xmin>208</xmin>
			<xmax>251</xmax>
			<ymin>44</ymin>
			<ymax>211</ymax>
		</bndbox>
	</object>
</annotation>
