<annotation>
	<folder></folder>
	<filename>0000000612-1-Image_jpeg.rf.0a59bc993600efcafb8cece33f8353dc.jpg</filename>
	<path>0000000612-1-Image_jpeg.rf.0a59bc993600efcafb8cece33f8353dc.jpg</path>
	<source>
		<database>roboflow.ai</database>
	</source>
	<size>
		<width>600</width>
		<height>600</height>
		<depth>3</depth>
	</size>
	<segmented>0</segmented>
	<object>
		<name>0</name>
		<pose>Unspecified</pose>
		<truncated>0</truncated>
		<difficult>0</difficult>
		<occluded>0</occluded>
		<bndbox>
			<xmin>354</xmin>
			<xmax>359</xmax>
			<ymin>241</ymin>
			<ymax>265</ymax>
		</bndbox>
	</object>
	<object>
		<name>0</name>
		<pose>Unspecified</pose>
		<truncated>0</truncated>
		<difficult>0</difficult>
		<occluded>0</occluded>
		<bndbox>
			<xmin>359</xmin>
			<xmax>395</xmax>
			<ymin>72</ymin>
			<ymax>241</ymax>
		</bndbox>
	</object>
</annotation>
