<annotation>
	<folder></folder>
	<filename>0000000684-1-Image_jpeg.rf.f7f9176d2eef43883ecd64f4ba8f9f2e.jpg</filename>
	<path>0000000684-1-Image_jpeg.rf.f7f9176d2eef43883ecd64f4ba8f9f2e.jpg</path>
	<source>
		<database>roboflow.ai</database>
	</source>
	<size>
		<width>600</width>
		<height>600</height>
		<depth>3</depth>
	</size>
	<segmented>0</segmented>
	<object>
		<name>0</name>
		<pose>Unspecified</pose>
		<truncated>0</truncated>
		<difficult>0</difficult>
		<occluded>0</occluded>
		<bndbox>
			<xmin>305</xmin>
			<xmax>310</xmax>
			<ymin>277</ymin>
			<ymax>301</ymax>
		</bndbox>
	</object>
	<object>
		<name>0</name>
		<pose>Unspecified</pose>
		<truncated>0</truncated>
		<difficult>0</difficult>
		<occluded>0</occluded>
		<bndbox>
			<xmin>299</xmin>
			<xmax>309</xmax>
			<ymin>101</ymin>
			<ymax>268</ymax>
		</bndbox>
	</object>
</annotation>
