<annotation>
	<folder></folder>
	<filename>0000000522-1-Image_jpeg.rf.f42af5b8164d3a5394e1c00ce581ffcc.jpg</filename>
	<path>0000000522-1-Image_jpeg.rf.f42af5b8164d3a5394e1c00ce581ffcc.jpg</path>
	<source>
		<database>roboflow.ai</database>
	</source>
	<size>
		<width>600</width>
		<height>600</height>
		<depth>3</depth>
	</size>
	<segmented>0</segmented>
	<object>
		<name>0</name>
		<pose>Unspecified</pose>
		<truncated>0</truncated>
		<difficult>0</difficult>
		<occluded>0</occluded>
		<bndbox>
			<xmin>245</xmin>
			<xmax>250</xmax>
			<ymin>198</ymin>
			<ymax>220</ymax>
		</bndbox>
	</object>
	<object>
		<name>0</name>
		<pose>Unspecified</pose>
		<truncated>0</truncated>
		<difficult>0</difficult>
		<occluded>0</occluded>
		<bndbox>
			<xmin>249</xmin>
			<xmax>269</xmax>
			<ymin>78</ymin>
			<ymax>198</ymax>
		</bndbox>
	</object>
</annotation>
