<annotation>
	<folder></folder>
	<filename>0000000088-1-Image_jpeg.rf.dd40e192c6277c9858d4d963327d5a42.jpg</filename>
	<path>0000000088-1-Image_jpeg.rf.dd40e192c6277c9858d4d963327d5a42.jpg</path>
	<source>
		<database>roboflow.ai</database>
	</source>
	<size>
		<width>600</width>
		<height>600</height>
		<depth>3</depth>
	</size>
	<segmented>0</segmented>
	<object>
		<name>0</name>
		<pose>Unspecified</pose>
		<truncated>0</truncated>
		<difficult>0</difficult>
		<occluded>0</occluded>
		<bndbox>
			<xmin>322</xmin>
			<xmax>329</xmax>
			<ymin>305</ymin>
			<ymax>329</ymax>
		</bndbox>
	</object>
	<object>
		<name>0</name>
		<pose>Unspecified</pose>
		<truncated>0</truncated>
		<difficult>0</difficult>
		<occluded>0</occluded>
		<bndbox>
			<xmin>324</xmin>
			<xmax>329</xmax>
			<ymin>138</ymin>
			<ymax>303</ymax>
		</bndbox>
	</object>
</annotation>
