<annotation>
	<folder></folder>
	<filename>0000001219-1-Image_jpeg.rf.9bd9be96250f6ae6858173fe24ca51d1.jpg</filename>
	<path>0000001219-1-Image_jpeg.rf.9bd9be96250f6ae6858173fe24ca51d1.jpg</path>
	<source>
		<database>roboflow.ai</database>
	</source>
	<size>
		<width>600</width>
		<height>600</height>
		<depth>3</depth>
	</size>
	<segmented>0</segmented>
	<object>
		<name>0</name>
		<pose>Unspecified</pose>
		<truncated>0</truncated>
		<difficult>0</difficult>
		<occluded>0</occluded>
		<bndbox>
			<xmin>241</xmin>
			<xmax>247</xmax>
			<ymin>200</ymin>
			<ymax>220</ymax>
		</bndbox>
	</object>
	<object>
		<name>0</name>
		<pose>Unspecified</pose>
		<truncated>0</truncated>
		<difficult>0</difficult>
		<occluded>0</occluded>
		<bndbox>
			<xmin>209</xmin>
			<xmax>245</xmax>
			<ymin>27</ymin>
			<ymax>196</ymax>
		</bndbox>
	</object>
</annotation>
