<annotation>
	<folder></folder>
	<filename>0000001073-1-Image_jpeg.rf.25b39ef760aac80fcf0d0fa28256c386.jpg</filename>
	<path>0000001073-1-Image_jpeg.rf.25b39ef760aac80fcf0d0fa28256c386.jpg</path>
	<source>
		<database>roboflow.ai</database>
	</source>
	<size>
		<width>600</width>
		<height>600</height>
		<depth>3</depth>
	</size>
	<segmented>0</segmented>
	<object>
		<name>0</name>
		<pose>Unspecified</pose>
		<truncated>0</truncated>
		<difficult>0</difficult>
		<occluded>0</occluded>
		<bndbox>
			<xmin>367</xmin>
			<xmax>372</xmax>
			<ymin>331</ymin>
			<ymax>355</ymax>
		</bndbox>
	</object>
	<object>
		<name>0</name>
		<pose>Unspecified</pose>
		<truncated>0</truncated>
		<difficult>0</difficult>
		<occluded>0</occluded>
		<bndbox>
			<xmin>376</xmin>
			<xmax>378</xmax>
			<ymin>166</ymin>
			<ymax>192</ymax>
		</bndbox>
	</object>
</annotation>
