<annotation>
	<folder></folder>
	<filename>0000001234-1-Image_jpeg.rf.23ef2b4c528dd6913a23b87922f18f03.jpg</filename>
	<path>0000001234-1-Image_jpeg.rf.23ef2b4c528dd6913a23b87922f18f03.jpg</path>
	<source>
		<database>roboflow.ai</database>
	</source>
	<size>
		<width>600</width>
		<height>600</height>
		<depth>3</depth>
	</size>
	<segmented>0</segmented>
	<object>
		<name>0</name>
		<pose>Unspecified</pose>
		<truncated>0</truncated>
		<difficult>0</difficult>
		<occluded>0</occluded>
		<bndbox>
			<xmin>226</xmin>
			<xmax>234</xmax>
			<ymin>278</ymin>
			<ymax>303</ymax>
		</bndbox>
	</object>
	<object>
		<name>0</name>
		<pose>Unspecified</pose>
		<truncated>0</truncated>
		<difficult>0</difficult>
		<occluded>0</occluded>
		<bndbox>
			<xmin>187</xmin>
			<xmax>230</xmax>
			<ymin>110</ymin>
			<ymax>277</ymax>
		</bndbox>
	</object>
</annotation>
