<annotation>
	<folder></folder>
	<filename>0000000441-1-Image_jpeg.rf.8e8b85d114a5cadc6663e78e75441c89.jpg</filename>
	<path>0000000441-1-Image_jpeg.rf.8e8b85d114a5cadc6663e78e75441c89.jpg</path>
	<source>
		<database>roboflow.ai</database>
	</source>
	<size>
		<width>600</width>
		<height>600</height>
		<depth>3</depth>
	</size>
	<segmented>0</segmented>
	<object>
		<name>0</name>
		<pose>Unspecified</pose>
		<truncated>0</truncated>
		<difficult>0</difficult>
		<occluded>0</occluded>
		<bndbox>
			<xmin>286</xmin>
			<xmax>292</xmax>
			<ymin>220</ymin>
			<ymax>245</ymax>
		</bndbox>
	</object>
	<object>
		<name>0</name>
		<pose>Unspecified</pose>
		<truncated>0</truncated>
		<difficult>0</difficult>
		<occluded>0</occluded>
		<bndbox>
			<xmin>290</xmin>
			<xmax>327</xmax>
			<ymin>52</ymin>
			<ymax>221</ymax>
		</bndbox>
	</object>
</annotation>
