<annotation>
	<folder></folder>
	<filename>0000000585-1-Image_jpeg.rf.55fec1c123653ff7cba5cc60f03165c7.jpg</filename>
	<path>0000000585-1-Image_jpeg.rf.55fec1c123653ff7cba5cc60f03165c7.jpg</path>
	<source>
		<database>roboflow.ai</database>
	</source>
	<size>
		<width>600</width>
		<height>600</height>
		<depth>3</depth>
	</size>
	<segmented>0</segmented>
	<object>
		<name>0</name>
		<pose>Unspecified</pose>
		<truncated>0</truncated>
		<difficult>0</difficult>
		<occluded>0</occluded>
		<bndbox>
			<xmin>295</xmin>
			<xmax>301</xmax>
			<ymin>294</ymin>
			<ymax>316</ymax>
		</bndbox>
	</object>
	<object>
		<name>0</name>
		<pose>Unspecified</pose>
		<truncated>0</truncated>
		<difficult>0</difficult>
		<occluded>0</occluded>
		<bndbox>
			<xmin>251</xmin>
			<xmax>296</xmax>
			<ymin>125</ymin>
			<ymax>290</ymax>
		</bndbox>
	</object>
</annotation>
