<annotation>
	<folder></folder>
	<filename>0000001480-1-Image_jpeg.rf.ea3b1e0a0f207354c9939f75e5c29375.jpg</filename>
	<path>0000001480-1-Image_jpeg.rf.ea3b1e0a0f207354c9939f75e5c29375.jpg</path>
	<source>
		<database>roboflow.ai</database>
	</source>
	<size>
		<width>600</width>
		<height>600</height>
		<depth>3</depth>
	</size>
	<segmented>0</segmented>
	<object>
		<name>0</name>
		<pose>Unspecified</pose>
		<truncated>0</truncated>
		<difficult>0</difficult>
		<occluded>0</occluded>
		<bndbox>
			<xmin>374</xmin>
			<xmax>380</xmax>
			<ymin>247</ymin>
			<ymax>267</ymax>
		</bndbox>
	</object>
	<object>
		<name>0</name>
		<pose>Unspecified</pose>
		<truncated>0</truncated>
		<difficult>0</difficult>
		<occluded>0</occluded>
		<bndbox>
			<xmin>374</xmin>
			<xmax>380</xmax>
			<ymin>78</ymin>
			<ymax>245</ymax>
		</bndbox>
	</object>
</annotation>
