<annotation>
	<folder></folder>
	<filename>0000000328-1-Image_jpeg.rf.11cbe767729b6235f80d861bff9372ed.jpg</filename>
	<path>0000000328-1-Image_jpeg.rf.11cbe767729b6235f80d861bff9372ed.jpg</path>
	<source>
		<database>roboflow.ai</database>
	</source>
	<size>
		<width>600</width>
		<height>600</height>
		<depth>3</depth>
	</size>
	<segmented>0</segmented>
	<object>
		<name>0</name>
		<pose>Unspecified</pose>
		<truncated>0</truncated>
		<difficult>0</difficult>
		<occluded>0</occluded>
		<bndbox>
			<xmin>110</xmin>
			<xmax>115</xmax>
			<ymin>335</ymin>
			<ymax>357</ymax>
		</bndbox>
	</object>
</annotation>
