<annotation>
	<folder></folder>
	<filename>0000000584-1-Image_jpeg.rf.17a8f695a88c6d87c781e67e293a5e31.jpg</filename>
	<path>0000000584-1-Image_jpeg.rf.17a8f695a88c6d87c781e67e293a5e31.jpg</path>
	<source>
		<database>roboflow.ai</database>
	</source>
	<size>
		<width>600</width>
		<height>600</height>
		<depth>3</depth>
	</size>
	<segmented>0</segmented>
	<object>
		<name>0</name>
		<pose>Unspecified</pose>
		<truncated>0</truncated>
		<difficult>0</difficult>
		<occluded>0</occluded>
		<bndbox>
			<xmin>301</xmin>
			<xmax>307</xmax>
			<ymin>282</ymin>
			<ymax>303</ymax>
		</bndbox>
	</object>
	<object>
		<name>0</name>
		<pose>Unspecified</pose>
		<truncated>0</truncated>
		<difficult>0</difficult>
		<occluded>0</occluded>
		<bndbox>
			<xmin>305</xmin>
			<xmax>316</xmax>
			<ymin>121</ymin>
			<ymax>202</ymax>
		</bndbox>
	</object>
</annotation>
