<annotation>
	<folder></folder>
	<filename>0000000139-1-Image_jpeg.rf.e051de96478afbed6f427f94192d4753.jpg</filename>
	<path>0000000139-1-Image_jpeg.rf.e051de96478afbed6f427f94192d4753.jpg</path>
	<source>
		<database>roboflow.ai</database>
	</source>
	<size>
		<width>600</width>
		<height>600</height>
		<depth>3</depth>
	</size>
	<segmented>0</segmented>
	<object>
		<name>0</name>
		<pose>Unspecified</pose>
		<truncated>0</truncated>
		<difficult>0</difficult>
		<occluded>0</occluded>
		<bndbox>
			<xmin>275</xmin>
			<xmax>280</xmax>
			<ymin>245</ymin>
			<ymax>267</ymax>
		</bndbox>
	</object>
	<object>
		<name>0</name>
		<pose>Unspecified</pose>
		<truncated>0</truncated>
		<difficult>0</difficult>
		<occluded>0</occluded>
		<bndbox>
			<xmin>268</xmin>
			<xmax>281</xmax>
			<ymin>68</ymin>
			<ymax>243</ymax>
		</bndbox>
	</object>
</annotation>
