<annotation>
	<folder></folder>
	<filename>0000001430-1-Image_jpeg.rf.54bbaf8b9ac2e7ccca4d090e65f0ee79.jpg</filename>
	<path>0000001430-1-Image_jpeg.rf.54bbaf8b9ac2e7ccca4d090e65f0ee79.jpg</path>
	<source>
		<database>roboflow.ai</database>
	</source>
	<size>
		<width>600</width>
		<height>600</height>
		<depth>3</depth>
	</size>
	<segmented>0</segmented>
	<object>
		<name>0</name>
		<pose>Unspecified</pose>
		<truncated>0</truncated>
		<difficult>0</difficult>
		<occluded>0</occluded>
		<bndbox>
			<xmin>310</xmin>
			<xmax>316</xmax>
			<ymin>280</ymin>
			<ymax>303</ymax>
		</bndbox>
	</object>
	<object>
		<name>0</name>
		<pose>Unspecified</pose>
		<truncated>0</truncated>
		<difficult>0</difficult>
		<occluded>0</occluded>
		<bndbox>
			<xmin>299</xmin>
			<xmax>316</xmax>
			<ymin>104</ymin>
			<ymax>279</ymax>
		</bndbox>
	</object>
</annotation>
