<annotation>
	<folder></folder>
	<filename>0000000649-1-Image_jpeg.rf.4614bb54761d6261f41a45a80c73e7e3.jpg</filename>
	<path>0000000649-1-Image_jpeg.rf.4614bb54761d6261f41a45a80c73e7e3.jpg</path>
	<source>
		<database>roboflow.ai</database>
	</source>
	<size>
		<width>600</width>
		<height>600</height>
		<depth>3</depth>
	</size>
	<segmented>0</segmented>
	<object>
		<name>0</name>
		<pose>Unspecified</pose>
		<truncated>0</truncated>
		<difficult>0</difficult>
		<occluded>0</occluded>
		<bndbox>
			<xmin>235</xmin>
			<xmax>241</xmax>
			<ymin>262</ymin>
			<ymax>282</ymax>
		</bndbox>
	</object>
	<object>
		<name>0</name>
		<pose>Unspecified</pose>
		<truncated>0</truncated>
		<difficult>0</difficult>
		<occluded>0</occluded>
		<bndbox>
			<xmin>235</xmin>
			<xmax>239</xmax>
			<ymin>170</ymin>
			<ymax>256</ymax>
		</bndbox>
	</object>
</annotation>
