<annotation>
	<folder></folder>
	<filename>0000000381-1-Image_jpeg.rf.e65458de5d52dfc52df72f221932861e.jpg</filename>
	<path>0000000381-1-Image_jpeg.rf.e65458de5d52dfc52df72f221932861e.jpg</path>
	<source>
		<database>roboflow.ai</database>
	</source>
	<size>
		<width>600</width>
		<height>600</height>
		<depth>3</depth>
	</size>
	<segmented>0</segmented>
	<object>
		<name>0</name>
		<pose>Unspecified</pose>
		<truncated>0</truncated>
		<difficult>0</difficult>
		<occluded>0</occluded>
		<bndbox>
			<xmin>329</xmin>
			<xmax>337</xmax>
			<ymin>295</ymin>
			<ymax>320</ymax>
		</bndbox>
	</object>
	<object>
		<name>0</name>
		<pose>Unspecified</pose>
		<truncated>0</truncated>
		<difficult>0</difficult>
		<occluded>0</occluded>
		<bndbox>
			<xmin>325</xmin>
			<xmax>335</xmax>
			<ymin>119</ymin>
			<ymax>294</ymax>
		</bndbox>
	</object>
</annotation>
