<annotation>
	<folder></folder>
	<filename>0000000726-1-Image_jpeg.rf.1fce850e0739df72b823b818ca7307a1.jpg</filename>
	<path>0000000726-1-Image_jpeg.rf.1fce850e0739df72b823b818ca7307a1.jpg</path>
	<source>
		<database>roboflow.ai</database>
	</source>
	<size>
		<width>600</width>
		<height>600</height>
		<depth>3</depth>
	</size>
	<segmented>0</segmented>
	<object>
		<name>0</name>
		<pose>Unspecified</pose>
		<truncated>0</truncated>
		<difficult>0</difficult>
		<occluded>0</occluded>
		<bndbox>
			<xmin>305</xmin>
			<xmax>310</xmax>
			<ymin>290</ymin>
			<ymax>310</ymax>
		</bndbox>
	</object>
	<object>
		<name>0</name>
		<pose>Unspecified</pose>
		<truncated>0</truncated>
		<difficult>0</difficult>
		<occluded>0</occluded>
		<bndbox>
			<xmin>305</xmin>
			<xmax>310</xmax>
			<ymin>121</ymin>
			<ymax>288</ymax>
		</bndbox>
	</object>
</annotation>
