<annotation>
	<folder></folder>
	<filename>0000000256-1-Image_jpeg.rf.dc1d4f29a443bf3fc6ccc7504ee4ed75.jpg</filename>
	<path>0000000256-1-Image_jpeg.rf.dc1d4f29a443bf3fc6ccc7504ee4ed75.jpg</path>
	<source>
		<database>roboflow.ai</database>
	</source>
	<size>
		<width>600</width>
		<height>600</height>
		<depth>3</depth>
	</size>
	<segmented>0</segmented>
	<object>
		<name>0</name>
		<pose>Unspecified</pose>
		<truncated>0</truncated>
		<difficult>0</difficult>
		<occluded>0</occluded>
		<bndbox>
			<xmin>303</xmin>
			<xmax>308</xmax>
			<ymin>273</ymin>
			<ymax>293</ymax>
		</bndbox>
	</object>
	<object>
		<name>0</name>
		<pose>Unspecified</pose>
		<truncated>0</truncated>
		<difficult>0</difficult>
		<occluded>0</occluded>
		<bndbox>
			<xmin>305</xmin>
			<xmax>310</xmax>
			<ymin>130</ymin>
			<ymax>271</ymax>
		</bndbox>
	</object>
</annotation>
