<annotation>
	<folder></folder>
	<filename>0000001405-1-Image_jpeg.rf.a2d9d6dfd569f29e6d674652051f27b8.jpg</filename>
	<path>0000001405-1-Image_jpeg.rf.a2d9d6dfd569f29e6d674652051f27b8.jpg</path>
	<source>
		<database>roboflow.ai</database>
	</source>
	<size>
		<width>600</width>
		<height>600</height>
		<depth>3</depth>
	</size>
	<segmented>0</segmented>
	<object>
		<name>0</name>
		<pose>Unspecified</pose>
		<truncated>0</truncated>
		<difficult>0</difficult>
		<occluded>0</occluded>
		<bndbox>
			<xmin>380</xmin>
			<xmax>385</xmax>
			<ymin>355</ymin>
			<ymax>378</ymax>
		</bndbox>
	</object>
</annotation>
