<annotation>
	<folder></folder>
	<filename>0000000336-1-Image_jpeg.rf.5c74df1aad773b45352d15159765e2d0.jpg</filename>
	<path>0000000336-1-Image_jpeg.rf.5c74df1aad773b45352d15159765e2d0.jpg</path>
	<source>
		<database>roboflow.ai</database>
	</source>
	<size>
		<width>600</width>
		<height>600</height>
		<depth>3</depth>
	</size>
	<segmented>0</segmented>
	<object>
		<name>0</name>
		<pose>Unspecified</pose>
		<truncated>0</truncated>
		<difficult>0</difficult>
		<occluded>0</occluded>
		<bndbox>
			<xmin>288</xmin>
			<xmax>293</xmax>
			<ymin>292</ymin>
			<ymax>314</ymax>
		</bndbox>
	</object>
	<object>
		<name>0</name>
		<pose>Unspecified</pose>
		<truncated>0</truncated>
		<difficult>0</difficult>
		<occluded>0</occluded>
		<bndbox>
			<xmin>288</xmin>
			<xmax>307</xmax>
			<ymin>117</ymin>
			<ymax>290</ymax>
		</bndbox>
	</object>
</annotation>
