<annotation>
	<folder></folder>
	<filename>0000001441-1-Image_jpeg.rf.69d0e3c02d6ab302183461c5f606f488.jpg</filename>
	<path>0000001441-1-Image_jpeg.rf.69d0e3c02d6ab302183461c5f606f488.jpg</path>
	<source>
		<database>roboflow.ai</database>
	</source>
	<size>
		<width>600</width>
		<height>600</height>
		<depth>3</depth>
	</size>
	<segmented>0</segmented>
	<object>
		<name>0</name>
		<pose>Unspecified</pose>
		<truncated>0</truncated>
		<difficult>0</difficult>
		<occluded>0</occluded>
		<bndbox>
			<xmin>305</xmin>
			<xmax>310</xmax>
			<ymin>329</ymin>
			<ymax>352</ymax>
		</bndbox>
	</object>
	<object>
		<name>0</name>
		<pose>Unspecified</pose>
		<truncated>0</truncated>
		<difficult>0</difficult>
		<occluded>0</occluded>
		<bndbox>
			<xmin>322</xmin>
			<xmax>346</xmax>
			<ymin>153</ymin>
			<ymax>222</ymax>
		</bndbox>
	</object>
</annotation>
