<annotation>
	<folder></folder>
	<filename>0000000590-1-Image_jpeg.rf.a8229c49a2cdd221e92e9b756bd6e6b6.jpg</filename>
	<path>0000000590-1-Image_jpeg.rf.a8229c49a2cdd221e92e9b756bd6e6b6.jpg</path>
	<source>
		<database>roboflow.ai</database>
	</source>
	<size>
		<width>600</width>
		<height>600</height>
		<depth>3</depth>
	</size>
	<segmented>0</segmented>
	<object>
		<name>0</name>
		<pose>Unspecified</pose>
		<truncated>0</truncated>
		<difficult>0</difficult>
		<occluded>0</occluded>
		<bndbox>
			<xmin>280</xmin>
			<xmax>286</xmax>
			<ymin>309</ymin>
			<ymax>329</ymax>
		</bndbox>
	</object>
	<object>
		<name>0</name>
		<pose>Unspecified</pose>
		<truncated>0</truncated>
		<difficult>0</difficult>
		<occluded>0</occluded>
		<bndbox>
			<xmin>236</xmin>
			<xmax>283</xmax>
			<ymin>138</ymin>
			<ymax>305</ymax>
		</bndbox>
	</object>
</annotation>
