<annotation>
	<folder></folder>
	<filename>0000000108-1-Image_jpeg.rf.d2b74c6e2a507cb4cdd4dd44a608792d.jpg</filename>
	<path>0000000108-1-Image_jpeg.rf.d2b74c6e2a507cb4cdd4dd44a608792d.jpg</path>
	<source>
		<database>roboflow.ai</database>
	</source>
	<size>
		<width>600</width>
		<height>600</height>
		<depth>3</depth>
	</size>
	<segmented>0</segmented>
	<object>
		<name>0</name>
		<pose>Unspecified</pose>
		<truncated>0</truncated>
		<difficult>0</difficult>
		<occluded>0</occluded>
		<bndbox>
			<xmin>226</xmin>
			<xmax>234</xmax>
			<ymin>293</ymin>
			<ymax>318</ymax>
		</bndbox>
	</object>
	<object>
		<name>0</name>
		<pose>Unspecified</pose>
		<truncated>0</truncated>
		<difficult>0</difficult>
		<occluded>0</occluded>
		<bndbox>
			<xmin>228</xmin>
			<xmax>237</xmax>
			<ymin>115</ymin>
			<ymax>290</ymax>
		</bndbox>
	</object>
</annotation>
