<annotation>
	<folder></folder>
	<filename>0000001437-1-Image_jpeg.rf.8b85b98cc7d618921dde9eb91defcfd4.jpg</filename>
	<path>0000001437-1-Image_jpeg.rf.8b85b98cc7d618921dde9eb91defcfd4.jpg</path>
	<source>
		<database>roboflow.ai</database>
	</source>
	<size>
		<width>600</width>
		<height>600</height>
		<depth>3</depth>
	</size>
	<segmented>0</segmented>
	<object>
		<name>0</name>
		<pose>Unspecified</pose>
		<truncated>0</truncated>
		<difficult>0</difficult>
		<occluded>0</occluded>
		<bndbox>
			<xmin>235</xmin>
			<xmax>241</xmax>
			<ymin>331</ymin>
			<ymax>353</ymax>
		</bndbox>
	</object>
	<object>
		<name>0</name>
		<pose>Unspecified</pose>
		<truncated>0</truncated>
		<difficult>0</difficult>
		<occluded>0</occluded>
		<bndbox>
			<xmin>194</xmin>
			<xmax>234</xmax>
			<ymin>160</ymin>
			<ymax>284</ymax>
		</bndbox>
	</object>
</annotation>
