<annotation>
	<folder></folder>
	<filename>0000001416-1-Image_jpeg.rf.49e99eac73515e9f7cba90c05c563faf.jpg</filename>
	<path>0000001416-1-Image_jpeg.rf.49e99eac73515e9f7cba90c05c563faf.jpg</path>
	<source>
		<database>roboflow.ai</database>
	</source>
	<size>
		<width>600</width>
		<height>600</height>
		<depth>3</depth>
	</size>
	<segmented>0</segmented>
	<object>
		<name>0</name>
		<pose>Unspecified</pose>
		<truncated>0</truncated>
		<difficult>0</difficult>
		<occluded>0</occluded>
		<bndbox>
			<xmin>333</xmin>
			<xmax>338</xmax>
			<ymin>325</ymin>
			<ymax>350</ymax>
		</bndbox>
	</object>
	<object>
		<name>0</name>
		<pose>Unspecified</pose>
		<truncated>0</truncated>
		<difficult>0</difficult>
		<occluded>0</occluded>
		<bndbox>
			<xmin>324</xmin>
			<xmax>335</xmax>
			<ymin>185</ymin>
			<ymax>322</ymax>
		</bndbox>
	</object>
</annotation>
