<annotation>
	<folder></folder>
	<filename>0000001306-1-Image_jpeg.rf.a230e398a545dc56446aa68b81a6ac61.jpg</filename>
	<path>0000001306-1-Image_jpeg.rf.a230e398a545dc56446aa68b81a6ac61.jpg</path>
	<source>
		<database>roboflow.ai</database>
	</source>
	<size>
		<width>600</width>
		<height>600</height>
		<depth>3</depth>
	</size>
	<segmented>0</segmented>
	<object>
		<name>0</name>
		<pose>Unspecified</pose>
		<truncated>0</truncated>
		<difficult>0</difficult>
		<occluded>0</occluded>
		<bndbox>
			<xmin>254</xmin>
			<xmax>260</xmax>
			<ymin>149</ymin>
			<ymax>172</ymax>
		</bndbox>
	</object>
	<object>
		<name>0</name>
		<pose>Unspecified</pose>
		<truncated>0</truncated>
		<difficult>0</difficult>
		<occluded>0</occluded>
		<bndbox>
			<xmin>256</xmin>
			<xmax>262</xmax>
			<ymin>9</ymin>
			<ymax>131</ymax>
		</bndbox>
	</object>
</annotation>
