<annotation>
	<folder></folder>
	<filename>0000001160-1-Image_jpeg.rf.9bee549aa68d79d1d64a0efa877a1e20.jpg</filename>
	<path>0000001160-1-Image_jpeg.rf.9bee549aa68d79d1d64a0efa877a1e20.jpg</path>
	<source>
		<database>roboflow.ai</database>
	</source>
	<size>
		<width>600</width>
		<height>600</height>
		<depth>3</depth>
	</size>
	<segmented>0</segmented>
	<object>
		<name>0</name>
		<pose>Unspecified</pose>
		<truncated>0</truncated>
		<difficult>0</difficult>
		<occluded>0</occluded>
		<bndbox>
			<xmin>252</xmin>
			<xmax>258</xmax>
			<ymin>269</ymin>
			<ymax>292</ymax>
		</bndbox>
	</object>
	<object>
		<name>0</name>
		<pose>Unspecified</pose>
		<truncated>0</truncated>
		<difficult>0</difficult>
		<occluded>0</occluded>
		<bndbox>
			<xmin>254</xmin>
			<xmax>275</xmax>
			<ymin>91</ymin>
			<ymax>258</ymax>
		</bndbox>
	</object>
</annotation>
