<annotation>
	<folder></folder>
	<filename>0000000411-1-Image_jpeg.rf.6b11bf2bd0e7c36aae3ea128d47fa392.jpg</filename>
	<path>0000000411-1-Image_jpeg.rf.6b11bf2bd0e7c36aae3ea128d47fa392.jpg</path>
	<source>
		<database>roboflow.ai</database>
	</source>
	<size>
		<width>600</width>
		<height>600</height>
		<depth>3</depth>
	</size>
	<segmented>0</segmented>
	<object>
		<name>0</name>
		<pose>Unspecified</pose>
		<truncated>0</truncated>
		<difficult>0</difficult>
		<occluded>0</occluded>
		<bndbox>
			<xmin>265</xmin>
			<xmax>273</xmax>
			<ymin>329</ymin>
			<ymax>354</ymax>
		</bndbox>
	</object>
	<object>
		<name>0</name>
		<pose>Unspecified</pose>
		<truncated>0</truncated>
		<difficult>0</difficult>
		<occluded>0</occluded>
		<bndbox>
			<xmin>243</xmin>
			<xmax>252</xmax>
			<ymin>162</ymin>
			<ymax>179</ymax>
		</bndbox>
	</object>
</annotation>
