<annotation>
	<folder></folder>
	<filename>0000001422-1-Image_jpeg.rf.99a62c49a03c359831f0609d5b667075.jpg</filename>
	<path>0000001422-1-Image_jpeg.rf.99a62c49a03c359831f0609d5b667075.jpg</path>
	<source>
		<database>roboflow.ai</database>
	</source>
	<size>
		<width>600</width>
		<height>600</height>
		<depth>3</depth>
	</size>
	<segmented>0</segmented>
	<object>
		<name>0</name>
		<pose>Unspecified</pose>
		<truncated>0</truncated>
		<difficult>0</difficult>
		<occluded>0</occluded>
		<bndbox>
			<xmin>295</xmin>
			<xmax>301</xmax>
			<ymin>288</ymin>
			<ymax>312</ymax>
		</bndbox>
	</object>
	<object>
		<name>0</name>
		<pose>Unspecified</pose>
		<truncated>0</truncated>
		<difficult>0</difficult>
		<occluded>0</occluded>
		<bndbox>
			<xmin>295</xmin>
			<xmax>299</xmax>
			<ymin>121</ymin>
			<ymax>279</ymax>
		</bndbox>
	</object>
</annotation>
