<annotation>
	<folder></folder>
	<filename>0000000210-1-Image_jpeg.rf.5fed41e44063198a265cf629f0ca62a6.jpg</filename>
	<path>0000000210-1-Image_jpeg.rf.5fed41e44063198a265cf629f0ca62a6.jpg</path>
	<source>
		<database>roboflow.ai</database>
	</source>
	<size>
		<width>600</width>
		<height>600</height>
		<depth>3</depth>
	</size>
	<segmented>0</segmented>
	<object>
		<name>0</name>
		<pose>Unspecified</pose>
		<truncated>0</truncated>
		<difficult>0</difficult>
		<occluded>0</occluded>
		<bndbox>
			<xmin>367</xmin>
			<xmax>372</xmax>
			<ymin>312</ymin>
			<ymax>335</ymax>
		</bndbox>
	</object>
	<object>
		<name>0</name>
		<pose>Unspecified</pose>
		<truncated>0</truncated>
		<difficult>0</difficult>
		<occluded>0</occluded>
		<bndbox>
			<xmin>325</xmin>
			<xmax>361</xmax>
			<ymin>149</ymin>
			<ymax>241</ymax>
		</bndbox>
	</object>
</annotation>
