<annotation>
	<folder></folder>
	<filename>0000000932-1-Image_jpeg.rf.cbd316a733d348c8f0a6095e4024bad7.jpg</filename>
	<path>0000000932-1-Image_jpeg.rf.cbd316a733d348c8f0a6095e4024bad7.jpg</path>
	<source>
		<database>roboflow.ai</database>
	</source>
	<size>
		<width>600</width>
		<height>600</height>
		<depth>3</depth>
	</size>
	<segmented>0</segmented>
	<object>
		<name>0</name>
		<pose>Unspecified</pose>
		<truncated>0</truncated>
		<difficult>0</difficult>
		<occluded>0</occluded>
		<bndbox>
			<xmin>305</xmin>
			<xmax>310</xmax>
			<ymin>196</ymin>
			<ymax>220</ymax>
		</bndbox>
	</object>
	<object>
		<name>0</name>
		<pose>Unspecified</pose>
		<truncated>0</truncated>
		<difficult>0</difficult>
		<occluded>0</occluded>
		<bndbox>
			<xmin>307</xmin>
			<xmax>311</xmax>
			<ymin>37</ymin>
			<ymax>194</ymax>
		</bndbox>
	</object>
</annotation>
