<annotation>
	<folder></folder>
	<filename>0000000792-1-Image_jpeg.rf.24f30add139825798ec54f4153813f59.jpg</filename>
	<path>0000000792-1-Image_jpeg.rf.24f30add139825798ec54f4153813f59.jpg</path>
	<source>
		<database>roboflow.ai</database>
	</source>
	<size>
		<width>600</width>
		<height>600</height>
		<depth>3</depth>
	</size>
	<segmented>0</segmented>
	<object>
		<name>0</name>
		<pose>Unspecified</pose>
		<truncated>0</truncated>
		<difficult>0</difficult>
		<occluded>0</occluded>
		<bndbox>
			<xmin>252</xmin>
			<xmax>258</xmax>
			<ymin>389</ymin>
			<ymax>412</ymax>
		</bndbox>
	</object>
</annotation>
