<annotation>
	<folder></folder>
	<filename>0000001415-1-Image_jpeg.rf.e7f39cbce1f0f32b89ef52d93bc13b9e.jpg</filename>
	<path>0000001415-1-Image_jpeg.rf.e7f39cbce1f0f32b89ef52d93bc13b9e.jpg</path>
	<source>
		<database>roboflow.ai</database>
	</source>
	<size>
		<width>600</width>
		<height>600</height>
		<depth>3</depth>
	</size>
	<segmented>0</segmented>
	<object>
		<name>0</name>
		<pose>Unspecified</pose>
		<truncated>0</truncated>
		<difficult>0</difficult>
		<occluded>0</occluded>
		<bndbox>
			<xmin>318</xmin>
			<xmax>323</xmax>
			<ymin>277</ymin>
			<ymax>299</ymax>
		</bndbox>
	</object>
	<object>
		<name>0</name>
		<pose>Unspecified</pose>
		<truncated>0</truncated>
		<difficult>0</difficult>
		<occluded>0</occluded>
		<bndbox>
			<xmin>320</xmin>
			<xmax>324</xmax>
			<ymin>108</ymin>
			<ymax>275</ymax>
		</bndbox>
	</object>
</annotation>
