<annotation>
	<folder></folder>
	<filename>0000001408-1-Image_jpeg.rf.0583ca965fac135be43a4c1b27624235.jpg</filename>
	<path>0000001408-1-Image_jpeg.rf.0583ca965fac135be43a4c1b27624235.jpg</path>
	<source>
		<database>roboflow.ai</database>
	</source>
	<size>
		<width>600</width>
		<height>600</height>
		<depth>3</depth>
	</size>
	<segmented>0</segmented>
	<object>
		<name>0</name>
		<pose>Unspecified</pose>
		<truncated>0</truncated>
		<difficult>0</difficult>
		<occluded>0</occluded>
		<bndbox>
			<xmin>331</xmin>
			<xmax>337</xmax>
			<ymin>292</ymin>
			<ymax>316</ymax>
		</bndbox>
	</object>
	<object>
		<name>0</name>
		<pose>Unspecified</pose>
		<truncated>0</truncated>
		<difficult>0</difficult>
		<occluded>0</occluded>
		<bndbox>
			<xmin>301</xmin>
			<xmax>333</xmax>
			<ymin>121</ymin>
			<ymax>290</ymax>
		</bndbox>
	</object>
</annotation>
