<annotation>
	<folder></folder>
	<filename>0000000184-1-Image_jpeg.rf.00fb865b818085be9d48c21e6ad48333.jpg</filename>
	<path>0000000184-1-Image_jpeg.rf.00fb865b818085be9d48c21e6ad48333.jpg</path>
	<source>
		<database>roboflow.ai</database>
	</source>
	<size>
		<width>600</width>
		<height>600</height>
		<depth>3</depth>
	</size>
	<segmented>0</segmented>
	<object>
		<name>0</name>
		<pose>Unspecified</pose>
		<truncated>0</truncated>
		<difficult>0</difficult>
		<occluded>0</occluded>
		<bndbox>
			<xmin>292</xmin>
			<xmax>297</xmax>
			<ymin>325</ymin>
			<ymax>348</ymax>
		</bndbox>
	</object>
</annotation>
