<annotation>
	<folder></folder>
	<filename>0000000907-1-Image_jpeg.rf.fbba0caf8fb4b053dbd6592465177729.jpg</filename>
	<path>0000000907-1-Image_jpeg.rf.fbba0caf8fb4b053dbd6592465177729.jpg</path>
	<source>
		<database>roboflow.ai</database>
	</source>
	<size>
		<width>600</width>
		<height>600</height>
		<depth>3</depth>
	</size>
	<segmented>0</segmented>
	<object>
		<name>0</name>
		<pose>Unspecified</pose>
		<truncated>0</truncated>
		<difficult>0</difficult>
		<occluded>0</occluded>
		<bndbox>
			<xmin>329</xmin>
			<xmax>335</xmax>
			<ymin>288</ymin>
			<ymax>312</ymax>
		</bndbox>
	</object>
	<object>
		<name>0</name>
		<pose>Unspecified</pose>
		<truncated>0</truncated>
		<difficult>0</difficult>
		<occluded>0</occluded>
		<bndbox>
			<xmin>335</xmin>
			<xmax>339</xmax>
			<ymin>243</ymin>
			<ymax>288</ymax>
		</bndbox>
	</object>
</annotation>
