<annotation>
	<folder></folder>
	<filename>0000000020-1-Image_jpeg.rf.2964c9ed47860b281c60be1c0da931f6.jpg</filename>
	<path>0000000020-1-Image_jpeg.rf.2964c9ed47860b281c60be1c0da931f6.jpg</path>
	<source>
		<database>roboflow.ai</database>
	</source>
	<size>
		<width>600</width>
		<height>600</height>
		<depth>3</depth>
	</size>
	<segmented>0</segmented>
	<object>
		<name>0</name>
		<pose>Unspecified</pose>
		<truncated>0</truncated>
		<difficult>0</difficult>
		<occluded>0</occluded>
		<bndbox>
			<xmin>230</xmin>
			<xmax>237</xmax>
			<ymin>282</ymin>
			<ymax>305</ymax>
		</bndbox>
	</object>
	<object>
		<name>0</name>
		<pose>Unspecified</pose>
		<truncated>0</truncated>
		<difficult>0</difficult>
		<occluded>0</occluded>
		<bndbox>
			<xmin>234</xmin>
			<xmax>279</xmax>
			<ymin>110</ymin>
			<ymax>271</ymax>
		</bndbox>
	</object>
</annotation>
