<annotation>
	<folder></folder>
	<filename>0000000282-1-Image_jpeg.rf.e9a28c90829245151f101a8b1f5d0f91.jpg</filename>
	<path>0000000282-1-Image_jpeg.rf.e9a28c90829245151f101a8b1f5d0f91.jpg</path>
	<source>
		<database>roboflow.ai</database>
	</source>
	<size>
		<width>600</width>
		<height>600</height>
		<depth>3</depth>
	</size>
	<segmented>0</segmented>
	<object>
		<name>0</name>
		<pose>Unspecified</pose>
		<truncated>0</truncated>
		<difficult>0</difficult>
		<occluded>0</occluded>
		<bndbox>
			<xmin>310</xmin>
			<xmax>316</xmax>
			<ymin>241</ymin>
			<ymax>265</ymax>
		</bndbox>
	</object>
	<object>
		<name>0</name>
		<pose>Unspecified</pose>
		<truncated>0</truncated>
		<difficult>0</difficult>
		<occluded>0</occluded>
		<bndbox>
			<xmin>292</xmin>
			<xmax>314</xmax>
			<ymin>102</ymin>
			<ymax>239</ymax>
		</bndbox>
	</object>
</annotation>
