<annotation>
	<folder></folder>
	<filename>0000001258-1-Image_jpeg.rf.191ad256773139174f246c38a6c79983.jpg</filename>
	<path>0000001258-1-Image_jpeg.rf.191ad256773139174f246c38a6c79983.jpg</path>
	<source>
		<database>roboflow.ai</database>
	</source>
	<size>
		<width>600</width>
		<height>600</height>
		<depth>3</depth>
	</size>
	<segmented>0</segmented>
	<object>
		<name>0</name>
		<pose>Unspecified</pose>
		<truncated>0</truncated>
		<difficult>0</difficult>
		<occluded>0</occluded>
		<bndbox>
			<xmin>337</xmin>
			<xmax>342</xmax>
			<ymin>265</ymin>
			<ymax>286</ymax>
		</bndbox>
	</object>
	<object>
		<name>0</name>
		<pose>Unspecified</pose>
		<truncated>0</truncated>
		<difficult>0</difficult>
		<occluded>0</occluded>
		<bndbox>
			<xmin>343</xmin>
			<xmax>384</xmax>
			<ymin>93</ymin>
			<ymax>263</ymax>
		</bndbox>
	</object>
</annotation>
