<annotation>
	<folder></folder>
	<filename>0000001402-1-Image_jpeg.rf.b9abdb2b4662068610fb6070b3bc9855.jpg</filename>
	<path>0000001402-1-Image_jpeg.rf.b9abdb2b4662068610fb6070b3bc9855.jpg</path>
	<source>
		<database>roboflow.ai</database>
	</source>
	<size>
		<width>600</width>
		<height>600</height>
		<depth>3</depth>
	</size>
	<segmented>0</segmented>
	<object>
		<name>0</name>
		<pose>Unspecified</pose>
		<truncated>0</truncated>
		<difficult>0</difficult>
		<occluded>0</occluded>
		<bndbox>
			<xmin>145</xmin>
			<xmax>151</xmax>
			<ymin>284</ymin>
			<ymax>307</ymax>
		</bndbox>
	</object>
</annotation>
