<annotation>
	<folder></folder>
	<filename>0000000579-1-Image_jpeg.rf.aa31ef139776564966cb5dc835496189.jpg</filename>
	<path>0000000579-1-Image_jpeg.rf.aa31ef139776564966cb5dc835496189.jpg</path>
	<source>
		<database>roboflow.ai</database>
	</source>
	<size>
		<width>600</width>
		<height>600</height>
		<depth>3</depth>
	</size>
	<segmented>0</segmented>
	<object>
		<name>0</name>
		<pose>Unspecified</pose>
		<truncated>0</truncated>
		<difficult>0</difficult>
		<occluded>0</occluded>
		<bndbox>
			<xmin>303</xmin>
			<xmax>308</xmax>
			<ymin>284</ymin>
			<ymax>307</ymax>
		</bndbox>
	</object>
	<object>
		<name>0</name>
		<pose>Unspecified</pose>
		<truncated>0</truncated>
		<difficult>0</difficult>
		<occluded>0</occluded>
		<bndbox>
			<xmin>294</xmin>
			<xmax>307</xmax>
			<ymin>106</ymin>
			<ymax>282</ymax>
		</bndbox>
	</object>
</annotation>
