<annotation>
	<folder></folder>
	<filename>0000000804-1-Image_jpeg.rf.95590bb2c9dc849e20d6ddebd7c4f74a.jpg</filename>
	<path>0000000804-1-Image_jpeg.rf.95590bb2c9dc849e20d6ddebd7c4f74a.jpg</path>
	<source>
		<database>roboflow.ai</database>
	</source>
	<size>
		<width>600</width>
		<height>600</height>
		<depth>3</depth>
	</size>
	<segmented>0</segmented>
	<object>
		<name>0</name>
		<pose>Unspecified</pose>
		<truncated>0</truncated>
		<difficult>0</difficult>
		<occluded>0</occluded>
		<bndbox>
			<xmin>288</xmin>
			<xmax>293</xmax>
			<ymin>292</ymin>
			<ymax>316</ymax>
		</bndbox>
	</object>
	<object>
		<name>0</name>
		<pose>Unspecified</pose>
		<truncated>0</truncated>
		<difficult>0</difficult>
		<occluded>0</occluded>
		<bndbox>
			<xmin>290</xmin>
			<xmax>333</xmax>
			<ymin>123</ymin>
			<ymax>292</ymax>
		</bndbox>
	</object>
</annotation>
