<annotation>
	<folder></folder>
	<filename>0000001161-1-Image_jpeg.rf.580a0155547b2679a0e8b5d327d01273.jpg</filename>
	<path>0000001161-1-Image_jpeg.rf.580a0155547b2679a0e8b5d327d01273.jpg</path>
	<source>
		<database>roboflow.ai</database>
	</source>
	<size>
		<width>600</width>
		<height>600</height>
		<depth>3</depth>
	</size>
	<segmented>0</segmented>
	<object>
		<name>0</name>
		<pose>Unspecified</pose>
		<truncated>0</truncated>
		<difficult>0</difficult>
		<occluded>0</occluded>
		<bndbox>
			<xmin>316</xmin>
			<xmax>322</xmax>
			<ymin>316</ymin>
			<ymax>337</ymax>
		</bndbox>
	</object>
	<object>
		<name>0</name>
		<pose>Unspecified</pose>
		<truncated>0</truncated>
		<difficult>0</difficult>
		<occluded>0</occluded>
		<bndbox>
			<xmin>320</xmin>
			<xmax>329</xmax>
			<ymin>209</ymin>
			<ymax>312</ymax>
		</bndbox>
	</object>
</annotation>
