<annotation>
	<folder></folder>
	<filename>0000000741-1-Image_jpeg.rf.9ea24e790e4c34193d648a817a60a6a8.jpg</filename>
	<path>0000000741-1-Image_jpeg.rf.9ea24e790e4c34193d648a817a60a6a8.jpg</path>
	<source>
		<database>roboflow.ai</database>
	</source>
	<size>
		<width>600</width>
		<height>600</height>
		<depth>3</depth>
	</size>
	<segmented>0</segmented>
	<object>
		<name>0</name>
		<pose>Unspecified</pose>
		<truncated>0</truncated>
		<difficult>0</difficult>
		<occluded>0</occluded>
		<bndbox>
			<xmin>271</xmin>
			<xmax>279</xmax>
			<ymin>263</ymin>
			<ymax>288</ymax>
		</bndbox>
	</object>
	<object>
		<name>0</name>
		<pose>Unspecified</pose>
		<truncated>0</truncated>
		<difficult>0</difficult>
		<occluded>0</occluded>
		<bndbox>
			<xmin>275</xmin>
			<xmax>301</xmax>
			<ymin>87</ymin>
			<ymax>254</ymax>
		</bndbox>
	</object>
</annotation>
