<annotation>
	<folder></folder>
	<filename>0000001383-1-Image_jpeg.rf.3ccb3e45eb548d6273a62fd9699191a5.jpg</filename>
	<path>0000001383-1-Image_jpeg.rf.3ccb3e45eb548d6273a62fd9699191a5.jpg</path>
	<source>
		<database>roboflow.ai</database>
	</source>
	<size>
		<width>600</width>
		<height>600</height>
		<depth>3</depth>
	</size>
	<segmented>0</segmented>
	<object>
		<name>0</name>
		<pose>Unspecified</pose>
		<truncated>0</truncated>
		<difficult>0</difficult>
		<occluded>0</occluded>
		<bndbox>
			<xmin>271</xmin>
			<xmax>279</xmax>
			<ymin>307</ymin>
			<ymax>329</ymax>
		</bndbox>
	</object>
	<object>
		<name>0</name>
		<pose>Unspecified</pose>
		<truncated>0</truncated>
		<difficult>0</difficult>
		<occluded>0</occluded>
		<bndbox>
			<xmin>273</xmin>
			<xmax>277</xmax>
			<ymin>147</ymin>
			<ymax>305</ymax>
		</bndbox>
	</object>
</annotation>
