<annotation>
	<folder></folder>
	<filename>0000000418-1-Image_jpeg.rf.f99f200b0eb22031af9d96ae3b97e1c1.jpg</filename>
	<path>0000000418-1-Image_jpeg.rf.f99f200b0eb22031af9d96ae3b97e1c1.jpg</path>
	<source>
		<database>roboflow.ai</database>
	</source>
	<size>
		<width>600</width>
		<height>600</height>
		<depth>3</depth>
	</size>
	<segmented>0</segmented>
	<object>
		<name>0</name>
		<pose>Unspecified</pose>
		<truncated>0</truncated>
		<difficult>0</difficult>
		<occluded>0</occluded>
		<bndbox>
			<xmin>310</xmin>
			<xmax>316</xmax>
			<ymin>303</ymin>
			<ymax>327</ymax>
		</bndbox>
	</object>
	<object>
		<name>0</name>
		<pose>Unspecified</pose>
		<truncated>0</truncated>
		<difficult>0</difficult>
		<occluded>0</occluded>
		<bndbox>
			<xmin>288</xmin>
			<xmax>312</xmax>
			<ymin>131</ymin>
			<ymax>266</ymax>
		</bndbox>
	</object>
</annotation>
