<annotation>
	<folder></folder>
	<filename>0000000752-1-Image_jpeg.rf.b2a89c72de1a20f5caa8f7bf3fb83aac.jpg</filename>
	<path>0000000752-1-Image_jpeg.rf.b2a89c72de1a20f5caa8f7bf3fb83aac.jpg</path>
	<source>
		<database>roboflow.ai</database>
	</source>
	<size>
		<width>600</width>
		<height>600</height>
		<depth>3</depth>
	</size>
	<segmented>0</segmented>
	<object>
		<name>0</name>
		<pose>Unspecified</pose>
		<truncated>0</truncated>
		<difficult>0</difficult>
		<occluded>0</occluded>
		<bndbox>
			<xmin>310</xmin>
			<xmax>316</xmax>
			<ymin>292</ymin>
			<ymax>316</ymax>
		</bndbox>
	</object>
	<object>
		<name>0</name>
		<pose>Unspecified</pose>
		<truncated>0</truncated>
		<difficult>0</difficult>
		<occluded>0</occluded>
		<bndbox>
			<xmin>312</xmin>
			<xmax>337</xmax>
			<ymin>115</ymin>
			<ymax>290</ymax>
		</bndbox>
	</object>
</annotation>
