<annotation>
	<folder></folder>
	<filename>0000000506-1-Image_jpeg.rf.61b002e74fbf516d6638c2b835702923.jpg</filename>
	<path>0000000506-1-Image_jpeg.rf.61b002e74fbf516d6638c2b835702923.jpg</path>
	<source>
		<database>roboflow.ai</database>
	</source>
	<size>
		<width>600</width>
		<height>600</height>
		<depth>3</depth>
	</size>
	<segmented>0</segmented>
	<object>
		<name>0</name>
		<pose>Unspecified</pose>
		<truncated>0</truncated>
		<difficult>0</difficult>
		<occluded>0</occluded>
		<bndbox>
			<xmin>303</xmin>
			<xmax>308</xmax>
			<ymin>264</ymin>
			<ymax>286</ymax>
		</bndbox>
	</object>
	<object>
		<name>0</name>
		<pose>Unspecified</pose>
		<truncated>0</truncated>
		<difficult>0</difficult>
		<occluded>0</occluded>
		<bndbox>
			<xmin>303</xmin>
			<xmax>316</xmax>
			<ymin>86</ymin>
			<ymax>262</ymax>
		</bndbox>
	</object>
</annotation>
