<annotation>
	<folder></folder>
	<filename>0000000874-1-Image_jpeg.rf.cd1197a1e951d418052967d5755b6b2e.jpg</filename>
	<path>0000000874-1-Image_jpeg.rf.cd1197a1e951d418052967d5755b6b2e.jpg</path>
	<source>
		<database>roboflow.ai</database>
	</source>
	<size>
		<width>600</width>
		<height>600</height>
		<depth>3</depth>
	</size>
	<segmented>0</segmented>
	<object>
		<name>0</name>
		<pose>Unspecified</pose>
		<truncated>0</truncated>
		<difficult>0</difficult>
		<occluded>0</occluded>
		<bndbox>
			<xmin>280</xmin>
			<xmax>286</xmax>
			<ymin>183</ymin>
			<ymax>207</ymax>
		</bndbox>
	</object>
	<object>
		<name>0</name>
		<pose>Unspecified</pose>
		<truncated>0</truncated>
		<difficult>0</difficult>
		<occluded>0</occluded>
		<bndbox>
			<xmin>241</xmin>
			<xmax>284</xmax>
			<ymin>12</ymin>
			<ymax>181</ymax>
		</bndbox>
	</object>
</annotation>
