<annotation>
	<folder></folder>
	<filename>0000000053-1-Image_jpeg.rf.87841fe8666988a92d53e9ecedfd0baa.jpg</filename>
	<path>0000000053-1-Image_jpeg.rf.87841fe8666988a92d53e9ecedfd0baa.jpg</path>
	<source>
		<database>roboflow.ai</database>
	</source>
	<size>
		<width>600</width>
		<height>600</height>
		<depth>3</depth>
	</size>
	<segmented>0</segmented>
	<object>
		<name>0</name>
		<pose>Unspecified</pose>
		<truncated>0</truncated>
		<difficult>0</difficult>
		<occluded>0</occluded>
		<bndbox>
			<xmin>365</xmin>
			<xmax>370</xmax>
			<ymin>335</ymin>
			<ymax>357</ymax>
		</bndbox>
	</object>
	<object>
		<name>0</name>
		<pose>Unspecified</pose>
		<truncated>0</truncated>
		<difficult>0</difficult>
		<occluded>0</occluded>
		<bndbox>
			<xmin>357</xmin>
			<xmax>363</xmax>
			<ymin>155</ymin>
			<ymax>183</ymax>
		</bndbox>
	</object>
</annotation>
