<annotation>
	<folder></folder>
	<filename>0000000622-1-Image_jpeg.rf.b71accac24e643021d26fd74b03a3236.jpg</filename>
	<path>0000000622-1-Image_jpeg.rf.b71accac24e643021d26fd74b03a3236.jpg</path>
	<source>
		<database>roboflow.ai</database>
	</source>
	<size>
		<width>600</width>
		<height>600</height>
		<depth>3</depth>
	</size>
	<segmented>0</segmented>
	<object>
		<name>0</name>
		<pose>Unspecified</pose>
		<truncated>0</truncated>
		<difficult>0</difficult>
		<occluded>0</occluded>
		<bndbox>
			<xmin>305</xmin>
			<xmax>310</xmax>
			<ymin>254</ymin>
			<ymax>277</ymax>
		</bndbox>
	</object>
	<object>
		<name>0</name>
		<pose>Unspecified</pose>
		<truncated>0</truncated>
		<difficult>0</difficult>
		<occluded>0</occluded>
		<bndbox>
			<xmin>266</xmin>
			<xmax>307</xmax>
			<ymin>86</ymin>
			<ymax>253</ymax>
		</bndbox>
	</object>
</annotation>
