<annotation>
	<folder></folder>
	<filename>0000000704-1-Image_jpeg.rf.e0e62b8b9158eaa89357388212cc7e9c.jpg</filename>
	<path>0000000704-1-Image_jpeg.rf.e0e62b8b9158eaa89357388212cc7e9c.jpg</path>
	<source>
		<database>roboflow.ai</database>
	</source>
	<size>
		<width>600</width>
		<height>600</height>
		<depth>3</depth>
	</size>
	<segmented>0</segmented>
	<object>
		<name>0</name>
		<pose>Unspecified</pose>
		<truncated>0</truncated>
		<difficult>0</difficult>
		<occluded>0</occluded>
		<bndbox>
			<xmin>365</xmin>
			<xmax>370</xmax>
			<ymin>314</ymin>
			<ymax>339</ymax>
		</bndbox>
	</object>
	<object>
		<name>0</name>
		<pose>Unspecified</pose>
		<truncated>0</truncated>
		<difficult>0</difficult>
		<occluded>0</occluded>
		<bndbox>
			<xmin>367</xmin>
			<xmax>369</xmax>
			<ymin>296</ymin>
			<ymax>313</ymax>
		</bndbox>
	</object>
</annotation>
