<annotation>
	<folder></folder>
	<filename>0000000057-1-Image_jpeg.rf.ba28a0eeb6258fc5de17882ea49dd5c7.jpg</filename>
	<path>0000000057-1-Image_jpeg.rf.ba28a0eeb6258fc5de17882ea49dd5c7.jpg</path>
	<source>
		<database>roboflow.ai</database>
	</source>
	<size>
		<width>600</width>
		<height>600</height>
		<depth>3</depth>
	</size>
	<segmented>0</segmented>
	<object>
		<name>0</name>
		<pose>Unspecified</pose>
		<truncated>0</truncated>
		<difficult>0</difficult>
		<occluded>0</occluded>
		<bndbox>
			<xmin>284</xmin>
			<xmax>290</xmax>
			<ymin>232</ymin>
			<ymax>254</ymax>
		</bndbox>
	</object>
	<object>
		<name>0</name>
		<pose>Unspecified</pose>
		<truncated>0</truncated>
		<difficult>0</difficult>
		<occluded>0</occluded>
		<bndbox>
			<xmin>286</xmin>
			<xmax>303</xmax>
			<ymin>54</ymin>
			<ymax>221</ymax>
		</bndbox>
	</object>
</annotation>
