<annotation>
	<folder></folder>
	<filename>0000000860-1-Image_jpeg.rf.0eac8a820385c10b5e04a2fc347f7b53.jpg</filename>
	<path>0000000860-1-Image_jpeg.rf.0eac8a820385c10b5e04a2fc347f7b53.jpg</path>
	<source>
		<database>roboflow.ai</database>
	</source>
	<size>
		<width>600</width>
		<height>600</height>
		<depth>3</depth>
	</size>
	<segmented>0</segmented>
	<object>
		<name>0</name>
		<pose>Unspecified</pose>
		<truncated>0</truncated>
		<difficult>0</difficult>
		<occluded>0</occluded>
		<bndbox>
			<xmin>331</xmin>
			<xmax>337</xmax>
			<ymin>314</ymin>
			<ymax>335</ymax>
		</bndbox>
	</object>
	<object>
		<name>0</name>
		<pose>Unspecified</pose>
		<truncated>0</truncated>
		<difficult>0</difficult>
		<occluded>0</occluded>
		<bndbox>
			<xmin>324</xmin>
			<xmax>335</xmax>
			<ymin>138</ymin>
			<ymax>286</ymax>
		</bndbox>
	</object>
</annotation>
