<annotation>
	<folder></folder>
	<filename>0000000093-1-Image_jpeg.rf.ed748e622a5272c4177e85fd9c2ef164.jpg</filename>
	<path>0000000093-1-Image_jpeg.rf.ed748e622a5272c4177e85fd9c2ef164.jpg</path>
	<source>
		<database>roboflow.ai</database>
	</source>
	<size>
		<width>600</width>
		<height>600</height>
		<depth>3</depth>
	</size>
	<segmented>0</segmented>
	<object>
		<name>0</name>
		<pose>Unspecified</pose>
		<truncated>0</truncated>
		<difficult>0</difficult>
		<occluded>0</occluded>
		<bndbox>
			<xmin>295</xmin>
			<xmax>301</xmax>
			<ymin>286</ymin>
			<ymax>308</ymax>
		</bndbox>
	</object>
	<object>
		<name>0</name>
		<pose>Unspecified</pose>
		<truncated>0</truncated>
		<difficult>0</difficult>
		<occluded>0</occluded>
		<bndbox>
			<xmin>297</xmin>
			<xmax>337</xmax>
			<ymin>117</ymin>
			<ymax>284</ymax>
		</bndbox>
	</object>
</annotation>
