<annotation>
	<folder></folder>
	<filename>0000000330-1-Image_jpeg.rf.6277558692460b6c1ac160913d47f28b.jpg</filename>
	<path>0000000330-1-Image_jpeg.rf.6277558692460b6c1ac160913d47f28b.jpg</path>
	<source>
		<database>roboflow.ai</database>
	</source>
	<size>
		<width>600</width>
		<height>600</height>
		<depth>3</depth>
	</size>
	<segmented>0</segmented>
	<object>
		<name>0</name>
		<pose>Unspecified</pose>
		<truncated>0</truncated>
		<difficult>0</difficult>
		<occluded>0</occluded>
		<bndbox>
			<xmin>284</xmin>
			<xmax>290</xmax>
			<ymin>301</ymin>
			<ymax>325</ymax>
		</bndbox>
	</object>
	<object>
		<name>0</name>
		<pose>Unspecified</pose>
		<truncated>0</truncated>
		<difficult>0</difficult>
		<occluded>0</occluded>
		<bndbox>
			<xmin>290</xmin>
			<xmax>329</xmax>
			<ymin>130</ymin>
			<ymax>273</ymax>
		</bndbox>
	</object>
</annotation>
