<annotation>
	<folder></folder>
	<filename>0000001374-1-Image_jpeg.rf.4883987a0b6dafc24df854c62c739d62.jpg</filename>
	<path>0000001374-1-Image_jpeg.rf.4883987a0b6dafc24df854c62c739d62.jpg</path>
	<source>
		<database>roboflow.ai</database>
	</source>
	<size>
		<width>600</width>
		<height>600</height>
		<depth>3</depth>
	</size>
	<segmented>0</segmented>
	<object>
		<name>0</name>
		<pose>Unspecified</pose>
		<truncated>0</truncated>
		<difficult>0</difficult>
		<occluded>0</occluded>
		<bndbox>
			<xmin>243</xmin>
			<xmax>248</xmax>
			<ymin>280</ymin>
			<ymax>303</ymax>
		</bndbox>
	</object>
	<object>
		<name>0</name>
		<pose>Unspecified</pose>
		<truncated>0</truncated>
		<difficult>0</difficult>
		<occluded>0</occluded>
		<bndbox>
			<xmin>252</xmin>
			<xmax>271</xmax>
			<ymin>140</ymin>
			<ymax>217</ymax>
		</bndbox>
	</object>
</annotation>
