<annotation>
	<folder></folder>
	<filename>0000001375-1-Image_jpeg.rf.cab2a022c4330df978c90e5c53eb03a8.jpg</filename>
	<path>0000001375-1-Image_jpeg.rf.cab2a022c4330df978c90e5c53eb03a8.jpg</path>
	<source>
		<database>roboflow.ai</database>
	</source>
	<size>
		<width>600</width>
		<height>600</height>
		<depth>3</depth>
	</size>
	<segmented>0</segmented>
	<object>
		<name>0</name>
		<pose>Unspecified</pose>
		<truncated>0</truncated>
		<difficult>0</difficult>
		<occluded>0</occluded>
		<bndbox>
			<xmin>295</xmin>
			<xmax>301</xmax>
			<ymin>277</ymin>
			<ymax>301</ymax>
		</bndbox>
	</object>
	<object>
		<name>0</name>
		<pose>Unspecified</pose>
		<truncated>0</truncated>
		<difficult>0</difficult>
		<occluded>0</occluded>
		<bndbox>
			<xmin>292</xmin>
			<xmax>301</xmax>
			<ymin>100</ymin>
			<ymax>275</ymax>
		</bndbox>
	</object>
</annotation>
