<annotation>
	<folder></folder>
	<filename>0000000653-1-Image_jpeg.rf.a356da464e6df557eb2839ac8e59fab0.jpg</filename>
	<path>0000000653-1-Image_jpeg.rf.a356da464e6df557eb2839ac8e59fab0.jpg</path>
	<source>
		<database>roboflow.ai</database>
	</source>
	<size>
		<width>600</width>
		<height>600</height>
		<depth>3</depth>
	</size>
	<segmented>0</segmented>
	<object>
		<name>0</name>
		<pose>Unspecified</pose>
		<truncated>0</truncated>
		<difficult>0</difficult>
		<occluded>0</occluded>
		<bndbox>
			<xmin>301</xmin>
			<xmax>307</xmax>
			<ymin>277</ymin>
			<ymax>299</ymax>
		</bndbox>
	</object>
	<object>
		<name>0</name>
		<pose>Unspecified</pose>
		<truncated>0</truncated>
		<difficult>0</difficult>
		<occluded>0</occluded>
		<bndbox>
			<xmin>299</xmin>
			<xmax>305</xmax>
			<ymin>110</ymin>
			<ymax>267</ymax>
		</bndbox>
	</object>
</annotation>
