<annotation>
	<folder></folder>
	<filename>0000001133-1-Image_jpeg.rf.832ac2570f4207a49bac79f409f50daa.jpg</filename>
	<path>0000001133-1-Image_jpeg.rf.832ac2570f4207a49bac79f409f50daa.jpg</path>
	<source>
		<database>roboflow.ai</database>
	</source>
	<size>
		<width>600</width>
		<height>600</height>
		<depth>3</depth>
	</size>
	<segmented>0</segmented>
	<object>
		<name>0</name>
		<pose>Unspecified</pose>
		<truncated>0</truncated>
		<difficult>0</difficult>
		<occluded>0</occluded>
		<bndbox>
			<xmin>370</xmin>
			<xmax>376</xmax>
			<ymin>280</ymin>
			<ymax>301</ymax>
		</bndbox>
	</object>
	<object>
		<name>0</name>
		<pose>Unspecified</pose>
		<truncated>0</truncated>
		<difficult>0</difficult>
		<occluded>0</occluded>
		<bndbox>
			<xmin>335</xmin>
			<xmax>372</xmax>
			<ymin>119</ymin>
			<ymax>262</ymax>
		</bndbox>
	</object>
</annotation>
