<annotation>
	<folder></folder>
	<filename>0000000632-1-Image_jpeg.rf.940e1e7f411f2ccd25e58a2873cb004e.jpg</filename>
	<path>0000000632-1-Image_jpeg.rf.940e1e7f411f2ccd25e58a2873cb004e.jpg</path>
	<source>
		<database>roboflow.ai</database>
	</source>
	<size>
		<width>600</width>
		<height>600</height>
		<depth>3</depth>
	</size>
	<segmented>0</segmented>
	<object>
		<name>0</name>
		<pose>Unspecified</pose>
		<truncated>0</truncated>
		<difficult>0</difficult>
		<occluded>0</occluded>
		<bndbox>
			<xmin>284</xmin>
			<xmax>290</xmax>
			<ymin>243</ymin>
			<ymax>267</ymax>
		</bndbox>
	</object>
	<object>
		<name>0</name>
		<pose>Unspecified</pose>
		<truncated>0</truncated>
		<difficult>0</difficult>
		<occluded>0</occluded>
		<bndbox>
			<xmin>256</xmin>
			<xmax>288</xmax>
			<ymin>70</ymin>
			<ymax>241</ymax>
		</bndbox>
	</object>
</annotation>
