<annotation>
	<folder></folder>
	<filename>0000001426-1-Image_jpeg.rf.df2b1d73e701472d5d84f0208aae0afc.jpg</filename>
	<path>0000001426-1-Image_jpeg.rf.df2b1d73e701472d5d84f0208aae0afc.jpg</path>
	<source>
		<database>roboflow.ai</database>
	</source>
	<size>
		<width>600</width>
		<height>600</height>
		<depth>3</depth>
	</size>
	<segmented>0</segmented>
	<object>
		<name>0</name>
		<pose>Unspecified</pose>
		<truncated>0</truncated>
		<difficult>0</difficult>
		<occluded>0</occluded>
		<bndbox>
			<xmin>307</xmin>
			<xmax>312</xmax>
			<ymin>316</ymin>
			<ymax>338</ymax>
		</bndbox>
	</object>
	<object>
		<name>0</name>
		<pose>Unspecified</pose>
		<truncated>0</truncated>
		<difficult>0</difficult>
		<occluded>0</occluded>
		<bndbox>
			<xmin>309</xmin>
			<xmax>328</xmax>
			<ymin>183</ymin>
			<ymax>314</ymax>
		</bndbox>
	</object>
</annotation>
