<annotation>
	<folder></folder>
	<filename>0000000175-1-Image_jpeg.rf.fc8a5a565280177cb1878e69786ddcfc.jpg</filename>
	<path>0000000175-1-Image_jpeg.rf.fc8a5a565280177cb1878e69786ddcfc.jpg</path>
	<source>
		<database>roboflow.ai</database>
	</source>
	<size>
		<width>600</width>
		<height>600</height>
		<depth>3</depth>
	</size>
	<segmented>0</segmented>
	<object>
		<name>0</name>
		<pose>Unspecified</pose>
		<truncated>0</truncated>
		<difficult>0</difficult>
		<occluded>0</occluded>
		<bndbox>
			<xmin>301</xmin>
			<xmax>307</xmax>
			<ymin>293</ymin>
			<ymax>318</ymax>
		</bndbox>
	</object>
	<object>
		<name>0</name>
		<pose>Unspecified</pose>
		<truncated>0</truncated>
		<difficult>0</difficult>
		<occluded>0</occluded>
		<bndbox>
			<xmin>305</xmin>
			<xmax>346</xmax>
			<ymin>125</ymin>
			<ymax>292</ymax>
		</bndbox>
	</object>
</annotation>
