<annotation>
	<folder></folder>
	<filename>0000000833-1-Image_jpeg.rf.9911e32b30e509516c7a8ec7df1fd722.jpg</filename>
	<path>0000000833-1-Image_jpeg.rf.9911e32b30e509516c7a8ec7df1fd722.jpg</path>
	<source>
		<database>roboflow.ai</database>
	</source>
	<size>
		<width>600</width>
		<height>600</height>
		<depth>3</depth>
	</size>
	<segmented>0</segmented>
	<object>
		<name>0</name>
		<pose>Unspecified</pose>
		<truncated>0</truncated>
		<difficult>0</difficult>
		<occluded>0</occluded>
		<bndbox>
			<xmin>310</xmin>
			<xmax>316</xmax>
			<ymin>290</ymin>
			<ymax>312</ymax>
		</bndbox>
	</object>
	<object>
		<name>0</name>
		<pose>Unspecified</pose>
		<truncated>0</truncated>
		<difficult>0</difficult>
		<occluded>0</occluded>
		<bndbox>
			<xmin>312</xmin>
			<xmax>318</xmax>
			<ymin>123</ymin>
			<ymax>280</ymax>
		</bndbox>
	</object>
</annotation>
