<annotation>
	<folder></folder>
	<filename>0000000627-1-Image_jpeg.rf.846a86bc2d355fe7a13cd4464cf15e13.jpg</filename>
	<path>0000000627-1-Image_jpeg.rf.846a86bc2d355fe7a13cd4464cf15e13.jpg</path>
	<source>
		<database>roboflow.ai</database>
	</source>
	<size>
		<width>600</width>
		<height>600</height>
		<depth>3</depth>
	</size>
	<segmented>0</segmented>
	<object>
		<name>0</name>
		<pose>Unspecified</pose>
		<truncated>0</truncated>
		<difficult>0</difficult>
		<occluded>0</occluded>
		<bndbox>
			<xmin>299</xmin>
			<xmax>305</xmax>
			<ymin>284</ymin>
			<ymax>307</ymax>
		</bndbox>
	</object>
	<object>
		<name>0</name>
		<pose>Unspecified</pose>
		<truncated>0</truncated>
		<difficult>0</difficult>
		<occluded>0</occluded>
		<bndbox>
			<xmin>273</xmin>
			<xmax>301</xmax>
			<ymin>110</ymin>
			<ymax>282</ymax>
		</bndbox>
	</object>
</annotation>
