<annotation>
	<folder></folder>
	<filename>0000001231-1-Image_jpeg.rf.8dc2fdd12e82d1f3398ed80e7a7c91ea.jpg</filename>
	<path>0000001231-1-Image_jpeg.rf.8dc2fdd12e82d1f3398ed80e7a7c91ea.jpg</path>
	<source>
		<database>roboflow.ai</database>
	</source>
	<size>
		<width>600</width>
		<height>600</height>
		<depth>3</depth>
	</size>
	<segmented>0</segmented>
	<object>
		<name>0</name>
		<pose>Unspecified</pose>
		<truncated>0</truncated>
		<difficult>0</difficult>
		<occluded>0</occluded>
		<bndbox>
			<xmin>389</xmin>
			<xmax>395</xmax>
			<ymin>427</ymin>
			<ymax>447</ymax>
		</bndbox>
	</object>
	<object>
		<name>0</name>
		<pose>Unspecified</pose>
		<truncated>0</truncated>
		<difficult>0</difficult>
		<occluded>0</occluded>
		<bndbox>
			<xmin>402</xmin>
			<xmax>412</xmax>
			<ymin>293</ymin>
			<ymax>331</ymax>
		</bndbox>
	</object>
</annotation>
