<annotation>
	<folder></folder>
	<filename>0000001315-1-Image_jpeg.rf.5ef8cb1d0db864f5500dcf08f9e70843.jpg</filename>
	<path>0000001315-1-Image_jpeg.rf.5ef8cb1d0db864f5500dcf08f9e70843.jpg</path>
	<source>
		<database>roboflow.ai</database>
	</source>
	<size>
		<width>600</width>
		<height>600</height>
		<depth>3</depth>
	</size>
	<segmented>0</segmented>
	<object>
		<name>0</name>
		<pose>Unspecified</pose>
		<truncated>0</truncated>
		<difficult>0</difficult>
		<occluded>0</occluded>
		<bndbox>
			<xmin>301</xmin>
			<xmax>307</xmax>
			<ymin>275</ymin>
			<ymax>297</ymax>
		</bndbox>
	</object>
	<object>
		<name>0</name>
		<pose>Unspecified</pose>
		<truncated>0</truncated>
		<difficult>0</difficult>
		<occluded>0</occluded>
		<bndbox>
			<xmin>305</xmin>
			<xmax>348</xmax>
			<ymin>115</ymin>
			<ymax>273</ymax>
		</bndbox>
	</object>
</annotation>
