<annotation>
	<folder></folder>
	<filename>0000000880-1-Image_jpeg.rf.7ba323e2c290debed25f68cb6bc58e51.jpg</filename>
	<path>0000000880-1-Image_jpeg.rf.7ba323e2c290debed25f68cb6bc58e51.jpg</path>
	<source>
		<database>roboflow.ai</database>
	</source>
	<size>
		<width>600</width>
		<height>600</height>
		<depth>3</depth>
	</size>
	<segmented>0</segmented>
	<object>
		<name>0</name>
		<pose>Unspecified</pose>
		<truncated>0</truncated>
		<difficult>0</difficult>
		<occluded>0</occluded>
		<bndbox>
			<xmin>297</xmin>
			<xmax>303</xmax>
			<ymin>290</ymin>
			<ymax>312</ymax>
		</bndbox>
	</object>
	<object>
		<name>0</name>
		<pose>Unspecified</pose>
		<truncated>0</truncated>
		<difficult>0</difficult>
		<occluded>0</occluded>
		<bndbox>
			<xmin>252</xmin>
			<xmax>299</xmax>
			<ymin>123</ymin>
			<ymax>288</ymax>
		</bndbox>
	</object>
</annotation>
