<annotation>
	<folder></folder>
	<filename>0000001279-1-Image_jpeg.rf.53aba38de770209739f1ed4caaa7c151.jpg</filename>
	<path>0000001279-1-Image_jpeg.rf.53aba38de770209739f1ed4caaa7c151.jpg</path>
	<source>
		<database>roboflow.ai</database>
	</source>
	<size>
		<width>600</width>
		<height>600</height>
		<depth>3</depth>
	</size>
	<segmented>0</segmented>
	<object>
		<name>0</name>
		<pose>Unspecified</pose>
		<truncated>0</truncated>
		<difficult>0</difficult>
		<occluded>0</occluded>
		<bndbox>
			<xmin>235</xmin>
			<xmax>241</xmax>
			<ymin>254</ymin>
			<ymax>275</ymax>
		</bndbox>
	</object>
	<object>
		<name>0</name>
		<pose>Unspecified</pose>
		<truncated>0</truncated>
		<difficult>0</difficult>
		<occluded>0</occluded>
		<bndbox>
			<xmin>239</xmin>
			<xmax>288</xmax>
			<ymin>83</ymin>
			<ymax>243</ymax>
		</bndbox>
	</object>
</annotation>
