<annotation>
	<folder></folder>
	<filename>0000000495-1-Image_jpeg.rf.5d756cc6275f07d2bb3bff635a318953.jpg</filename>
	<path>0000000495-1-Image_jpeg.rf.5d756cc6275f07d2bb3bff635a318953.jpg</path>
	<source>
		<database>roboflow.ai</database>
	</source>
	<size>
		<width>600</width>
		<height>600</height>
		<depth>3</depth>
	</size>
	<segmented>0</segmented>
	<object>
		<name>0</name>
		<pose>Unspecified</pose>
		<truncated>0</truncated>
		<difficult>0</difficult>
		<occluded>0</occluded>
		<bndbox>
			<xmin>194</xmin>
			<xmax>200</xmax>
			<ymin>260</ymin>
			<ymax>284</ymax>
		</bndbox>
	</object>
	<object>
		<name>0</name>
		<pose>Unspecified</pose>
		<truncated>0</truncated>
		<difficult>0</difficult>
		<occluded>0</occluded>
		<bndbox>
			<xmin>196</xmin>
			<xmax>234</xmax>
			<ymin>89</ymin>
			<ymax>256</ymax>
		</bndbox>
	</object>
</annotation>
