<annotation>
	<folder></folder>
	<filename>0000000999-1-Image_jpeg.rf.90a4175f13f6c1221e3cefcd32f4d4eb.jpg</filename>
	<path>0000000999-1-Image_jpeg.rf.90a4175f13f6c1221e3cefcd32f4d4eb.jpg</path>
	<source>
		<database>roboflow.ai</database>
	</source>
	<size>
		<width>600</width>
		<height>600</height>
		<depth>3</depth>
	</size>
	<segmented>0</segmented>
	<object>
		<name>0</name>
		<pose>Unspecified</pose>
		<truncated>0</truncated>
		<difficult>0</difficult>
		<occluded>0</occluded>
		<bndbox>
			<xmin>303</xmin>
			<xmax>308</xmax>
			<ymin>301</ymin>
			<ymax>323</ymax>
		</bndbox>
	</object>
	<object>
		<name>0</name>
		<pose>Unspecified</pose>
		<truncated>0</truncated>
		<difficult>0</difficult>
		<occluded>0</occluded>
		<bndbox>
			<xmin>307</xmin>
			<xmax>348</xmax>
			<ymin>129</ymin>
			<ymax>298</ymax>
		</bndbox>
	</object>
</annotation>
