<annotation>
	<folder></folder>
	<filename>0000000200-1-Image_jpeg.rf.3495cc69694d3a0d62e620a79a305f22.jpg</filename>
	<path>0000000200-1-Image_jpeg.rf.3495cc69694d3a0d62e620a79a305f22.jpg</path>
	<source>
		<database>roboflow.ai</database>
	</source>
	<size>
		<width>600</width>
		<height>600</height>
		<depth>3</depth>
	</size>
	<segmented>0</segmented>
	<object>
		<name>0</name>
		<pose>Unspecified</pose>
		<truncated>0</truncated>
		<difficult>0</difficult>
		<occluded>0</occluded>
		<bndbox>
			<xmin>286</xmin>
			<xmax>292</xmax>
			<ymin>432</ymin>
			<ymax>455</ymax>
		</bndbox>
	</object>
</annotation>
