<annotation>
	<folder></folder>
	<filename>0000000917-1-Image_jpeg.rf.83af543c1a3769757839b1c598bed97d.jpg</filename>
	<path>0000000917-1-Image_jpeg.rf.83af543c1a3769757839b1c598bed97d.jpg</path>
	<source>
		<database>roboflow.ai</database>
	</source>
	<size>
		<width>600</width>
		<height>600</height>
		<depth>3</depth>
	</size>
	<segmented>0</segmented>
	<object>
		<name>0</name>
		<pose>Unspecified</pose>
		<truncated>0</truncated>
		<difficult>0</difficult>
		<occluded>0</occluded>
		<bndbox>
			<xmin>295</xmin>
			<xmax>301</xmax>
			<ymin>292</ymin>
			<ymax>316</ymax>
		</bndbox>
	</object>
	<object>
		<name>0</name>
		<pose>Unspecified</pose>
		<truncated>0</truncated>
		<difficult>0</difficult>
		<occluded>0</occluded>
		<bndbox>
			<xmin>299</xmin>
			<xmax>344</xmax>
			<ymin>121</ymin>
			<ymax>282</ymax>
		</bndbox>
	</object>
</annotation>
