<annotation>
	<folder></folder>
	<filename>0000000448-1-Image_jpeg.rf.7a95b08bc22f1b9c1cffc150e790c8d9.jpg</filename>
	<path>0000000448-1-Image_jpeg.rf.7a95b08bc22f1b9c1cffc150e790c8d9.jpg</path>
	<source>
		<database>roboflow.ai</database>
	</source>
	<size>
		<width>600</width>
		<height>600</height>
		<depth>3</depth>
	</size>
	<segmented>0</segmented>
	<object>
		<name>0</name>
		<pose>Unspecified</pose>
		<truncated>0</truncated>
		<difficult>0</difficult>
		<occluded>0</occluded>
		<bndbox>
			<xmin>254</xmin>
			<xmax>260</xmax>
			<ymin>160</ymin>
			<ymax>181</ymax>
		</bndbox>
	</object>
	<object>
		<name>0</name>
		<pose>Unspecified</pose>
		<truncated>0</truncated>
		<difficult>0</difficult>
		<occluded>0</occluded>
		<bndbox>
			<xmin>222</xmin>
			<xmax>258</xmax>
			<ymin>5</ymin>
			<ymax>157</ymax>
		</bndbox>
	</object>
</annotation>
