<annotation>
	<folder></folder>
	<filename>0000001024-1-Image_jpeg.rf.bc38788e4c3925360711efecf8444289.jpg</filename>
	<path>0000001024-1-Image_jpeg.rf.bc38788e4c3925360711efecf8444289.jpg</path>
	<source>
		<database>roboflow.ai</database>
	</source>
	<size>
		<width>600</width>
		<height>600</height>
		<depth>3</depth>
	</size>
	<segmented>0</segmented>
	<object>
		<name>0</name>
		<pose>Unspecified</pose>
		<truncated>0</truncated>
		<difficult>0</difficult>
		<occluded>0</occluded>
		<bndbox>
			<xmin>245</xmin>
			<xmax>250</xmax>
			<ymin>250</ymin>
			<ymax>275</ymax>
		</bndbox>
	</object>
	<object>
		<name>0</name>
		<pose>Unspecified</pose>
		<truncated>0</truncated>
		<difficult>0</difficult>
		<occluded>0</occluded>
		<bndbox>
			<xmin>247</xmin>
			<xmax>292</xmax>
			<ymin>80</ymin>
			<ymax>249</ymax>
		</bndbox>
	</object>
</annotation>
