<annotation>
	<folder></folder>
	<filename>0000001045-1-Image_jpeg.rf.c887e547e72421fe6235386a0ba01346.jpg</filename>
	<path>0000001045-1-Image_jpeg.rf.c887e547e72421fe6235386a0ba01346.jpg</path>
	<source>
		<database>roboflow.ai</database>
	</source>
	<size>
		<width>600</width>
		<height>600</height>
		<depth>3</depth>
	</size>
	<segmented>0</segmented>
	<object>
		<name>0</name>
		<pose>Unspecified</pose>
		<truncated>0</truncated>
		<difficult>0</difficult>
		<occluded>0</occluded>
		<bndbox>
			<xmin>301</xmin>
			<xmax>307</xmax>
			<ymin>310</ymin>
			<ymax>333</ymax>
		</bndbox>
	</object>
	<object>
		<name>0</name>
		<pose>Unspecified</pose>
		<truncated>0</truncated>
		<difficult>0</difficult>
		<occluded>0</occluded>
		<bndbox>
			<xmin>282</xmin>
			<xmax>305</xmax>
			<ymin>134</ymin>
			<ymax>309</ymax>
		</bndbox>
	</object>
</annotation>
