<annotation>
	<folder></folder>
	<filename>0000000556-1-Image_jpeg.rf.406993d0fde4570faf5e3c4a2654b264.jpg</filename>
	<path>0000000556-1-Image_jpeg.rf.406993d0fde4570faf5e3c4a2654b264.jpg</path>
	<source>
		<database>roboflow.ai</database>
	</source>
	<size>
		<width>600</width>
		<height>600</height>
		<depth>3</depth>
	</size>
	<segmented>0</segmented>
	<object>
		<name>0</name>
		<pose>Unspecified</pose>
		<truncated>0</truncated>
		<difficult>0</difficult>
		<occluded>0</occluded>
		<bndbox>
			<xmin>277</xmin>
			<xmax>282</xmax>
			<ymin>258</ymin>
			<ymax>280</ymax>
		</bndbox>
	</object>
	<object>
		<name>0</name>
		<pose>Unspecified</pose>
		<truncated>0</truncated>
		<difficult>0</difficult>
		<occluded>0</occluded>
		<bndbox>
			<xmin>238</xmin>
			<xmax>281</xmax>
			<ymin>87</ymin>
			<ymax>254</ymax>
		</bndbox>
	</object>
</annotation>
