<annotation>
	<folder></folder>
	<filename>0000001460-1-Image_jpeg.rf.cba06217de76c25c63943b8d6f0e7bb1.jpg</filename>
	<path>0000001460-1-Image_jpeg.rf.cba06217de76c25c63943b8d6f0e7bb1.jpg</path>
	<source>
		<database>roboflow.ai</database>
	</source>
	<size>
		<width>600</width>
		<height>600</height>
		<depth>3</depth>
	</size>
	<segmented>0</segmented>
	<object>
		<name>0</name>
		<pose>Unspecified</pose>
		<truncated>0</truncated>
		<difficult>0</difficult>
		<occluded>0</occluded>
		<bndbox>
			<xmin>297</xmin>
			<xmax>303</xmax>
			<ymin>350</ymin>
			<ymax>374</ymax>
		</bndbox>
	</object>
	<object>
		<name>0</name>
		<pose>Unspecified</pose>
		<truncated>0</truncated>
		<difficult>0</difficult>
		<occluded>0</occluded>
		<bndbox>
			<xmin>297</xmin>
			<xmax>301</xmax>
			<ymin>181</ymin>
			<ymax>295</ymax>
		</bndbox>
	</object>
</annotation>
