<annotation>
	<folder></folder>
	<filename>0000000141-1-Image_jpeg.rf.4ac64d6a2c8f0cbf30df59de3f4bcd17.jpg</filename>
	<path>0000000141-1-Image_jpeg.rf.4ac64d6a2c8f0cbf30df59de3f4bcd17.jpg</path>
	<source>
		<database>roboflow.ai</database>
	</source>
	<size>
		<width>600</width>
		<height>600</height>
		<depth>3</depth>
	</size>
	<segmented>0</segmented>
	<object>
		<name>0</name>
		<pose>Unspecified</pose>
		<truncated>0</truncated>
		<difficult>0</difficult>
		<occluded>0</occluded>
		<bndbox>
			<xmin>297</xmin>
			<xmax>303</xmax>
			<ymin>280</ymin>
			<ymax>301</ymax>
		</bndbox>
	</object>
	<object>
		<name>0</name>
		<pose>Unspecified</pose>
		<truncated>0</truncated>
		<difficult>0</difficult>
		<occluded>0</occluded>
		<bndbox>
			<xmin>299</xmin>
			<xmax>303</xmax>
			<ymin>112</ymin>
			<ymax>269</ymax>
		</bndbox>
	</object>
</annotation>
