<annotation>
	<folder></folder>
	<filename>0000001016-1-Image_jpeg.rf.7f58e4034b10fbff6d3205c9719df4ee.jpg</filename>
	<path>0000001016-1-Image_jpeg.rf.7f58e4034b10fbff6d3205c9719df4ee.jpg</path>
	<source>
		<database>roboflow.ai</database>
	</source>
	<size>
		<width>600</width>
		<height>600</height>
		<depth>3</depth>
	</size>
	<segmented>0</segmented>
	<object>
		<name>0</name>
		<pose>Unspecified</pose>
		<truncated>0</truncated>
		<difficult>0</difficult>
		<occluded>0</occluded>
		<bndbox>
			<xmin>339</xmin>
			<xmax>344</xmax>
			<ymin>217</ymin>
			<ymax>237</ymax>
		</bndbox>
	</object>
	<object>
		<name>0</name>
		<pose>Unspecified</pose>
		<truncated>0</truncated>
		<difficult>0</difficult>
		<occluded>0</occluded>
		<bndbox>
			<xmin>340</xmin>
			<xmax>374</xmax>
			<ymin>45</ymin>
			<ymax>206</ymax>
		</bndbox>
	</object>
</annotation>
