<annotation>
	<folder></folder>
	<filename>0000000566-1-Image_jpeg.rf.c1eb8b1e4a2cfa125bb92b2ed39d49ca.jpg</filename>
	<path>0000000566-1-Image_jpeg.rf.c1eb8b1e4a2cfa125bb92b2ed39d49ca.jpg</path>
	<source>
		<database>roboflow.ai</database>
	</source>
	<size>
		<width>600</width>
		<height>600</height>
		<depth>3</depth>
	</size>
	<segmented>0</segmented>
	<object>
		<name>0</name>
		<pose>Unspecified</pose>
		<truncated>0</truncated>
		<difficult>0</difficult>
		<occluded>0</occluded>
		<bndbox>
			<xmin>235</xmin>
			<xmax>241</xmax>
			<ymin>260</ymin>
			<ymax>282</ymax>
		</bndbox>
	</object>
	<object>
		<name>0</name>
		<pose>Unspecified</pose>
		<truncated>0</truncated>
		<difficult>0</difficult>
		<occluded>0</occluded>
		<bndbox>
			<xmin>237</xmin>
			<xmax>273</xmax>
			<ymin>90</ymin>
			<ymax>251</ymax>
		</bndbox>
	</object>
</annotation>
