<annotation>
	<folder></folder>
	<filename>0000000247-1-Image_jpeg.rf.afcc612738239ff8ac2e4bfbb0cd0916.jpg</filename>
	<path>0000000247-1-Image_jpeg.rf.afcc612738239ff8ac2e4bfbb0cd0916.jpg</path>
	<source>
		<database>roboflow.ai</database>
	</source>
	<size>
		<width>600</width>
		<height>600</height>
		<depth>3</depth>
	</size>
	<segmented>0</segmented>
	<object>
		<name>0</name>
		<pose>Unspecified</pose>
		<truncated>0</truncated>
		<difficult>0</difficult>
		<occluded>0</occluded>
		<bndbox>
			<xmin>256</xmin>
			<xmax>262</xmax>
			<ymin>282</ymin>
			<ymax>307</ymax>
		</bndbox>
	</object>
	<object>
		<name>0</name>
		<pose>Unspecified</pose>
		<truncated>0</truncated>
		<difficult>0</difficult>
		<occluded>0</occluded>
		<bndbox>
			<xmin>262</xmin>
			<xmax>266</xmax>
			<ymin>252</ymin>
			<ymax>271</ymax>
		</bndbox>
	</object>
</annotation>
