<annotation>
	<folder></folder>
	<filename>0000001068-1-Image_jpeg.rf.dbf7b233f6102306c9c525eb9dded86d.jpg</filename>
	<path>0000001068-1-Image_jpeg.rf.dbf7b233f6102306c9c525eb9dded86d.jpg</path>
	<source>
		<database>roboflow.ai</database>
	</source>
	<size>
		<width>600</width>
		<height>600</height>
		<depth>3</depth>
	</size>
	<segmented>0</segmented>
	<object>
		<name>0</name>
		<pose>Unspecified</pose>
		<truncated>0</truncated>
		<difficult>0</difficult>
		<occluded>0</occluded>
		<bndbox>
			<xmin>387</xmin>
			<xmax>393</xmax>
			<ymin>325</ymin>
			<ymax>348</ymax>
		</bndbox>
	</object>
</annotation>
