<annotation>
	<folder></folder>
	<filename>0000000353-1-Image_jpeg.rf.a805ee47ebe0e14d5781415c5f1ec7ed.jpg</filename>
	<path>0000000353-1-Image_jpeg.rf.a805ee47ebe0e14d5781415c5f1ec7ed.jpg</path>
	<source>
		<database>roboflow.ai</database>
	</source>
	<size>
		<width>600</width>
		<height>600</height>
		<depth>3</depth>
	</size>
	<segmented>0</segmented>
	<object>
		<name>0</name>
		<pose>Unspecified</pose>
		<truncated>0</truncated>
		<difficult>0</difficult>
		<occluded>0</occluded>
		<bndbox>
			<xmin>325</xmin>
			<xmax>331</xmax>
			<ymin>346</ymin>
			<ymax>370</ymax>
		</bndbox>
	</object>
	<object>
		<name>0</name>
		<pose>Unspecified</pose>
		<truncated>0</truncated>
		<difficult>0</difficult>
		<occluded>0</occluded>
		<bndbox>
			<xmin>329</xmin>
			<xmax>380</xmax>
			<ymin>181</ymin>
			<ymax>344</ymax>
		</bndbox>
	</object>
</annotation>
