<annotation>
	<folder></folder>
	<filename>0000001042-1-Image_jpeg.rf.dccb17997fd713bdfadc75062908f231.jpg</filename>
	<path>0000001042-1-Image_jpeg.rf.dccb17997fd713bdfadc75062908f231.jpg</path>
	<source>
		<database>roboflow.ai</database>
	</source>
	<size>
		<width>600</width>
		<height>600</height>
		<depth>3</depth>
	</size>
	<segmented>0</segmented>
	<object>
		<name>0</name>
		<pose>Unspecified</pose>
		<truncated>0</truncated>
		<difficult>0</difficult>
		<occluded>0</occluded>
		<bndbox>
			<xmin>284</xmin>
			<xmax>290</xmax>
			<ymin>290</ymin>
			<ymax>312</ymax>
		</bndbox>
	</object>
	<object>
		<name>0</name>
		<pose>Unspecified</pose>
		<truncated>0</truncated>
		<difficult>0</difficult>
		<occluded>0</occluded>
		<bndbox>
			<xmin>275</xmin>
			<xmax>288</xmax>
			<ymin>121</ymin>
			<ymax>286</ymax>
		</bndbox>
	</object>
</annotation>
