<annotation>
	<folder></folder>
	<filename>0000000916-1-Image_jpeg.rf.8767180995517bfc4ac0aeb7064b8560.jpg</filename>
	<path>0000000916-1-Image_jpeg.rf.8767180995517bfc4ac0aeb7064b8560.jpg</path>
	<source>
		<database>roboflow.ai</database>
	</source>
	<size>
		<width>600</width>
		<height>600</height>
		<depth>3</depth>
	</size>
	<segmented>0</segmented>
	<object>
		<name>0</name>
		<pose>Unspecified</pose>
		<truncated>0</truncated>
		<difficult>0</difficult>
		<occluded>0</occluded>
		<bndbox>
			<xmin>365</xmin>
			<xmax>370</xmax>
			<ymin>301</ymin>
			<ymax>323</ymax>
		</bndbox>
	</object>
</annotation>
