<annotation>
	<folder></folder>
	<filename>0000001382-1-Image_jpeg.rf.f9819db794f4c6eed8bb394a4ce5a9d3.jpg</filename>
	<path>0000001382-1-Image_jpeg.rf.f9819db794f4c6eed8bb394a4ce5a9d3.jpg</path>
	<source>
		<database>roboflow.ai</database>
	</source>
	<size>
		<width>600</width>
		<height>600</height>
		<depth>3</depth>
	</size>
	<segmented>0</segmented>
	<object>
		<name>0</name>
		<pose>Unspecified</pose>
		<truncated>0</truncated>
		<difficult>0</difficult>
		<occluded>0</occluded>
		<bndbox>
			<xmin>271</xmin>
			<xmax>277</xmax>
			<ymin>294</ymin>
			<ymax>314</ymax>
		</bndbox>
	</object>
	<object>
		<name>0</name>
		<pose>Unspecified</pose>
		<truncated>0</truncated>
		<difficult>0</difficult>
		<occluded>0</occluded>
		<bndbox>
			<xmin>247</xmin>
			<xmax>273</xmax>
			<ymin>129</ymin>
			<ymax>283</ymax>
		</bndbox>
	</object>
</annotation>
