<annotation>
	<folder></folder>
	<filename>0000000205-1-Image_jpeg.rf.3eefab9611f60ac87379d0713d84f2a7.jpg</filename>
	<path>0000000205-1-Image_jpeg.rf.3eefab9611f60ac87379d0713d84f2a7.jpg</path>
	<source>
		<database>roboflow.ai</database>
	</source>
	<size>
		<width>600</width>
		<height>600</height>
		<depth>3</depth>
	</size>
	<segmented>0</segmented>
	<object>
		<name>0</name>
		<pose>Unspecified</pose>
		<truncated>0</truncated>
		<difficult>0</difficult>
		<occluded>0</occluded>
		<bndbox>
			<xmin>297</xmin>
			<xmax>303</xmax>
			<ymin>271</ymin>
			<ymax>293</ymax>
		</bndbox>
	</object>
	<object>
		<name>0</name>
		<pose>Unspecified</pose>
		<truncated>0</truncated>
		<difficult>0</difficult>
		<occluded>0</occluded>
		<bndbox>
			<xmin>292</xmin>
			<xmax>301</xmax>
			<ymin>174</ymin>
			<ymax>269</ymax>
		</bndbox>
	</object>
</annotation>
