<annotation>
	<folder></folder>
	<filename>0000000406-1-Image_jpeg.rf.fe0573fc98ebb6c234d24d898d307050.jpg</filename>
	<path>0000000406-1-Image_jpeg.rf.fe0573fc98ebb6c234d24d898d307050.jpg</path>
	<source>
		<database>roboflow.ai</database>
	</source>
	<size>
		<width>600</width>
		<height>600</height>
		<depth>3</depth>
	</size>
	<segmented>0</segmented>
	<object>
		<name>0</name>
		<pose>Unspecified</pose>
		<truncated>0</truncated>
		<difficult>0</difficult>
		<occluded>0</occluded>
		<bndbox>
			<xmin>282</xmin>
			<xmax>288</xmax>
			<ymin>365</ymin>
			<ymax>387</ymax>
		</bndbox>
	</object>
	<object>
		<name>0</name>
		<pose>Unspecified</pose>
		<truncated>0</truncated>
		<difficult>0</difficult>
		<occluded>0</occluded>
		<bndbox>
			<xmin>234</xmin>
			<xmax>283</xmax>
			<ymin>196</ymin>
			<ymax>337</ymax>
		</bndbox>
	</object>
</annotation>
