<annotation>
	<folder></folder>
	<filename>0000000261-1-Image_jpeg.rf.4aa71ef8de117d05701b2fb71dab5def.jpg</filename>
	<path>0000000261-1-Image_jpeg.rf.4aa71ef8de117d05701b2fb71dab5def.jpg</path>
	<source>
		<database>roboflow.ai</database>
	</source>
	<size>
		<width>600</width>
		<height>600</height>
		<depth>3</depth>
	</size>
	<segmented>0</segmented>
	<object>
		<name>0</name>
		<pose>Unspecified</pose>
		<truncated>0</truncated>
		<difficult>0</difficult>
		<occluded>0</occluded>
		<bndbox>
			<xmin>297</xmin>
			<xmax>303</xmax>
			<ymin>316</ymin>
			<ymax>338</ymax>
		</bndbox>
	</object>
</annotation>
