<annotation>
	<folder></folder>
	<filename>0000000120-1-Image_jpeg.rf.fa6e1aa05785c077972134a515950be0.jpg</filename>
	<path>0000000120-1-Image_jpeg.rf.fa6e1aa05785c077972134a515950be0.jpg</path>
	<source>
		<database>roboflow.ai</database>
	</source>
	<size>
		<width>600</width>
		<height>600</height>
		<depth>3</depth>
	</size>
	<segmented>0</segmented>
	<object>
		<name>0</name>
		<pose>Unspecified</pose>
		<truncated>0</truncated>
		<difficult>0</difficult>
		<occluded>0</occluded>
		<bndbox>
			<xmin>318</xmin>
			<xmax>323</xmax>
			<ymin>288</ymin>
			<ymax>310</ymax>
		</bndbox>
	</object>
	<object>
		<name>0</name>
		<pose>Unspecified</pose>
		<truncated>0</truncated>
		<difficult>0</difficult>
		<occluded>0</occluded>
		<bndbox>
			<xmin>320</xmin>
			<xmax>370</xmax>
			<ymin>121</ymin>
			<ymax>286</ymax>
		</bndbox>
	</object>
</annotation>
