<annotation>
	<folder></folder>
	<filename>0000000112-1-Image_jpeg.rf.6fb0c0841abbc37b786bdf495daa43bc.jpg</filename>
	<path>0000000112-1-Image_jpeg.rf.6fb0c0841abbc37b786bdf495daa43bc.jpg</path>
	<source>
		<database>roboflow.ai</database>
	</source>
	<size>
		<width>600</width>
		<height>600</height>
		<depth>3</depth>
	</size>
	<segmented>0</segmented>
	<object>
		<name>0</name>
		<pose>Unspecified</pose>
		<truncated>0</truncated>
		<difficult>0</difficult>
		<occluded>0</occluded>
		<bndbox>
			<xmin>215</xmin>
			<xmax>220</xmax>
			<ymin>277</ymin>
			<ymax>299</ymax>
		</bndbox>
	</object>
	<object>
		<name>0</name>
		<pose>Unspecified</pose>
		<truncated>0</truncated>
		<difficult>0</difficult>
		<occluded>0</occluded>
		<bndbox>
			<xmin>215</xmin>
			<xmax>219</xmax>
			<ymin>247</ymin>
			<ymax>273</ymax>
		</bndbox>
	</object>
</annotation>
