<annotation>
	<folder></folder>
	<filename>0000000985-1-Image_jpeg.rf.43f2ba7f9519e5c18a82458b5a23e805.jpg</filename>
	<path>0000000985-1-Image_jpeg.rf.43f2ba7f9519e5c18a82458b5a23e805.jpg</path>
	<source>
		<database>roboflow.ai</database>
	</source>
	<size>
		<width>600</width>
		<height>600</height>
		<depth>3</depth>
	</size>
	<segmented>0</segmented>
	<object>
		<name>0</name>
		<pose>Unspecified</pose>
		<truncated>0</truncated>
		<difficult>0</difficult>
		<occluded>0</occluded>
		<bndbox>
			<xmin>286</xmin>
			<xmax>292</xmax>
			<ymin>250</ymin>
			<ymax>275</ymax>
		</bndbox>
	</object>
	<object>
		<name>0</name>
		<pose>Unspecified</pose>
		<truncated>0</truncated>
		<difficult>0</difficult>
		<occluded>0</occluded>
		<bndbox>
			<xmin>292</xmin>
			<xmax>331</xmax>
			<ymin>78</ymin>
			<ymax>248</ymax>
		</bndbox>
	</object>
</annotation>
