<annotation>
	<folder></folder>
	<filename>0000001047-1-Image_jpeg.rf.ad6c4b40948225ef41d599cd411b7252.jpg</filename>
	<path>0000001047-1-Image_jpeg.rf.ad6c4b40948225ef41d599cd411b7252.jpg</path>
	<source>
		<database>roboflow.ai</database>
	</source>
	<size>
		<width>600</width>
		<height>600</height>
		<depth>3</depth>
	</size>
	<segmented>0</segmented>
	<object>
		<name>0</name>
		<pose>Unspecified</pose>
		<truncated>0</truncated>
		<difficult>0</difficult>
		<occluded>0</occluded>
		<bndbox>
			<xmin>303</xmin>
			<xmax>308</xmax>
			<ymin>297</ymin>
			<ymax>318</ymax>
		</bndbox>
	</object>
	<object>
		<name>0</name>
		<pose>Unspecified</pose>
		<truncated>0</truncated>
		<difficult>0</difficult>
		<occluded>0</occluded>
		<bndbox>
			<xmin>299</xmin>
			<xmax>307</xmax>
			<ymin>119</ymin>
			<ymax>284</ymax>
		</bndbox>
	</object>
</annotation>
