<annotation>
	<folder></folder>
	<filename>0000000869-1-Image_jpeg.rf.15a98faf711c0e9ca4fa2827ec146dc6.jpg</filename>
	<path>0000000869-1-Image_jpeg.rf.15a98faf711c0e9ca4fa2827ec146dc6.jpg</path>
	<source>
		<database>roboflow.ai</database>
	</source>
	<size>
		<width>600</width>
		<height>600</height>
		<depth>3</depth>
	</size>
	<segmented>0</segmented>
	<object>
		<name>0</name>
		<pose>Unspecified</pose>
		<truncated>0</truncated>
		<difficult>0</difficult>
		<occluded>0</occluded>
		<bndbox>
			<xmin>250</xmin>
			<xmax>256</xmax>
			<ymin>299</ymin>
			<ymax>322</ymax>
		</bndbox>
	</object>
</annotation>
