<annotation>
	<folder></folder>
	<filename>0000000546-1-Image_jpeg.rf.4394cebef853c7674d356f5bcd20fada.jpg</filename>
	<path>0000000546-1-Image_jpeg.rf.4394cebef853c7674d356f5bcd20fada.jpg</path>
	<source>
		<database>roboflow.ai</database>
	</source>
	<size>
		<width>600</width>
		<height>600</height>
		<depth>3</depth>
	</size>
	<segmented>0</segmented>
	<object>
		<name>0</name>
		<pose>Unspecified</pose>
		<truncated>0</truncated>
		<difficult>0</difficult>
		<occluded>0</occluded>
		<bndbox>
			<xmin>290</xmin>
			<xmax>297</xmax>
			<ymin>308</ymin>
			<ymax>333</ymax>
		</bndbox>
	</object>
	<object>
		<name>0</name>
		<pose>Unspecified</pose>
		<truncated>0</truncated>
		<difficult>0</difficult>
		<occluded>0</occluded>
		<bndbox>
			<xmin>283</xmin>
			<xmax>296</xmax>
			<ymin>132</ymin>
			<ymax>307</ymax>
		</bndbox>
	</object>
</annotation>
