<annotation>
	<folder></folder>
	<filename>0000001314-1-Image_jpeg.rf.710758b522f269826336b0023240213e.jpg</filename>
	<path>0000001314-1-Image_jpeg.rf.710758b522f269826336b0023240213e.jpg</path>
	<source>
		<database>roboflow.ai</database>
	</source>
	<size>
		<width>600</width>
		<height>600</height>
		<depth>3</depth>
	</size>
	<segmented>0</segmented>
	<object>
		<name>0</name>
		<pose>Unspecified</pose>
		<truncated>0</truncated>
		<difficult>0</difficult>
		<occluded>0</occluded>
		<bndbox>
			<xmin>378</xmin>
			<xmax>383</xmax>
			<ymin>299</ymin>
			<ymax>322</ymax>
		</bndbox>
	</object>
	<object>
		<name>0</name>
		<pose>Unspecified</pose>
		<truncated>0</truncated>
		<difficult>0</difficult>
		<occluded>0</occluded>
		<bndbox>
			<xmin>391</xmin>
			<xmax>427</xmax>
			<ymin>132</ymin>
			<ymax>228</ymax>
		</bndbox>
	</object>
</annotation>
