<annotation>
	<folder></folder>
	<filename>0000000659-1-Image_jpeg.rf.9dd2cdbc81d5ff2186bbafa98e1edc1a.jpg</filename>
	<path>0000000659-1-Image_jpeg.rf.9dd2cdbc81d5ff2186bbafa98e1edc1a.jpg</path>
	<source>
		<database>roboflow.ai</database>
	</source>
	<size>
		<width>600</width>
		<height>600</height>
		<depth>3</depth>
	</size>
	<segmented>0</segmented>
	<object>
		<name>0</name>
		<pose>Unspecified</pose>
		<truncated>0</truncated>
		<difficult>0</difficult>
		<occluded>0</occluded>
		<bndbox>
			<xmin>310</xmin>
			<xmax>316</xmax>
			<ymin>402</ymin>
			<ymax>425</ymax>
		</bndbox>
	</object>
	<object>
		<name>0</name>
		<pose>Unspecified</pose>
		<truncated>0</truncated>
		<difficult>0</difficult>
		<occluded>0</occluded>
		<bndbox>
			<xmin>314</xmin>
			<xmax>327</xmax>
			<ymin>323</ymin>
			<ymax>391</ymax>
		</bndbox>
	</object>
</annotation>
