<annotation>
	<folder></folder>
	<filename>0000000434-1-Image_jpeg.rf.e858788467686b89ecb03bc2c5014030.jpg</filename>
	<path>0000000434-1-Image_jpeg.rf.e858788467686b89ecb03bc2c5014030.jpg</path>
	<source>
		<database>roboflow.ai</database>
	</source>
	<size>
		<width>600</width>
		<height>600</height>
		<depth>3</depth>
	</size>
	<segmented>0</segmented>
	<object>
		<name>0</name>
		<pose>Unspecified</pose>
		<truncated>0</truncated>
		<difficult>0</difficult>
		<occluded>0</occluded>
		<bndbox>
			<xmin>318</xmin>
			<xmax>325</xmax>
			<ymin>322</ymin>
			<ymax>344</ymax>
		</bndbox>
	</object>
	<object>
		<name>0</name>
		<pose>Unspecified</pose>
		<truncated>0</truncated>
		<difficult>0</difficult>
		<occluded>0</occluded>
		<bndbox>
			<xmin>324</xmin>
			<xmax>365</xmax>
			<ymin>153</ymin>
			<ymax>320</ymax>
		</bndbox>
	</object>
</annotation>
