<annotation>
	<folder></folder>
	<filename>0000000541-1-Image_jpeg.rf.73f74146dcd58536ff2521327525e449.jpg</filename>
	<path>0000000541-1-Image_jpeg.rf.73f74146dcd58536ff2521327525e449.jpg</path>
	<source>
		<database>roboflow.ai</database>
	</source>
	<size>
		<width>600</width>
		<height>600</height>
		<depth>3</depth>
	</size>
	<segmented>0</segmented>
	<object>
		<name>0</name>
		<pose>Unspecified</pose>
		<truncated>0</truncated>
		<difficult>0</difficult>
		<occluded>0</occluded>
		<bndbox>
			<xmin>299</xmin>
			<xmax>305</xmax>
			<ymin>295</ymin>
			<ymax>318</ymax>
		</bndbox>
	</object>
	<object>
		<name>0</name>
		<pose>Unspecified</pose>
		<truncated>0</truncated>
		<difficult>0</difficult>
		<occluded>0</occluded>
		<bndbox>
			<xmin>301</xmin>
			<xmax>323</xmax>
			<ymin>119</ymin>
			<ymax>294</ymax>
		</bndbox>
	</object>
</annotation>
