<annotation>
	<folder></folder>
	<filename>0000000562-1-Image_jpeg.rf.8e1a58bcbed7abb78451ac2920843ce9.jpg</filename>
	<path>0000000562-1-Image_jpeg.rf.8e1a58bcbed7abb78451ac2920843ce9.jpg</path>
	<source>
		<database>roboflow.ai</database>
	</source>
	<size>
		<width>600</width>
		<height>600</height>
		<depth>3</depth>
	</size>
	<segmented>0</segmented>
	<object>
		<name>0</name>
		<pose>Unspecified</pose>
		<truncated>0</truncated>
		<difficult>0</difficult>
		<occluded>0</occluded>
		<bndbox>
			<xmin>350</xmin>
			<xmax>355</xmax>
			<ymin>269</ymin>
			<ymax>292</ymax>
		</bndbox>
	</object>
	<object>
		<name>0</name>
		<pose>Unspecified</pose>
		<truncated>0</truncated>
		<difficult>0</difficult>
		<occluded>0</occluded>
		<bndbox>
			<xmin>354</xmin>
			<xmax>397</xmax>
			<ymin>103</ymin>
			<ymax>268</ymax>
		</bndbox>
	</object>
</annotation>
