<annotation>
	<folder></folder>
	<filename>0000001310-1-Image_jpeg.rf.559db4ef44b2c6255bfd35e0545cdd45.jpg</filename>
	<path>0000001310-1-Image_jpeg.rf.559db4ef44b2c6255bfd35e0545cdd45.jpg</path>
	<source>
		<database>roboflow.ai</database>
	</source>
	<size>
		<width>600</width>
		<height>600</height>
		<depth>3</depth>
	</size>
	<segmented>0</segmented>
	<object>
		<name>0</name>
		<pose>Unspecified</pose>
		<truncated>0</truncated>
		<difficult>0</difficult>
		<occluded>0</occluded>
		<bndbox>
			<xmin>320</xmin>
			<xmax>327</xmax>
			<ymin>279</ymin>
			<ymax>301</ymax>
		</bndbox>
	</object>
	<object>
		<name>0</name>
		<pose>Unspecified</pose>
		<truncated>0</truncated>
		<difficult>0</difficult>
		<occluded>0</occluded>
		<bndbox>
			<xmin>324</xmin>
			<xmax>367</xmax>
			<ymin>106</ymin>
			<ymax>277</ymax>
		</bndbox>
	</object>
</annotation>
