<annotation>
	<folder></folder>
	<filename>0000001175-1-Image_jpeg.rf.82738e85d51ea7bfd07fe182ed86d26c.jpg</filename>
	<path>0000001175-1-Image_jpeg.rf.82738e85d51ea7bfd07fe182ed86d26c.jpg</path>
	<source>
		<database>roboflow.ai</database>
	</source>
	<size>
		<width>600</width>
		<height>600</height>
		<depth>3</depth>
	</size>
	<segmented>0</segmented>
	<object>
		<name>0</name>
		<pose>Unspecified</pose>
		<truncated>0</truncated>
		<difficult>0</difficult>
		<occluded>0</occluded>
		<bndbox>
			<xmin>299</xmin>
			<xmax>305</xmax>
			<ymin>318</ymin>
			<ymax>340</ymax>
		</bndbox>
	</object>
	<object>
		<name>0</name>
		<pose>Unspecified</pose>
		<truncated>0</truncated>
		<difficult>0</difficult>
		<occluded>0</occluded>
		<bndbox>
			<xmin>307</xmin>
			<xmax>320</xmax>
			<ymin>155</ymin>
			<ymax>222</ymax>
		</bndbox>
	</object>
</annotation>
