<annotation>
	<folder></folder>
	<filename>0000000747-1-Image_jpeg.rf.a08171977094aaf85d76eb1395783f06.jpg</filename>
	<path>0000000747-1-Image_jpeg.rf.a08171977094aaf85d76eb1395783f06.jpg</path>
	<source>
		<database>roboflow.ai</database>
	</source>
	<size>
		<width>600</width>
		<height>600</height>
		<depth>3</depth>
	</size>
	<segmented>0</segmented>
	<object>
		<name>0</name>
		<pose>Unspecified</pose>
		<truncated>0</truncated>
		<difficult>0</difficult>
		<occluded>0</occluded>
		<bndbox>
			<xmin>309</xmin>
			<xmax>314</xmax>
			<ymin>294</ymin>
			<ymax>316</ymax>
		</bndbox>
	</object>
	<object>
		<name>0</name>
		<pose>Unspecified</pose>
		<truncated>0</truncated>
		<difficult>0</difficult>
		<occluded>0</occluded>
		<bndbox>
			<xmin>303</xmin>
			<xmax>308</xmax>
			<ymin>239</ymin>
			<ymax>265</ymax>
		</bndbox>
	</object>
</annotation>
