<annotation>
	<folder></folder>
	<filename>0000000319-1-Image_jpeg.rf.4e414cb817f77d3a2811c8655013b983.jpg</filename>
	<path>0000000319-1-Image_jpeg.rf.4e414cb817f77d3a2811c8655013b983.jpg</path>
	<source>
		<database>roboflow.ai</database>
	</source>
	<size>
		<width>600</width>
		<height>600</height>
		<depth>3</depth>
	</size>
	<segmented>0</segmented>
	<object>
		<name>0</name>
		<pose>Unspecified</pose>
		<truncated>0</truncated>
		<difficult>0</difficult>
		<occluded>0</occluded>
		<bndbox>
			<xmin>284</xmin>
			<xmax>292</xmax>
			<ymin>293</ymin>
			<ymax>318</ymax>
		</bndbox>
	</object>
	<object>
		<name>0</name>
		<pose>Unspecified</pose>
		<truncated>0</truncated>
		<difficult>0</difficult>
		<occluded>0</occluded>
		<bndbox>
			<xmin>288</xmin>
			<xmax>308</xmax>
			<ymin>117</ymin>
			<ymax>284</ymax>
		</bndbox>
	</object>
</annotation>
