<annotation>
	<folder></folder>
	<filename>0000001197-1-Image_jpeg.rf.a7b436da15ee33948af9c0ecb567a2eb.jpg</filename>
	<path>0000001197-1-Image_jpeg.rf.a7b436da15ee33948af9c0ecb567a2eb.jpg</path>
	<source>
		<database>roboflow.ai</database>
	</source>
	<size>
		<width>600</width>
		<height>600</height>
		<depth>3</depth>
	</size>
	<segmented>0</segmented>
	<object>
		<name>0</name>
		<pose>Unspecified</pose>
		<truncated>0</truncated>
		<difficult>0</difficult>
		<occluded>0</occluded>
		<bndbox>
			<xmin>269</xmin>
			<xmax>275</xmax>
			<ymin>249</ymin>
			<ymax>271</ymax>
		</bndbox>
	</object>
	<object>
		<name>0</name>
		<pose>Unspecified</pose>
		<truncated>0</truncated>
		<difficult>0</difficult>
		<occluded>0</occluded>
		<bndbox>
			<xmin>256</xmin>
			<xmax>273</xmax>
			<ymin>117</ymin>
			<ymax>247</ymax>
		</bndbox>
	</object>
</annotation>
