<annotation>
	<folder></folder>
	<filename>0000000545-1-Image_jpeg.rf.1030214467b508390be290695e35af4f.jpg</filename>
	<path>0000000545-1-Image_jpeg.rf.1030214467b508390be290695e35af4f.jpg</path>
	<source>
		<database>roboflow.ai</database>
	</source>
	<size>
		<width>600</width>
		<height>600</height>
		<depth>3</depth>
	</size>
	<segmented>0</segmented>
	<object>
		<name>0</name>
		<pose>Unspecified</pose>
		<truncated>0</truncated>
		<difficult>0</difficult>
		<occluded>0</occluded>
		<bndbox>
			<xmin>292</xmin>
			<xmax>297</xmax>
			<ymin>280</ymin>
			<ymax>305</ymax>
		</bndbox>
	</object>
	<object>
		<name>0</name>
		<pose>Unspecified</pose>
		<truncated>0</truncated>
		<difficult>0</difficult>
		<occluded>0</occluded>
		<bndbox>
			<xmin>277</xmin>
			<xmax>296</xmax>
			<ymin>123</ymin>
			<ymax>271</ymax>
		</bndbox>
	</object>
</annotation>
