<annotation>
	<folder></folder>
	<filename>0000000302-1-Image_jpeg.rf.8bc5e629d4177df832cf4a9477e82b55.jpg</filename>
	<path>0000000302-1-Image_jpeg.rf.8bc5e629d4177df832cf4a9477e82b55.jpg</path>
	<source>
		<database>roboflow.ai</database>
	</source>
	<size>
		<width>600</width>
		<height>600</height>
		<depth>3</depth>
	</size>
	<segmented>0</segmented>
	<object>
		<name>0</name>
		<pose>Unspecified</pose>
		<truncated>0</truncated>
		<difficult>0</difficult>
		<occluded>0</occluded>
		<bndbox>
			<xmin>295</xmin>
			<xmax>301</xmax>
			<ymin>340</ymin>
			<ymax>363</ymax>
		</bndbox>
	</object>
	<object>
		<name>0</name>
		<pose>Unspecified</pose>
		<truncated>0</truncated>
		<difficult>0</difficult>
		<occluded>0</occluded>
		<bndbox>
			<xmin>298</xmin>
			<xmax>343</xmax>
			<ymin>172</ymin>
			<ymax>339</ymax>
		</bndbox>
	</object>
</annotation>
