<annotation>
	<folder></folder>
	<filename>0000001240-1-Image_jpeg.rf.0b5e12ab2eedb12db1af80189ebaaf04.jpg</filename>
	<path>0000001240-1-Image_jpeg.rf.0b5e12ab2eedb12db1af80189ebaaf04.jpg</path>
	<source>
		<database>roboflow.ai</database>
	</source>
	<size>
		<width>600</width>
		<height>600</height>
		<depth>3</depth>
	</size>
	<segmented>0</segmented>
	<object>
		<name>0</name>
		<pose>Unspecified</pose>
		<truncated>0</truncated>
		<difficult>0</difficult>
		<occluded>0</occluded>
		<bndbox>
			<xmin>247</xmin>
			<xmax>252</xmax>
			<ymin>290</ymin>
			<ymax>314</ymax>
		</bndbox>
	</object>
	<object>
		<name>0</name>
		<pose>Unspecified</pose>
		<truncated>0</truncated>
		<difficult>0</difficult>
		<occluded>0</occluded>
		<bndbox>
			<xmin>249</xmin>
			<xmax>279</xmax>
			<ymin>114</ymin>
			<ymax>290</ymax>
		</bndbox>
	</object>
</annotation>
