<annotation>
	<folder></folder>
	<filename>0000000276-1-Image_jpeg.rf.fd58e3fef8e1f5add933e19c56fa9aef.jpg</filename>
	<path>0000000276-1-Image_jpeg.rf.fd58e3fef8e1f5add933e19c56fa9aef.jpg</path>
	<source>
		<database>roboflow.ai</database>
	</source>
	<size>
		<width>600</width>
		<height>600</height>
		<depth>3</depth>
	</size>
	<segmented>0</segmented>
	<object>
		<name>0</name>
		<pose>Unspecified</pose>
		<truncated>0</truncated>
		<difficult>0</difficult>
		<occluded>0</occluded>
		<bndbox>
			<xmin>245</xmin>
			<xmax>250</xmax>
			<ymin>310</ymin>
			<ymax>333</ymax>
		</bndbox>
	</object>
	<object>
		<name>0</name>
		<pose>Unspecified</pose>
		<truncated>0</truncated>
		<difficult>0</difficult>
		<occluded>0</occluded>
		<bndbox>
			<xmin>221</xmin>
			<xmax>247</xmax>
			<ymin>136</ymin>
			<ymax>292</ymax>
		</bndbox>
	</object>
</annotation>
