<annotation>
	<folder></folder>
	<filename>0000001010-1-Image_jpeg.rf.5356e089c0cb83df26c3b2337fa0876e.jpg</filename>
	<path>0000001010-1-Image_jpeg.rf.5356e089c0cb83df26c3b2337fa0876e.jpg</path>
	<source>
		<database>roboflow.ai</database>
	</source>
	<size>
		<width>600</width>
		<height>600</height>
		<depth>3</depth>
	</size>
	<segmented>0</segmented>
	<object>
		<name>0</name>
		<pose>Unspecified</pose>
		<truncated>0</truncated>
		<difficult>0</difficult>
		<occluded>0</occluded>
		<bndbox>
			<xmin>232</xmin>
			<xmax>237</xmax>
			<ymin>275</ymin>
			<ymax>297</ymax>
		</bndbox>
	</object>
	<object>
		<name>0</name>
		<pose>Unspecified</pose>
		<truncated>0</truncated>
		<difficult>0</difficult>
		<occluded>0</occluded>
		<bndbox>
			<xmin>225</xmin>
			<xmax>236</xmax>
			<ymin>149</ymin>
			<ymax>271</ymax>
		</bndbox>
	</object>
</annotation>
