<annotation>
	<folder></folder>
	<filename>0000000778-1-Image_jpeg.rf.1841bdecc4e38050de919a93b4908b2f.jpg</filename>
	<path>0000000778-1-Image_jpeg.rf.1841bdecc4e38050de919a93b4908b2f.jpg</path>
	<source>
		<database>roboflow.ai</database>
	</source>
	<size>
		<width>600</width>
		<height>600</height>
		<depth>3</depth>
	</size>
	<segmented>0</segmented>
	<object>
		<name>0</name>
		<pose>Unspecified</pose>
		<truncated>0</truncated>
		<difficult>0</difficult>
		<occluded>0</occluded>
		<bndbox>
			<xmin>181</xmin>
			<xmax>187</xmax>
			<ymin>275</ymin>
			<ymax>297</ymax>
		</bndbox>
	</object>
</annotation>
