<annotation>
	<folder></folder>
	<filename>0000000814-1-Image_jpeg.rf.8e5bf7c86d0796d2482171f3830a7500.jpg</filename>
	<path>0000000814-1-Image_jpeg.rf.8e5bf7c86d0796d2482171f3830a7500.jpg</path>
	<source>
		<database>roboflow.ai</database>
	</source>
	<size>
		<width>600</width>
		<height>600</height>
		<depth>3</depth>
	</size>
	<segmented>0</segmented>
	<object>
		<name>0</name>
		<pose>Unspecified</pose>
		<truncated>0</truncated>
		<difficult>0</difficult>
		<occluded>0</occluded>
		<bndbox>
			<xmin>89</xmin>
			<xmax>95</xmax>
			<ymin>357</ymin>
			<ymax>380</ymax>
		</bndbox>
	</object>
</annotation>
