<annotation>
	<folder></folder>
	<filename>0000001215-1-Image_jpeg.rf.5584cfaf0ed6064866760cac9d5ff111.jpg</filename>
	<path>0000001215-1-Image_jpeg.rf.5584cfaf0ed6064866760cac9d5ff111.jpg</path>
	<source>
		<database>roboflow.ai</database>
	</source>
	<size>
		<width>600</width>
		<height>600</height>
		<depth>3</depth>
	</size>
	<segmented>0</segmented>
	<object>
		<name>0</name>
		<pose>Unspecified</pose>
		<truncated>0</truncated>
		<difficult>0</difficult>
		<occluded>0</occluded>
		<bndbox>
			<xmin>243</xmin>
			<xmax>248</xmax>
			<ymin>340</ymin>
			<ymax>365</ymax>
		</bndbox>
	</object>
	<object>
		<name>0</name>
		<pose>Unspecified</pose>
		<truncated>0</truncated>
		<difficult>0</difficult>
		<occluded>0</occluded>
		<bndbox>
			<xmin>228</xmin>
			<xmax>241</xmax>
			<ymin>166</ymin>
			<ymax>262</ymax>
		</bndbox>
	</object>
</annotation>
