<annotation>
	<folder></folder>
	<filename>0000000877-1-Image_jpeg.rf.9518db7661c784f9163201df71907b63.jpg</filename>
	<path>0000000877-1-Image_jpeg.rf.9518db7661c784f9163201df71907b63.jpg</path>
	<source>
		<database>roboflow.ai</database>
	</source>
	<size>
		<width>600</width>
		<height>600</height>
		<depth>3</depth>
	</size>
	<segmented>0</segmented>
	<object>
		<name>0</name>
		<pose>Unspecified</pose>
		<truncated>0</truncated>
		<difficult>0</difficult>
		<occluded>0</occluded>
		<bndbox>
			<xmin>301</xmin>
			<xmax>307</xmax>
			<ymin>290</ymin>
			<ymax>312</ymax>
		</bndbox>
	</object>
	<object>
		<name>0</name>
		<pose>Unspecified</pose>
		<truncated>0</truncated>
		<difficult>0</difficult>
		<occluded>0</occluded>
		<bndbox>
			<xmin>295</xmin>
			<xmax>305</xmax>
			<ymin>112</ymin>
			<ymax>288</ymax>
		</bndbox>
	</object>
</annotation>
