<annotation>
	<folder></folder>
	<filename>0000001059-1-Image_jpeg.rf.fba66b33a76a1b5113ee29823322f0f4.jpg</filename>
	<path>0000001059-1-Image_jpeg.rf.fba66b33a76a1b5113ee29823322f0f4.jpg</path>
	<source>
		<database>roboflow.ai</database>
	</source>
	<size>
		<width>600</width>
		<height>600</height>
		<depth>3</depth>
	</size>
	<segmented>0</segmented>
	<object>
		<name>0</name>
		<pose>Unspecified</pose>
		<truncated>0</truncated>
		<difficult>0</difficult>
		<occluded>0</occluded>
		<bndbox>
			<xmin>310</xmin>
			<xmax>316</xmax>
			<ymin>303</ymin>
			<ymax>325</ymax>
		</bndbox>
	</object>
	<object>
		<name>0</name>
		<pose>Unspecified</pose>
		<truncated>0</truncated>
		<difficult>0</difficult>
		<occluded>0</occluded>
		<bndbox>
			<xmin>315</xmin>
			<xmax>356</xmax>
			<ymin>134</ymin>
			<ymax>301</ymax>
		</bndbox>
	</object>
</annotation>
