<annotation>
	<folder></folder>
	<filename>0000001118-1-Image_jpeg.rf.48e4e9dd4b06aa8126c775cca607e6b9.jpg</filename>
	<path>0000001118-1-Image_jpeg.rf.48e4e9dd4b06aa8126c775cca607e6b9.jpg</path>
	<source>
		<database>roboflow.ai</database>
	</source>
	<size>
		<width>600</width>
		<height>600</height>
		<depth>3</depth>
	</size>
	<segmented>0</segmented>
	<object>
		<name>0</name>
		<pose>Unspecified</pose>
		<truncated>0</truncated>
		<difficult>0</difficult>
		<occluded>0</occluded>
		<bndbox>
			<xmin>305</xmin>
			<xmax>310</xmax>
			<ymin>280</ymin>
			<ymax>301</ymax>
		</bndbox>
	</object>
	<object>
		<name>0</name>
		<pose>Unspecified</pose>
		<truncated>0</truncated>
		<difficult>0</difficult>
		<occluded>0</occluded>
		<bndbox>
			<xmin>260</xmin>
			<xmax>307</xmax>
			<ymin>112</ymin>
			<ymax>279</ymax>
		</bndbox>
	</object>
</annotation>
