<annotation>
	<folder></folder>
	<filename>0000000420-1-Image_jpeg.rf.bedebd234fa76c67318b612d57ef3170.jpg</filename>
	<path>0000000420-1-Image_jpeg.rf.bedebd234fa76c67318b612d57ef3170.jpg</path>
	<source>
		<database>roboflow.ai</database>
	</source>
	<size>
		<width>600</width>
		<height>600</height>
		<depth>3</depth>
	</size>
	<segmented>0</segmented>
	<object>
		<name>0</name>
		<pose>Unspecified</pose>
		<truncated>0</truncated>
		<difficult>0</difficult>
		<occluded>0</occluded>
		<bndbox>
			<xmin>318</xmin>
			<xmax>323</xmax>
			<ymin>267</ymin>
			<ymax>290</ymax>
		</bndbox>
	</object>
	<object>
		<name>0</name>
		<pose>Unspecified</pose>
		<truncated>0</truncated>
		<difficult>0</difficult>
		<occluded>0</occluded>
		<bndbox>
			<xmin>295</xmin>
			<xmax>320</xmax>
			<ymin>102</ymin>
			<ymax>239</ymax>
		</bndbox>
	</object>
</annotation>
