<annotation>
	<folder></folder>
	<filename>0000000972-1-Image_jpeg.rf.04730c9d03be939832de7e766e71ffde.jpg</filename>
	<path>0000000972-1-Image_jpeg.rf.04730c9d03be939832de7e766e71ffde.jpg</path>
	<source>
		<database>roboflow.ai</database>
	</source>
	<size>
		<width>600</width>
		<height>600</height>
		<depth>3</depth>
	</size>
	<segmented>0</segmented>
	<object>
		<name>0</name>
		<pose>Unspecified</pose>
		<truncated>0</truncated>
		<difficult>0</difficult>
		<occluded>0</occluded>
		<bndbox>
			<xmin>239</xmin>
			<xmax>245</xmax>
			<ymin>224</ymin>
			<ymax>247</ymax>
		</bndbox>
	</object>
	<object>
		<name>0</name>
		<pose>Unspecified</pose>
		<truncated>0</truncated>
		<difficult>0</difficult>
		<occluded>0</occluded>
		<bndbox>
			<xmin>239</xmin>
			<xmax>254</xmax>
			<ymin>46</ymin>
			<ymax>222</ymax>
		</bndbox>
	</object>
</annotation>
