<annotation>
	<folder></folder>
	<filename>0000000248-1-Image_jpeg.rf.9ec9cc821ef45409f19e9bdc19c3fc9a.jpg</filename>
	<path>0000000248-1-Image_jpeg.rf.9ec9cc821ef45409f19e9bdc19c3fc9a.jpg</path>
	<source>
		<database>roboflow.ai</database>
	</source>
	<size>
		<width>600</width>
		<height>600</height>
		<depth>3</depth>
	</size>
	<segmented>0</segmented>
	<object>
		<name>0</name>
		<pose>Unspecified</pose>
		<truncated>0</truncated>
		<difficult>0</difficult>
		<occluded>0</occluded>
		<bndbox>
			<xmin>348</xmin>
			<xmax>353</xmax>
			<ymin>297</ymin>
			<ymax>320</ymax>
		</bndbox>
	</object>
</annotation>
