<annotation>
	<folder></folder>
	<filename>0000001112-1-Image_jpeg.rf.086aef907acb5ad7bb9bfcda9aa06ec9.jpg</filename>
	<path>0000001112-1-Image_jpeg.rf.086aef907acb5ad7bb9bfcda9aa06ec9.jpg</path>
	<source>
		<database>roboflow.ai</database>
	</source>
	<size>
		<width>600</width>
		<height>600</height>
		<depth>3</depth>
	</size>
	<segmented>0</segmented>
	<object>
		<name>0</name>
		<pose>Unspecified</pose>
		<truncated>0</truncated>
		<difficult>0</difficult>
		<occluded>0</occluded>
		<bndbox>
			<xmin>376</xmin>
			<xmax>382</xmax>
			<ymin>277</ymin>
			<ymax>299</ymax>
		</bndbox>
	</object>
	<object>
		<name>0</name>
		<pose>Unspecified</pose>
		<truncated>0</truncated>
		<difficult>0</difficult>
		<occluded>0</occluded>
		<bndbox>
			<xmin>380</xmin>
			<xmax>425</xmax>
			<ymin>108</ymin>
			<ymax>265</ymax>
		</bndbox>
	</object>
</annotation>
