<annotation>
	<folder></folder>
	<filename>0000000527-1-Image_jpeg.rf.1648ec74bbfaafb19e758f03000137d8.jpg</filename>
	<path>0000000527-1-Image_jpeg.rf.1648ec74bbfaafb19e758f03000137d8.jpg</path>
	<source>
		<database>roboflow.ai</database>
	</source>
	<size>
		<width>600</width>
		<height>600</height>
		<depth>3</depth>
	</size>
	<segmented>0</segmented>
	<object>
		<name>0</name>
		<pose>Unspecified</pose>
		<truncated>0</truncated>
		<difficult>0</difficult>
		<occluded>0</occluded>
		<bndbox>
			<xmin>303</xmin>
			<xmax>308</xmax>
			<ymin>294</ymin>
			<ymax>316</ymax>
		</bndbox>
	</object>
	<object>
		<name>0</name>
		<pose>Unspecified</pose>
		<truncated>0</truncated>
		<difficult>0</difficult>
		<occluded>0</occluded>
		<bndbox>
			<xmin>303</xmin>
			<xmax>327</xmax>
			<ymin>119</ymin>
			<ymax>292</ymax>
		</bndbox>
	</object>
</annotation>
