<annotation>
	<folder></folder>
	<filename>0000000951-1-Image_jpeg.rf.db1e4a265f7e1861c754444085c83a44.jpg</filename>
	<path>0000000951-1-Image_jpeg.rf.db1e4a265f7e1861c754444085c83a44.jpg</path>
	<source>
		<database>roboflow.ai</database>
	</source>
	<size>
		<width>600</width>
		<height>600</height>
		<depth>3</depth>
	</size>
	<segmented>0</segmented>
	<object>
		<name>0</name>
		<pose>Unspecified</pose>
		<truncated>0</truncated>
		<difficult>0</difficult>
		<occluded>0</occluded>
		<bndbox>
			<xmin>395</xmin>
			<xmax>400</xmax>
			<ymin>322</ymin>
			<ymax>342</ymax>
		</bndbox>
	</object>
</annotation>
