<annotation>
	<folder></folder>
	<filename>0000001069-1-Image_jpeg.rf.b30ce2c39fe33f5f588b56d1438b8c2b.jpg</filename>
	<path>0000001069-1-Image_jpeg.rf.b30ce2c39fe33f5f588b56d1438b8c2b.jpg</path>
	<source>
		<database>roboflow.ai</database>
	</source>
	<size>
		<width>600</width>
		<height>600</height>
		<depth>3</depth>
	</size>
	<segmented>0</segmented>
	<object>
		<name>0</name>
		<pose>Unspecified</pose>
		<truncated>0</truncated>
		<difficult>0</difficult>
		<occluded>0</occluded>
		<bndbox>
			<xmin>412</xmin>
			<xmax>417</xmax>
			<ymin>301</ymin>
			<ymax>323</ymax>
		</bndbox>
	</object>
	<object>
		<name>0</name>
		<pose>Unspecified</pose>
		<truncated>0</truncated>
		<difficult>0</difficult>
		<occluded>0</occluded>
		<bndbox>
			<xmin>404</xmin>
			<xmax>412</xmax>
			<ymin>125</ymin>
			<ymax>211</ymax>
		</bndbox>
	</object>
</annotation>
