<annotation>
	<folder></folder>
	<filename>0000001399-1-Image_jpeg.rf.22c9f238b318be9fbc936d702c97ccb1.jpg</filename>
	<path>0000001399-1-Image_jpeg.rf.22c9f238b318be9fbc936d702c97ccb1.jpg</path>
	<source>
		<database>roboflow.ai</database>
	</source>
	<size>
		<width>600</width>
		<height>600</height>
		<depth>3</depth>
	</size>
	<segmented>0</segmented>
	<object>
		<name>0</name>
		<pose>Unspecified</pose>
		<truncated>0</truncated>
		<difficult>0</difficult>
		<occluded>0</occluded>
		<bndbox>
			<xmin>241</xmin>
			<xmax>249</xmax>
			<ymin>249</ymin>
			<ymax>271</ymax>
		</bndbox>
	</object>
	<object>
		<name>0</name>
		<pose>Unspecified</pose>
		<truncated>0</truncated>
		<difficult>0</difficult>
		<occluded>0</occluded>
		<bndbox>
			<xmin>245</xmin>
			<xmax>286</xmax>
			<ymin>76</ymin>
			<ymax>245</ymax>
		</bndbox>
	</object>
</annotation>
