<annotation>
	<folder></folder>
	<filename>0000000862-1-Image_jpeg.rf.d3c24a1e4fb7b2ad89a326f457bef5a5.jpg</filename>
	<path>0000000862-1-Image_jpeg.rf.d3c24a1e4fb7b2ad89a326f457bef5a5.jpg</path>
	<source>
		<database>roboflow.ai</database>
	</source>
	<size>
		<width>600</width>
		<height>600</height>
		<depth>3</depth>
	</size>
	<segmented>0</segmented>
	<object>
		<name>0</name>
		<pose>Unspecified</pose>
		<truncated>0</truncated>
		<difficult>0</difficult>
		<occluded>0</occluded>
		<bndbox>
			<xmin>318</xmin>
			<xmax>323</xmax>
			<ymin>273</ymin>
			<ymax>295</ymax>
		</bndbox>
	</object>
	<object>
		<name>0</name>
		<pose>Unspecified</pose>
		<truncated>0</truncated>
		<difficult>0</difficult>
		<occluded>0</occluded>
		<bndbox>
			<xmin>316</xmin>
			<xmax>324</xmax>
			<ymin>106</ymin>
			<ymax>271</ymax>
		</bndbox>
	</object>
</annotation>
