<annotation>
	<folder></folder>
	<filename>0000001115-1-Image_jpeg.rf.59f4168dadf8be39baf1d832f43deff6.jpg</filename>
	<path>0000001115-1-Image_jpeg.rf.59f4168dadf8be39baf1d832f43deff6.jpg</path>
	<source>
		<database>roboflow.ai</database>
	</source>
	<size>
		<width>600</width>
		<height>600</height>
		<depth>3</depth>
	</size>
	<segmented>0</segmented>
	<object>
		<name>0</name>
		<pose>Unspecified</pose>
		<truncated>0</truncated>
		<difficult>0</difficult>
		<occluded>0</occluded>
		<bndbox>
			<xmin>235</xmin>
			<xmax>241</xmax>
			<ymin>273</ymin>
			<ymax>293</ymax>
		</bndbox>
	</object>
	<object>
		<name>0</name>
		<pose>Unspecified</pose>
		<truncated>0</truncated>
		<difficult>0</difficult>
		<occluded>0</occluded>
		<bndbox>
			<xmin>230</xmin>
			<xmax>239</xmax>
			<ymin>226</ymin>
			<ymax>271</ymax>
		</bndbox>
	</object>
</annotation>
