<annotation>
	<folder></folder>
	<filename>0000000260-1-Image_jpeg.rf.c7e55661e0af655166d052013c282b2a.jpg</filename>
	<path>0000000260-1-Image_jpeg.rf.c7e55661e0af655166d052013c282b2a.jpg</path>
	<source>
		<database>roboflow.ai</database>
	</source>
	<size>
		<width>600</width>
		<height>600</height>
		<depth>3</depth>
	</size>
	<segmented>0</segmented>
	<object>
		<name>0</name>
		<pose>Unspecified</pose>
		<truncated>0</truncated>
		<difficult>0</difficult>
		<occluded>0</occluded>
		<bndbox>
			<xmin>309</xmin>
			<xmax>314</xmax>
			<ymin>314</ymin>
			<ymax>337</ymax>
		</bndbox>
	</object>
	<object>
		<name>0</name>
		<pose>Unspecified</pose>
		<truncated>0</truncated>
		<difficult>0</difficult>
		<occluded>0</occluded>
		<bndbox>
			<xmin>286</xmin>
			<xmax>312</xmax>
			<ymin>176</ymin>
			<ymax>311</ymax>
		</bndbox>
	</object>
</annotation>
