<annotation>
	<folder></folder>
	<filename>0000000289-1-Image_jpeg.rf.a6e63b74d4d80a50805076b24d3ce6fe.jpg</filename>
	<path>0000000289-1-Image_jpeg.rf.a6e63b74d4d80a50805076b24d3ce6fe.jpg</path>
	<source>
		<database>roboflow.ai</database>
	</source>
	<size>
		<width>600</width>
		<height>600</height>
		<depth>3</depth>
	</size>
	<segmented>0</segmented>
	<object>
		<name>0</name>
		<pose>Unspecified</pose>
		<truncated>0</truncated>
		<difficult>0</difficult>
		<occluded>0</occluded>
		<bndbox>
			<xmin>252</xmin>
			<xmax>260</xmax>
			<ymin>305</ymin>
			<ymax>329</ymax>
		</bndbox>
	</object>
	<object>
		<name>0</name>
		<pose>Unspecified</pose>
		<truncated>0</truncated>
		<difficult>0</difficult>
		<occluded>0</occluded>
		<bndbox>
			<xmin>256</xmin>
			<xmax>260</xmax>
			<ymin>285</ymin>
			<ymax>296</ymax>
		</bndbox>
	</object>
</annotation>
