<annotation>
	<folder></folder>
	<filename>0000001149-1-Image_jpeg.rf.f05389eb94d784900424b99313cbc9e5.jpg</filename>
	<path>0000001149-1-Image_jpeg.rf.f05389eb94d784900424b99313cbc9e5.jpg</path>
	<source>
		<database>roboflow.ai</database>
	</source>
	<size>
		<width>600</width>
		<height>600</height>
		<depth>3</depth>
	</size>
	<segmented>0</segmented>
	<object>
		<name>0</name>
		<pose>Unspecified</pose>
		<truncated>0</truncated>
		<difficult>0</difficult>
		<occluded>0</occluded>
		<bndbox>
			<xmin>333</xmin>
			<xmax>340</xmax>
			<ymin>342</ymin>
			<ymax>367</ymax>
		</bndbox>
	</object>
</annotation>
