<annotation>
	<folder></folder>
	<filename>0000000931-1-Image_jpeg.rf.1c80588e815338c5cfc628e0ee3a3f3f.jpg</filename>
	<path>0000000931-1-Image_jpeg.rf.1c80588e815338c5cfc628e0ee3a3f3f.jpg</path>
	<source>
		<database>roboflow.ai</database>
	</source>
	<size>
		<width>600</width>
		<height>600</height>
		<depth>3</depth>
	</size>
	<segmented>0</segmented>
	<object>
		<name>0</name>
		<pose>Unspecified</pose>
		<truncated>0</truncated>
		<difficult>0</difficult>
		<occluded>0</occluded>
		<bndbox>
			<xmin>299</xmin>
			<xmax>305</xmax>
			<ymin>294</ymin>
			<ymax>316</ymax>
		</bndbox>
	</object>
	<object>
		<name>0</name>
		<pose>Unspecified</pose>
		<truncated>0</truncated>
		<difficult>0</difficult>
		<occluded>0</occluded>
		<bndbox>
			<xmin>284</xmin>
			<xmax>303</xmax>
			<ymin>170</ymin>
			<ymax>292</ymax>
		</bndbox>
	</object>
</annotation>
