<annotation>
	<folder></folder>
	<filename>0000001355-1-Image_jpeg.rf.a3c165e18cf4ff31d3460c15545687da.jpg</filename>
	<path>0000001355-1-Image_jpeg.rf.a3c165e18cf4ff31d3460c15545687da.jpg</path>
	<source>
		<database>roboflow.ai</database>
	</source>
	<size>
		<width>600</width>
		<height>600</height>
		<depth>3</depth>
	</size>
	<segmented>0</segmented>
	<object>
		<name>0</name>
		<pose>Unspecified</pose>
		<truncated>0</truncated>
		<difficult>0</difficult>
		<occluded>0</occluded>
		<bndbox>
			<xmin>245</xmin>
			<xmax>250</xmax>
			<ymin>479</ymin>
			<ymax>504</ymax>
		</bndbox>
	</object>
</annotation>
