<annotation>
	<folder></folder>
	<filename>0000000648-1-Image_jpeg.rf.fe7e247f3a28504329d2539c2868149a.jpg</filename>
	<path>0000000648-1-Image_jpeg.rf.fe7e247f3a28504329d2539c2868149a.jpg</path>
	<source>
		<database>roboflow.ai</database>
	</source>
	<size>
		<width>600</width>
		<height>600</height>
		<depth>3</depth>
	</size>
	<segmented>0</segmented>
	<object>
		<name>0</name>
		<pose>Unspecified</pose>
		<truncated>0</truncated>
		<difficult>0</difficult>
		<occluded>0</occluded>
		<bndbox>
			<xmin>303</xmin>
			<xmax>308</xmax>
			<ymin>303</ymin>
			<ymax>325</ymax>
		</bndbox>
	</object>
	<object>
		<name>0</name>
		<pose>Unspecified</pose>
		<truncated>0</truncated>
		<difficult>0</difficult>
		<occluded>0</occluded>
		<bndbox>
			<xmin>262</xmin>
			<xmax>307</xmax>
			<ymin>134</ymin>
			<ymax>301</ymax>
		</bndbox>
	</object>
</annotation>
