<annotation>
	<folder></folder>
	<filename>0000000894-1-Image_jpeg.rf.f76d3d34954af64dad14c8e6976f85a4.jpg</filename>
	<path>0000000894-1-Image_jpeg.rf.f76d3d34954af64dad14c8e6976f85a4.jpg</path>
	<source>
		<database>roboflow.ai</database>
	</source>
	<size>
		<width>600</width>
		<height>600</height>
		<depth>3</depth>
	</size>
	<segmented>0</segmented>
	<object>
		<name>0</name>
		<pose>Unspecified</pose>
		<truncated>0</truncated>
		<difficult>0</difficult>
		<occluded>0</occluded>
		<bndbox>
			<xmin>239</xmin>
			<xmax>241</xmax>
			<ymin>335</ymin>
			<ymax>344</ymax>
		</bndbox>
	</object>
</annotation>
