<annotation>
	<folder></folder>
	<filename>0000000602-1-Image_jpeg.rf.d2058f0687764a74404d4f54ed634c97.jpg</filename>
	<path>0000000602-1-Image_jpeg.rf.d2058f0687764a74404d4f54ed634c97.jpg</path>
	<source>
		<database>roboflow.ai</database>
	</source>
	<size>
		<width>600</width>
		<height>600</height>
		<depth>3</depth>
	</size>
	<segmented>0</segmented>
	<object>
		<name>0</name>
		<pose>Unspecified</pose>
		<truncated>0</truncated>
		<difficult>0</difficult>
		<occluded>0</occluded>
		<bndbox>
			<xmin>297</xmin>
			<xmax>299</xmax>
			<ymin>251</ymin>
			<ymax>262</ymax>
		</bndbox>
	</object>
	<object>
		<name>0</name>
		<pose>Unspecified</pose>
		<truncated>0</truncated>
		<difficult>0</difficult>
		<occluded>0</occluded>
		<bndbox>
			<xmin>298</xmin>
			<xmax>311</xmax>
			<ymin>164</ymin>
			<ymax>245</ymax>
		</bndbox>
	</object>
</annotation>
