<annotation>
	<folder></folder>
	<filename>0000000961-1-Image_jpeg.rf.325e484015a9e44e0b911fd63f071aa3.jpg</filename>
	<path>0000000961-1-Image_jpeg.rf.325e484015a9e44e0b911fd63f071aa3.jpg</path>
	<source>
		<database>roboflow.ai</database>
	</source>
	<size>
		<width>600</width>
		<height>600</height>
		<depth>3</depth>
	</size>
	<segmented>0</segmented>
	<object>
		<name>0</name>
		<pose>Unspecified</pose>
		<truncated>0</truncated>
		<difficult>0</difficult>
		<occluded>0</occluded>
		<bndbox>
			<xmin>307</xmin>
			<xmax>311</xmax>
			<ymin>298</ymin>
			<ymax>309</ymax>
		</bndbox>
	</object>
	<object>
		<name>0</name>
		<pose>Unspecified</pose>
		<truncated>0</truncated>
		<difficult>0</difficult>
		<occluded>0</occluded>
		<bndbox>
			<xmin>301</xmin>
			<xmax>309</xmax>
			<ymin>222</ymin>
			<ymax>292</ymax>
		</bndbox>
	</object>
</annotation>
