<annotation>
	<folder></folder>
	<filename>0000001306-1-Image_jpeg.rf.5c82e332cf92234fb705b167f2c6811c.jpg</filename>
	<path>0000001306-1-Image_jpeg.rf.5c82e332cf92234fb705b167f2c6811c.jpg</path>
	<source>
		<database>roboflow.ai</database>
	</source>
	<size>
		<width>600</width>
		<height>600</height>
		<depth>3</depth>
	</size>
	<segmented>0</segmented>
	<object>
		<name>0</name>
		<pose>Unspecified</pose>
		<truncated>0</truncated>
		<difficult>0</difficult>
		<occluded>0</occluded>
		<bndbox>
			<xmin>299</xmin>
			<xmax>301</xmax>
			<ymin>292</ymin>
			<ymax>299</ymax>
		</bndbox>
	</object>
	<object>
		<name>0</name>
		<pose>Unspecified</pose>
		<truncated>0</truncated>
		<difficult>0</difficult>
		<occluded>0</occluded>
		<bndbox>
			<xmin>301</xmin>
			<xmax>320</xmax>
			<ymin>205</ymin>
			<ymax>271</ymax>
		</bndbox>
	</object>
</annotation>
