<annotation>
	<folder></folder>
	<filename>0000001031-1-Image_jpeg.rf.77c60e5dcf9ac749c76fa2440b7bd234.jpg</filename>
	<path>0000001031-1-Image_jpeg.rf.77c60e5dcf9ac749c76fa2440b7bd234.jpg</path>
	<source>
		<database>roboflow.ai</database>
	</source>
	<size>
		<width>600</width>
		<height>600</height>
		<depth>3</depth>
	</size>
	<segmented>0</segmented>
	<object>
		<name>0</name>
		<pose>Unspecified</pose>
		<truncated>0</truncated>
		<difficult>0</difficult>
		<occluded>0</occluded>
		<bndbox>
			<xmin>290</xmin>
			<xmax>292</xmax>
			<ymin>273</ymin>
			<ymax>280</ymax>
		</bndbox>
	</object>
	<object>
		<name>0</name>
		<pose>Unspecified</pose>
		<truncated>0</truncated>
		<difficult>0</difficult>
		<occluded>0</occluded>
		<bndbox>
			<xmin>292</xmin>
			<xmax>301</xmax>
			<ymin>206</ymin>
			<ymax>262</ymax>
		</bndbox>
	</object>
</annotation>
