<annotation>
	<folder></folder>
	<filename>0000000439-1-Image_jpeg.rf.ca8f22d53213466e9a971fa8d0430d18.jpg</filename>
	<path>0000000439-1-Image_jpeg.rf.ca8f22d53213466e9a971fa8d0430d18.jpg</path>
	<source>
		<database>roboflow.ai</database>
	</source>
	<size>
		<width>600</width>
		<height>600</height>
		<depth>3</depth>
	</size>
	<segmented>0</segmented>
	<object>
		<name>0</name>
		<pose>Unspecified</pose>
		<truncated>0</truncated>
		<difficult>0</difficult>
		<occluded>0</occluded>
		<bndbox>
			<xmin>279</xmin>
			<xmax>281</xmax>
			<ymin>263</ymin>
			<ymax>273</ymax>
		</bndbox>
	</object>
	<object>
		<name>0</name>
		<pose>Unspecified</pose>
		<truncated>0</truncated>
		<difficult>0</difficult>
		<occluded>0</occluded>
		<bndbox>
			<xmin>279</xmin>
			<xmax>283</xmax>
			<ymin>179</ymin>
			<ymax>262</ymax>
		</bndbox>
	</object>
</annotation>
