<annotation>
	<folder></folder>
	<filename>0000000290-1-Image_jpeg.rf.531b75167bc9f389f273be237e8ee1f9.jpg</filename>
	<path>0000000290-1-Image_jpeg.rf.531b75167bc9f389f273be237e8ee1f9.jpg</path>
	<source>
		<database>roboflow.ai</database>
	</source>
	<size>
		<width>600</width>
		<height>600</height>
		<depth>3</depth>
	</size>
	<segmented>0</segmented>
	<object>
		<name>0</name>
		<pose>Unspecified</pose>
		<truncated>0</truncated>
		<difficult>0</difficult>
		<occluded>0</occluded>
		<bndbox>
			<xmin>326</xmin>
			<xmax>328</xmax>
			<ymin>262</ymin>
			<ymax>269</ymax>
		</bndbox>
	</object>
	<object>
		<name>0</name>
		<pose>Unspecified</pose>
		<truncated>0</truncated>
		<difficult>0</difficult>
		<occluded>0</occluded>
		<bndbox>
			<xmin>320</xmin>
			<xmax>325</xmax>
			<ymin>198</ymin>
			<ymax>241</ymax>
		</bndbox>
	</object>
</annotation>
