<annotation>
	<folder></folder>
	<filename>0000000604-1-Image_jpeg.rf.b67869077b113f41d81e72909b6606a2.jpg</filename>
	<path>0000000604-1-Image_jpeg.rf.b67869077b113f41d81e72909b6606a2.jpg</path>
	<source>
		<database>roboflow.ai</database>
	</source>
	<size>
		<width>600</width>
		<height>600</height>
		<depth>3</depth>
	</size>
	<segmented>0</segmented>
	<object>
		<name>0</name>
		<pose>Unspecified</pose>
		<truncated>0</truncated>
		<difficult>0</difficult>
		<occluded>0</occluded>
		<bndbox>
			<xmin>284</xmin>
			<xmax>288</xmax>
			<ymin>243</ymin>
			<ymax>254</ymax>
		</bndbox>
	</object>
	<object>
		<name>0</name>
		<pose>Unspecified</pose>
		<truncated>0</truncated>
		<difficult>0</difficult>
		<occluded>0</occluded>
		<bndbox>
			<xmin>288</xmin>
			<xmax>308</xmax>
			<ymin>164</ymin>
			<ymax>243</ymax>
		</bndbox>
	</object>
</annotation>
