<annotation>
	<folder></folder>
	<filename>0000000464-1-Image_jpeg.rf.50c6ff00b5138617170643e4e35fed28.jpg</filename>
	<path>0000000464-1-Image_jpeg.rf.50c6ff00b5138617170643e4e35fed28.jpg</path>
	<source>
		<database>roboflow.ai</database>
	</source>
	<size>
		<width>600</width>
		<height>600</height>
		<depth>3</depth>
	</size>
	<segmented>0</segmented>
	<object>
		<name>0</name>
		<pose>Unspecified</pose>
		<truncated>0</truncated>
		<difficult>0</difficult>
		<occluded>0</occluded>
		<bndbox>
			<xmin>299</xmin>
			<xmax>301</xmax>
			<ymin>288</ymin>
			<ymax>297</ymax>
		</bndbox>
	</object>
	<object>
		<name>0</name>
		<pose>Unspecified</pose>
		<truncated>0</truncated>
		<difficult>0</difficult>
		<occluded>0</occluded>
		<bndbox>
			<xmin>292</xmin>
			<xmax>299</xmax>
			<ymin>224</ymin>
			<ymax>267</ymax>
		</bndbox>
	</object>
</annotation>
