<annotation>
	<folder></folder>
	<filename>0000001016-1-Image_jpeg.rf.1d5cc05aa10a41e244509ac839493a45.jpg</filename>
	<path>0000001016-1-Image_jpeg.rf.1d5cc05aa10a41e244509ac839493a45.jpg</path>
	<source>
		<database>roboflow.ai</database>
	</source>
	<size>
		<width>600</width>
		<height>600</height>
		<depth>3</depth>
	</size>
	<segmented>0</segmented>
	<object>
		<name>0</name>
		<pose>Unspecified</pose>
		<truncated>0</truncated>
		<difficult>0</difficult>
		<occluded>0</occluded>
		<bndbox>
			<xmin>292</xmin>
			<xmax>294</xmax>
			<ymin>271</ymin>
			<ymax>282</ymax>
		</bndbox>
	</object>
	<object>
		<name>0</name>
		<pose>Unspecified</pose>
		<truncated>0</truncated>
		<difficult>0</difficult>
		<occluded>0</occluded>
		<bndbox>
			<xmin>292</xmin>
			<xmax>297</xmax>
			<ymin>190</ymin>
			<ymax>256</ymax>
		</bndbox>
	</object>
</annotation>
