<annotation>
	<folder></folder>
	<filename>0000000823-1-Image_jpeg.rf.b6016f2ca4aa5d1ce489e38ca1cbb8ca.jpg</filename>
	<path>0000000823-1-Image_jpeg.rf.b6016f2ca4aa5d1ce489e38ca1cbb8ca.jpg</path>
	<source>
		<database>roboflow.ai</database>
	</source>
	<size>
		<width>600</width>
		<height>600</height>
		<depth>3</depth>
	</size>
	<segmented>0</segmented>
	<object>
		<name>0</name>
		<pose>Unspecified</pose>
		<truncated>0</truncated>
		<difficult>0</difficult>
		<occluded>0</occluded>
		<bndbox>
			<xmin>301</xmin>
			<xmax>303</xmax>
			<ymin>295</ymin>
			<ymax>305</ymax>
		</bndbox>
	</object>
	<object>
		<name>0</name>
		<pose>Unspecified</pose>
		<truncated>0</truncated>
		<difficult>0</difficult>
		<occluded>0</occluded>
		<bndbox>
			<xmin>303</xmin>
			<xmax>308</xmax>
			<ymin>224</ymin>
			<ymax>294</ymax>
		</bndbox>
	</object>
</annotation>
