<annotation>
	<folder></folder>
	<filename>0000000962-1-Image_jpeg.rf.6c039b7f800cd911a613d67e46e373fe.jpg</filename>
	<path>0000000962-1-Image_jpeg.rf.6c039b7f800cd911a613d67e46e373fe.jpg</path>
	<source>
		<database>roboflow.ai</database>
	</source>
	<size>
		<width>600</width>
		<height>600</height>
		<depth>3</depth>
	</size>
	<segmented>0</segmented>
	<object>
		<name>0</name>
		<pose>Unspecified</pose>
		<truncated>0</truncated>
		<difficult>0</difficult>
		<occluded>0</occluded>
		<bndbox>
			<xmin>309</xmin>
			<xmax>311</xmax>
			<ymin>296</ymin>
			<ymax>307</ymax>
		</bndbox>
	</object>
	<object>
		<name>0</name>
		<pose>Unspecified</pose>
		<truncated>0</truncated>
		<difficult>0</difficult>
		<occluded>0</occluded>
		<bndbox>
			<xmin>305</xmin>
			<xmax>309</xmax>
			<ymin>211</ymin>
			<ymax>247</ymax>
		</bndbox>
	</object>
</annotation>
