<annotation>
	<folder></folder>
	<filename>0000001103-1-Image_jpeg.rf.d71228a89277e77b3b780f0c40e868ba.jpg</filename>
	<path>0000001103-1-Image_jpeg.rf.d71228a89277e77b3b780f0c40e868ba.jpg</path>
	<source>
		<database>roboflow.ai</database>
	</source>
	<size>
		<width>600</width>
		<height>600</height>
		<depth>3</depth>
	</size>
	<segmented>0</segmented>
	<object>
		<name>0</name>
		<pose>Unspecified</pose>
		<truncated>0</truncated>
		<difficult>0</difficult>
		<occluded>0</occluded>
		<bndbox>
			<xmin>372</xmin>
			<xmax>374</xmax>
			<ymin>322</ymin>
			<ymax>329</ymax>
		</bndbox>
	</object>
</annotation>
