<annotation>
	<folder></folder>
	<filename>0000000249-1-Image_jpeg.rf.3d230d00d2609b54a50618e8a53685ab.jpg</filename>
	<path>0000000249-1-Image_jpeg.rf.3d230d00d2609b54a50618e8a53685ab.jpg</path>
	<source>
		<database>roboflow.ai</database>
	</source>
	<size>
		<width>600</width>
		<height>600</height>
		<depth>3</depth>
	</size>
	<segmented>0</segmented>
	<object>
		<name>0</name>
		<pose>Unspecified</pose>
		<truncated>0</truncated>
		<difficult>0</difficult>
		<occluded>0</occluded>
		<bndbox>
			<xmin>303</xmin>
			<xmax>305</xmax>
			<ymin>288</ymin>
			<ymax>297</ymax>
		</bndbox>
	</object>
	<object>
		<name>0</name>
		<pose>Unspecified</pose>
		<truncated>0</truncated>
		<difficult>0</difficult>
		<occluded>0</occluded>
		<bndbox>
			<xmin>307</xmin>
			<xmax>322</xmax>
			<ymin>215</ymin>
			<ymax>282</ymax>
		</bndbox>
	</object>
</annotation>
