<annotation>
	<folder></folder>
	<filename>0000001134-1-Image_jpeg.rf.5be8f35b93bb2b4639288dc291c0bcb9.jpg</filename>
	<path>0000001134-1-Image_jpeg.rf.5be8f35b93bb2b4639288dc291c0bcb9.jpg</path>
	<source>
		<database>roboflow.ai</database>
	</source>
	<size>
		<width>600</width>
		<height>600</height>
		<depth>3</depth>
	</size>
	<segmented>0</segmented>
	<object>
		<name>0</name>
		<pose>Unspecified</pose>
		<truncated>0</truncated>
		<difficult>0</difficult>
		<occluded>0</occluded>
		<bndbox>
			<xmin>301</xmin>
			<xmax>303</xmax>
			<ymin>286</ymin>
			<ymax>297</ymax>
		</bndbox>
	</object>
	<object>
		<name>0</name>
		<pose>Unspecified</pose>
		<truncated>0</truncated>
		<difficult>0</difficult>
		<occluded>0</occluded>
		<bndbox>
			<xmin>303</xmin>
			<xmax>312</xmax>
			<ymin>234</ymin>
			<ymax>284</ymax>
		</bndbox>
	</object>
</annotation>
