<annotation>
	<folder></folder>
	<filename>0000000810-1-Image_jpeg.rf.d739f921c35b2be3dfc380efbebcf9f4.jpg</filename>
	<path>0000000810-1-Image_jpeg.rf.d739f921c35b2be3dfc380efbebcf9f4.jpg</path>
	<source>
		<database>roboflow.ai</database>
	</source>
	<size>
		<width>600</width>
		<height>600</height>
		<depth>3</depth>
	</size>
	<segmented>0</segmented>
	<object>
		<name>0</name>
		<pose>Unspecified</pose>
		<truncated>0</truncated>
		<difficult>0</difficult>
		<occluded>0</occluded>
		<bndbox>
			<xmin>372</xmin>
			<xmax>374</xmax>
			<ymin>301</ymin>
			<ymax>312</ymax>
		</bndbox>
	</object>
</annotation>
