<annotation>
	<folder></folder>
	<filename>0000001201-1-Image_jpeg.rf.c46330a2b6e54610881a9fb1797ac7e2.jpg</filename>
	<path>0000001201-1-Image_jpeg.rf.c46330a2b6e54610881a9fb1797ac7e2.jpg</path>
	<source>
		<database>roboflow.ai</database>
	</source>
	<size>
		<width>600</width>
		<height>600</height>
		<depth>3</depth>
	</size>
	<segmented>0</segmented>
	<object>
		<name>0</name>
		<pose>Unspecified</pose>
		<truncated>0</truncated>
		<difficult>0</difficult>
		<occluded>0</occluded>
		<bndbox>
			<xmin>378</xmin>
			<xmax>380</xmax>
			<ymin>280</ymin>
			<ymax>290</ymax>
		</bndbox>
	</object>
</annotation>
