<annotation>
	<folder></folder>
	<filename>0000000512-1-Image_jpeg.rf.5144bff42505f43b81d6043ea4815541.jpg</filename>
	<path>0000000512-1-Image_jpeg.rf.5144bff42505f43b81d6043ea4815541.jpg</path>
	<source>
		<database>roboflow.ai</database>
	</source>
	<size>
		<width>600</width>
		<height>600</height>
		<depth>3</depth>
	</size>
	<segmented>0</segmented>
	<object>
		<name>0</name>
		<pose>Unspecified</pose>
		<truncated>0</truncated>
		<difficult>0</difficult>
		<occluded>0</occluded>
		<bndbox>
			<xmin>307</xmin>
			<xmax>309</xmax>
			<ymin>294</ymin>
			<ymax>305</ymax>
		</bndbox>
	</object>
	<object>
		<name>0</name>
		<pose>Unspecified</pose>
		<truncated>0</truncated>
		<difficult>0</difficult>
		<occluded>0</occluded>
		<bndbox>
			<xmin>307</xmin>
			<xmax>316</xmax>
			<ymin>228</ymin>
			<ymax>288</ymax>
		</bndbox>
	</object>
</annotation>
