<annotation>
	<folder></folder>
	<filename>0000000799-1-Image_jpeg.rf.6f852ec69e30a26d12847df53a060356.jpg</filename>
	<path>0000000799-1-Image_jpeg.rf.6f852ec69e30a26d12847df53a060356.jpg</path>
	<source>
		<database>roboflow.ai</database>
	</source>
	<size>
		<width>600</width>
		<height>600</height>
		<depth>3</depth>
	</size>
	<segmented>0</segmented>
	<object>
		<name>0</name>
		<pose>Unspecified</pose>
		<truncated>0</truncated>
		<difficult>0</difficult>
		<occluded>0</occluded>
		<bndbox>
			<xmin>258</xmin>
			<xmax>260</xmax>
			<ymin>293</ymin>
			<ymax>303</ymax>
		</bndbox>
	</object>
	<object>
		<name>0</name>
		<pose>Unspecified</pose>
		<truncated>0</truncated>
		<difficult>0</difficult>
		<occluded>0</occluded>
		<bndbox>
			<xmin>248</xmin>
			<xmax>258</xmax>
			<ymin>206</ymin>
			<ymax>266</ymax>
		</bndbox>
	</object>
</annotation>
