<annotation>
	<folder></folder>
	<filename>0000000299-1-Image_jpeg.rf.9eaed9aa222554efa078acfc06d5ca0a.jpg</filename>
	<path>0000000299-1-Image_jpeg.rf.9eaed9aa222554efa078acfc06d5ca0a.jpg</path>
	<source>
		<database>roboflow.ai</database>
	</source>
	<size>
		<width>600</width>
		<height>600</height>
		<depth>3</depth>
	</size>
	<segmented>0</segmented>
	<object>
		<name>0</name>
		<pose>Unspecified</pose>
		<truncated>0</truncated>
		<difficult>0</difficult>
		<occluded>0</occluded>
		<bndbox>
			<xmin>318</xmin>
			<xmax>322</xmax>
			<ymin>258</ymin>
			<ymax>269</ymax>
		</bndbox>
	</object>
	<object>
		<name>0</name>
		<pose>Unspecified</pose>
		<truncated>0</truncated>
		<difficult>0</difficult>
		<occluded>0</occluded>
		<bndbox>
			<xmin>320</xmin>
			<xmax>322</xmax>
			<ymin>204</ymin>
			<ymax>226</ymax>
		</bndbox>
	</object>
</annotation>
