<annotation>
	<folder></folder>
	<filename>0000000296-1-Image_jpeg.rf.1333598cd660bb45eee9ff7cd4c0c87d.jpg</filename>
	<path>0000000296-1-Image_jpeg.rf.1333598cd660bb45eee9ff7cd4c0c87d.jpg</path>
	<source>
		<database>roboflow.ai</database>
	</source>
	<size>
		<width>600</width>
		<height>600</height>
		<depth>3</depth>
	</size>
	<segmented>0</segmented>
	<object>
		<name>0</name>
		<pose>Unspecified</pose>
		<truncated>0</truncated>
		<difficult>0</difficult>
		<occluded>0</occluded>
		<bndbox>
			<xmin>281</xmin>
			<xmax>283</xmax>
			<ymin>290</ymin>
			<ymax>297</ymax>
		</bndbox>
	</object>
	<object>
		<name>0</name>
		<pose>Unspecified</pose>
		<truncated>0</truncated>
		<difficult>0</difficult>
		<occluded>0</occluded>
		<bndbox>
			<xmin>282</xmin>
			<xmax>284</xmax>
			<ymin>200</ymin>
			<ymax>222</ymax>
		</bndbox>
	</object>
</annotation>
