<annotation>
	<folder></folder>
	<filename>0000000033-1-Image_jpeg.rf.99d2a68d31ef3ab22ac2f8c1d731ecd2.jpg</filename>
	<path>0000000033-1-Image_jpeg.rf.99d2a68d31ef3ab22ac2f8c1d731ecd2.jpg</path>
	<source>
		<database>roboflow.ai</database>
	</source>
	<size>
		<width>600</width>
		<height>600</height>
		<depth>3</depth>
	</size>
	<segmented>0</segmented>
	<object>
		<name>0</name>
		<pose>Unspecified</pose>
		<truncated>0</truncated>
		<difficult>0</difficult>
		<occluded>0</occluded>
		<bndbox>
			<xmin>322</xmin>
			<xmax>324</xmax>
			<ymin>290</ymin>
			<ymax>299</ymax>
		</bndbox>
	</object>
	<object>
		<name>0</name>
		<pose>Unspecified</pose>
		<truncated>0</truncated>
		<difficult>0</difficult>
		<occluded>0</occluded>
		<bndbox>
			<xmin>323</xmin>
			<xmax>331</xmax>
			<ymin>209</ymin>
			<ymax>279</ymax>
		</bndbox>
	</object>
</annotation>
