<annotation>
	<folder></folder>
	<filename>0000000547-1-Image_jpeg.rf.cf7d6453ea9ec1627bff53e0e203f02e.jpg</filename>
	<path>0000000547-1-Image_jpeg.rf.cf7d6453ea9ec1627bff53e0e203f02e.jpg</path>
	<source>
		<database>roboflow.ai</database>
	</source>
	<size>
		<width>600</width>
		<height>600</height>
		<depth>3</depth>
	</size>
	<segmented>0</segmented>
	<object>
		<name>0</name>
		<pose>Unspecified</pose>
		<truncated>0</truncated>
		<difficult>0</difficult>
		<occluded>0</occluded>
		<bndbox>
			<xmin>296</xmin>
			<xmax>298</xmax>
			<ymin>293</ymin>
			<ymax>303</ymax>
		</bndbox>
	</object>
	<object>
		<name>0</name>
		<pose>Unspecified</pose>
		<truncated>0</truncated>
		<difficult>0</difficult>
		<occluded>0</occluded>
		<bndbox>
			<xmin>295</xmin>
			<xmax>299</xmax>
			<ymin>209</ymin>
			<ymax>292</ymax>
		</bndbox>
	</object>
</annotation>
