<annotation>
	<folder></folder>
	<filename>0000001081-1-Image_jpeg.rf.a740aa03d4f82fe96aee6402c9b2f59f.jpg</filename>
	<path>0000001081-1-Image_jpeg.rf.a740aa03d4f82fe96aee6402c9b2f59f.jpg</path>
	<source>
		<database>roboflow.ai</database>
	</source>
	<size>
		<width>600</width>
		<height>600</height>
		<depth>3</depth>
	</size>
	<segmented>0</segmented>
	<object>
		<name>0</name>
		<pose>Unspecified</pose>
		<truncated>0</truncated>
		<difficult>0</difficult>
		<occluded>0</occluded>
		<bndbox>
			<xmin>307</xmin>
			<xmax>309</xmax>
			<ymin>278</ymin>
			<ymax>288</ymax>
		</bndbox>
	</object>
	<object>
		<name>0</name>
		<pose>Unspecified</pose>
		<truncated>0</truncated>
		<difficult>0</difficult>
		<occluded>0</occluded>
		<bndbox>
			<xmin>308</xmin>
			<xmax>316</xmax>
			<ymin>211</ymin>
			<ymax>277</ymax>
		</bndbox>
	</object>
</annotation>
