<annotation>
	<folder></folder>
	<filename>0000000849-1-Image_jpeg.rf.cc99a5d9426d653f45ad43a32fe99b83.jpg</filename>
	<path>0000000849-1-Image_jpeg.rf.cc99a5d9426d653f45ad43a32fe99b83.jpg</path>
	<source>
		<database>roboflow.ai</database>
	</source>
	<size>
		<width>600</width>
		<height>600</height>
		<depth>3</depth>
	</size>
	<segmented>0</segmented>
	<object>
		<name>0</name>
		<pose>Unspecified</pose>
		<truncated>0</truncated>
		<difficult>0</difficult>
		<occluded>0</occluded>
		<bndbox>
			<xmin>322</xmin>
			<xmax>324</xmax>
			<ymin>303</ymin>
			<ymax>312</ymax>
		</bndbox>
	</object>
</annotation>
