<annotation>
	<folder></folder>
	<filename>0000000103-1-Image_jpeg.rf.72e78ffd2081512becf9d78ebca6af76.jpg</filename>
	<path>0000000103-1-Image_jpeg.rf.72e78ffd2081512becf9d78ebca6af76.jpg</path>
	<source>
		<database>roboflow.ai</database>
	</source>
	<size>
		<width>600</width>
		<height>600</height>
		<depth>3</depth>
	</size>
	<segmented>0</segmented>
	<object>
		<name>0</name>
		<pose>Unspecified</pose>
		<truncated>0</truncated>
		<difficult>0</difficult>
		<occluded>0</occluded>
		<bndbox>
			<xmin>279</xmin>
			<xmax>281</xmax>
			<ymin>305</ymin>
			<ymax>314</ymax>
		</bndbox>
	</object>
	<object>
		<name>0</name>
		<pose>Unspecified</pose>
		<truncated>0</truncated>
		<difficult>0</difficult>
		<occluded>0</occluded>
		<bndbox>
			<xmin>282</xmin>
			<xmax>288</xmax>
			<ymin>226</ymin>
			<ymax>247</ymax>
		</bndbox>
	</object>
</annotation>
