<annotation>
	<folder></folder>
	<filename>0000000598-1-Image_jpeg.rf.7dce745bfe109ad11d679f3e1217d70a.jpg</filename>
	<path>0000000598-1-Image_jpeg.rf.7dce745bfe109ad11d679f3e1217d70a.jpg</path>
	<source>
		<database>roboflow.ai</database>
	</source>
	<size>
		<width>600</width>
		<height>600</height>
		<depth>3</depth>
	</size>
	<segmented>0</segmented>
	<object>
		<name>0</name>
		<pose>Unspecified</pose>
		<truncated>0</truncated>
		<difficult>0</difficult>
		<occluded>0</occluded>
		<bndbox>
			<xmin>294</xmin>
			<xmax>296</xmax>
			<ymin>271</ymin>
			<ymax>282</ymax>
		</bndbox>
	</object>
	<object>
		<name>0</name>
		<pose>Unspecified</pose>
		<truncated>0</truncated>
		<difficult>0</difficult>
		<occluded>0</occluded>
		<bndbox>
			<xmin>275</xmin>
			<xmax>294</xmax>
			<ymin>191</ymin>
			<ymax>266</ymax>
		</bndbox>
	</object>
</annotation>
