<annotation>
	<folder></folder>
	<filename>0000000672-1-Image_jpeg.rf.108f2d64b703f6a631b23bc445fb4f2b.jpg</filename>
	<path>0000000672-1-Image_jpeg.rf.108f2d64b703f6a631b23bc445fb4f2b.jpg</path>
	<source>
		<database>roboflow.ai</database>
	</source>
	<size>
		<width>600</width>
		<height>600</height>
		<depth>3</depth>
	</size>
	<segmented>0</segmented>
	<object>
		<name>0</name>
		<pose>Unspecified</pose>
		<truncated>0</truncated>
		<difficult>0</difficult>
		<occluded>0</occluded>
		<bndbox>
			<xmin>326</xmin>
			<xmax>328</xmax>
			<ymin>307</ymin>
			<ymax>318</ymax>
		</bndbox>
	</object>
</annotation>
