<annotation>
	<folder></folder>
	<filename>0000000739-1-Image_jpeg.rf.c6872deed5794c5091f5e8c4cb1cb353.jpg</filename>
	<path>0000000739-1-Image_jpeg.rf.c6872deed5794c5091f5e8c4cb1cb353.jpg</path>
	<source>
		<database>roboflow.ai</database>
	</source>
	<size>
		<width>600</width>
		<height>600</height>
		<depth>3</depth>
	</size>
	<segmented>0</segmented>
	<object>
		<name>0</name>
		<pose>Unspecified</pose>
		<truncated>0</truncated>
		<difficult>0</difficult>
		<occluded>0</occluded>
		<bndbox>
			<xmin>316</xmin>
			<xmax>318</xmax>
			<ymin>310</ymin>
			<ymax>320</ymax>
		</bndbox>
	</object>
</annotation>
