<annotation>
	<folder></folder>
	<filename>0000001335-1-Image_jpeg.rf.60ddc5a12ad2314ab7b872f2b4b8fae7.jpg</filename>
	<path>0000001335-1-Image_jpeg.rf.60ddc5a12ad2314ab7b872f2b4b8fae7.jpg</path>
	<source>
		<database>roboflow.ai</database>
	</source>
	<size>
		<width>600</width>
		<height>600</height>
		<depth>3</depth>
	</size>
	<segmented>0</segmented>
	<object>
		<name>0</name>
		<pose>Unspecified</pose>
		<truncated>0</truncated>
		<difficult>0</difficult>
		<occluded>0</occluded>
		<bndbox>
			<xmin>303</xmin>
			<xmax>305</xmax>
			<ymin>293</ymin>
			<ymax>303</ymax>
		</bndbox>
	</object>
	<object>
		<name>0</name>
		<pose>Unspecified</pose>
		<truncated>0</truncated>
		<difficult>0</difficult>
		<occluded>0</occluded>
		<bndbox>
			<xmin>301</xmin>
			<xmax>305</xmax>
			<ymin>207</ymin>
			<ymax>286</ymax>
		</bndbox>
	</object>
</annotation>
