<annotation>
	<folder></folder>
	<filename>0000000183-1-Image_jpeg.rf.9ac29ea6b40d64cb7ba9cf267c78c1d8.jpg</filename>
	<path>0000000183-1-Image_jpeg.rf.9ac29ea6b40d64cb7ba9cf267c78c1d8.jpg</path>
	<source>
		<database>roboflow.ai</database>
	</source>
	<size>
		<width>600</width>
		<height>600</height>
		<depth>3</depth>
	</size>
	<segmented>0</segmented>
	<object>
		<name>0</name>
		<pose>Unspecified</pose>
		<truncated>0</truncated>
		<difficult>0</difficult>
		<occluded>0</occluded>
		<bndbox>
			<xmin>277</xmin>
			<xmax>279</xmax>
			<ymin>284</ymin>
			<ymax>294</ymax>
		</bndbox>
	</object>
	<object>
		<name>0</name>
		<pose>Unspecified</pose>
		<truncated>0</truncated>
		<difficult>0</difficult>
		<occluded>0</occluded>
		<bndbox>
			<xmin>275</xmin>
			<xmax>277</xmax>
			<ymin>213</ymin>
			<ymax>239</ymax>
		</bndbox>
	</object>
</annotation>
