<annotation>
	<folder></folder>
	<filename>0000000909-1-Image_jpeg.rf.0d3cd2a0c599e3b39c984434b081c9e3.jpg</filename>
	<path>0000000909-1-Image_jpeg.rf.0d3cd2a0c599e3b39c984434b081c9e3.jpg</path>
	<source>
		<database>roboflow.ai</database>
	</source>
	<size>
		<width>600</width>
		<height>600</height>
		<depth>3</depth>
	</size>
	<segmented>0</segmented>
	<object>
		<name>0</name>
		<pose>Unspecified</pose>
		<truncated>0</truncated>
		<difficult>0</difficult>
		<occluded>0</occluded>
		<bndbox>
			<xmin>301</xmin>
			<xmax>303</xmax>
			<ymin>295</ymin>
			<ymax>305</ymax>
		</bndbox>
	</object>
	<object>
		<name>0</name>
		<pose>Unspecified</pose>
		<truncated>0</truncated>
		<difficult>0</difficult>
		<occluded>0</occluded>
		<bndbox>
			<xmin>301</xmin>
			<xmax>303</xmax>
			<ymin>237</ymin>
			<ymax>290</ymax>
		</bndbox>
	</object>
</annotation>
