<annotation>
	<folder></folder>
	<filename>0000000913-1-Image_jpeg.rf.e411c04d6918d1f259b85562d508efdd.jpg</filename>
	<path>0000000913-1-Image_jpeg.rf.e411c04d6918d1f259b85562d508efdd.jpg</path>
	<source>
		<database>roboflow.ai</database>
	</source>
	<size>
		<width>600</width>
		<height>600</height>
		<depth>3</depth>
	</size>
	<segmented>0</segmented>
	<object>
		<name>0</name>
		<pose>Unspecified</pose>
		<truncated>0</truncated>
		<difficult>0</difficult>
		<occluded>0</occluded>
		<bndbox>
			<xmin>305</xmin>
			<xmax>307</xmax>
			<ymin>303</ymin>
			<ymax>314</ymax>
		</bndbox>
	</object>
	<object>
		<name>0</name>
		<pose>Unspecified</pose>
		<truncated>0</truncated>
		<difficult>0</difficult>
		<occluded>0</occluded>
		<bndbox>
			<xmin>301</xmin>
			<xmax>307</xmax>
			<ymin>241</ymin>
			<ymax>297</ymax>
		</bndbox>
	</object>
</annotation>
