<annotation>
	<folder></folder>
	<filename>0000000193-1-Image_jpeg.rf.0e0a4e43a496507cf38c39155b6bfaf6.jpg</filename>
	<path>0000000193-1-Image_jpeg.rf.0e0a4e43a496507cf38c39155b6bfaf6.jpg</path>
	<source>
		<database>roboflow.ai</database>
	</source>
	<size>
		<width>600</width>
		<height>600</height>
		<depth>3</depth>
	</size>
	<segmented>0</segmented>
	<object>
		<name>0</name>
		<pose>Unspecified</pose>
		<truncated>0</truncated>
		<difficult>0</difficult>
		<occluded>0</occluded>
		<bndbox>
			<xmin>312</xmin>
			<xmax>314</xmax>
			<ymin>275</ymin>
			<ymax>284</ymax>
		</bndbox>
	</object>
	<object>
		<name>0</name>
		<pose>Unspecified</pose>
		<truncated>0</truncated>
		<difficult>0</difficult>
		<occluded>0</occluded>
		<bndbox>
			<xmin>303</xmin>
			<xmax>312</xmax>
			<ymin>217</ymin>
			<ymax>264</ymax>
		</bndbox>
	</object>
</annotation>
