<annotation>
	<folder></folder>
	<filename>0000000284-1-Image_jpeg.rf.eacd4e60239a5304a9776eeecdedecc5.jpg</filename>
	<path>0000000284-1-Image_jpeg.rf.eacd4e60239a5304a9776eeecdedecc5.jpg</path>
	<source>
		<database>roboflow.ai</database>
	</source>
	<size>
		<width>600</width>
		<height>600</height>
		<depth>3</depth>
	</size>
	<segmented>0</segmented>
	<object>
		<name>0</name>
		<pose>Unspecified</pose>
		<truncated>0</truncated>
		<difficult>0</difficult>
		<occluded>0</occluded>
		<bndbox>
			<xmin>303</xmin>
			<xmax>305</xmax>
			<ymin>293</ymin>
			<ymax>303</ymax>
		</bndbox>
	</object>
	<object>
		<name>0</name>
		<pose>Unspecified</pose>
		<truncated>0</truncated>
		<difficult>0</difficult>
		<occluded>0</occluded>
		<bndbox>
			<xmin>303</xmin>
			<xmax>310</xmax>
			<ymin>219</ymin>
			<ymax>292</ymax>
		</bndbox>
	</object>
</annotation>
