<annotation>
	<folder></folder>
	<filename>0000001035-1-Image_jpeg.rf.9f166fd86deae013bca0954ef1e39b01.jpg</filename>
	<path>0000001035-1-Image_jpeg.rf.9f166fd86deae013bca0954ef1e39b01.jpg</path>
	<source>
		<database>roboflow.ai</database>
	</source>
	<size>
		<width>600</width>
		<height>600</height>
		<depth>3</depth>
	</size>
	<segmented>0</segmented>
	<object>
		<name>0</name>
		<pose>Unspecified</pose>
		<truncated>0</truncated>
		<difficult>0</difficult>
		<occluded>0</occluded>
		<bndbox>
			<xmin>262</xmin>
			<xmax>264</xmax>
			<ymin>288</ymin>
			<ymax>297</ymax>
		</bndbox>
	</object>
	<object>
		<name>0</name>
		<pose>Unspecified</pose>
		<truncated>0</truncated>
		<difficult>0</difficult>
		<occluded>0</occluded>
		<bndbox>
			<xmin>266</xmin>
			<xmax>283</xmax>
			<ymin>202</ymin>
			<ymax>260</ymax>
		</bndbox>
	</object>
</annotation>
