<annotation>
	<folder></folder>
	<filename>0000000228-1-Image_jpeg.rf.4ac08a4807c430271427113472c44fae.jpg</filename>
	<path>0000000228-1-Image_jpeg.rf.4ac08a4807c430271427113472c44fae.jpg</path>
	<source>
		<database>roboflow.ai</database>
	</source>
	<size>
		<width>600</width>
		<height>600</height>
		<depth>3</depth>
	</size>
	<segmented>0</segmented>
	<object>
		<name>0</name>
		<pose>Unspecified</pose>
		<truncated>0</truncated>
		<difficult>0</difficult>
		<occluded>0</occluded>
		<bndbox>
			<xmin>314</xmin>
			<xmax>316</xmax>
			<ymin>325</ymin>
			<ymax>335</ymax>
		</bndbox>
	</object>
	<object>
		<name>0</name>
		<pose>Unspecified</pose>
		<truncated>0</truncated>
		<difficult>0</difficult>
		<occluded>0</occluded>
		<bndbox>
			<xmin>322</xmin>
			<xmax>331</xmax>
			<ymin>239</ymin>
			<ymax>264</ymax>
		</bndbox>
	</object>
</annotation>
