<annotation>
	<folder></folder>
	<filename>0000000443-1-Image_jpeg.rf.d995d2b8df8e88dcb6bd6a47fa5bc395.jpg</filename>
	<path>0000000443-1-Image_jpeg.rf.d995d2b8df8e88dcb6bd6a47fa5bc395.jpg</path>
	<source>
		<database>roboflow.ai</database>
	</source>
	<size>
		<width>600</width>
		<height>600</height>
		<depth>3</depth>
	</size>
	<segmented>0</segmented>
	<object>
		<name>0</name>
		<pose>Unspecified</pose>
		<truncated>0</truncated>
		<difficult>0</difficult>
		<occluded>0</occluded>
		<bndbox>
			<xmin>279</xmin>
			<xmax>281</xmax>
			<ymin>284</ymin>
			<ymax>294</ymax>
		</bndbox>
	</object>
	<object>
		<name>0</name>
		<pose>Unspecified</pose>
		<truncated>0</truncated>
		<difficult>0</difficult>
		<occluded>0</occluded>
		<bndbox>
			<xmin>273</xmin>
			<xmax>278</xmax>
			<ymin>213</ymin>
			<ymax>260</ymax>
		</bndbox>
	</object>
</annotation>
