<annotation>
	<folder></folder>
	<filename>0000000940-1-Image_jpeg.rf.e5c258cd0a6c49017b1c0dc9f707919a.jpg</filename>
	<path>0000000940-1-Image_jpeg.rf.e5c258cd0a6c49017b1c0dc9f707919a.jpg</path>
	<source>
		<database>roboflow.ai</database>
	</source>
	<size>
		<width>600</width>
		<height>600</height>
		<depth>3</depth>
	</size>
	<segmented>0</segmented>
	<object>
		<name>0</name>
		<pose>Unspecified</pose>
		<truncated>0</truncated>
		<difficult>0</difficult>
		<occluded>0</occluded>
		<bndbox>
			<xmin>256</xmin>
			<xmax>258</xmax>
			<ymin>282</ymin>
			<ymax>292</ymax>
		</bndbox>
	</object>
	<object>
		<name>0</name>
		<pose>Unspecified</pose>
		<truncated>0</truncated>
		<difficult>0</difficult>
		<occluded>0</occluded>
		<bndbox>
			<xmin>247</xmin>
			<xmax>256</xmax>
			<ymin>198</ymin>
			<ymax>267</ymax>
		</bndbox>
	</object>
</annotation>
