<annotation>
	<folder></folder>
	<filename>0000001100-1-Image_jpeg.rf.a8a26ad8f52889ca629bded5d9e245b8.jpg</filename>
	<path>0000001100-1-Image_jpeg.rf.a8a26ad8f52889ca629bded5d9e245b8.jpg</path>
	<source>
		<database>roboflow.ai</database>
	</source>
	<size>
		<width>600</width>
		<height>600</height>
		<depth>3</depth>
	</size>
	<segmented>0</segmented>
	<object>
		<name>0</name>
		<pose>Unspecified</pose>
		<truncated>0</truncated>
		<difficult>0</difficult>
		<occluded>0</occluded>
		<bndbox>
			<xmin>309</xmin>
			<xmax>311</xmax>
			<ymin>294</ymin>
			<ymax>305</ymax>
		</bndbox>
	</object>
	<object>
		<name>0</name>
		<pose>Unspecified</pose>
		<truncated>0</truncated>
		<difficult>0</difficult>
		<occluded>0</occluded>
		<bndbox>
			<xmin>310</xmin>
			<xmax>320</xmax>
			<ymin>209</ymin>
			<ymax>279</ymax>
		</bndbox>
	</object>
</annotation>
