<annotation>
	<folder></folder>
	<filename>0000000785-1-Image_jpeg.rf.359593760273622c7c38943235a5d162.jpg</filename>
	<path>0000000785-1-Image_jpeg.rf.359593760273622c7c38943235a5d162.jpg</path>
	<source>
		<database>roboflow.ai</database>
	</source>
	<size>
		<width>600</width>
		<height>600</height>
		<depth>3</depth>
	</size>
	<segmented>0</segmented>
	<object>
		<name>0</name>
		<pose>Unspecified</pose>
		<truncated>0</truncated>
		<difficult>0</difficult>
		<occluded>0</occluded>
		<bndbox>
			<xmin>247</xmin>
			<xmax>249</xmax>
			<ymin>314</ymin>
			<ymax>324</ymax>
		</bndbox>
	</object>
</annotation>
