<annotation>
	<folder></folder>
	<filename>0000000639-1-Image_jpeg.rf.a21c1fe9091aa78466db84e9c2eed034.jpg</filename>
	<path>0000000639-1-Image_jpeg.rf.a21c1fe9091aa78466db84e9c2eed034.jpg</path>
	<source>
		<database>roboflow.ai</database>
	</source>
	<size>
		<width>600</width>
		<height>600</height>
		<depth>3</depth>
	</size>
	<segmented>0</segmented>
	<object>
		<name>0</name>
		<pose>Unspecified</pose>
		<truncated>0</truncated>
		<difficult>0</difficult>
		<occluded>0</occluded>
		<bndbox>
			<xmin>318</xmin>
			<xmax>320</xmax>
			<ymin>300</ymin>
			<ymax>311</ymax>
		</bndbox>
	</object>
</annotation>
