<annotation>
	<folder></folder>
	<filename>0000000534-1-Image_jpeg.rf.376c6906cf14f75bd732fd3eed2751a0.jpg</filename>
	<path>0000000534-1-Image_jpeg.rf.376c6906cf14f75bd732fd3eed2751a0.jpg</path>
	<source>
		<database>roboflow.ai</database>
	</source>
	<size>
		<width>600</width>
		<height>600</height>
		<depth>3</depth>
	</size>
	<segmented>0</segmented>
	<object>
		<name>0</name>
		<pose>Unspecified</pose>
		<truncated>0</truncated>
		<difficult>0</difficult>
		<occluded>0</occluded>
		<bndbox>
			<xmin>267</xmin>
			<xmax>269</xmax>
			<ymin>235</ymin>
			<ymax>245</ymax>
		</bndbox>
	</object>
	<object>
		<name>0</name>
		<pose>Unspecified</pose>
		<truncated>0</truncated>
		<difficult>0</difficult>
		<occluded>0</occluded>
		<bndbox>
			<xmin>269</xmin>
			<xmax>277</xmax>
			<ymin>157</ymin>
			<ymax>234</ymax>
		</bndbox>
	</object>
</annotation>
