<annotation>
	<folder></folder>
	<filename>0000000723-1-Image_jpeg.rf.3bcf17b1b0a2f8eda17e9c41f2f4a54a.jpg</filename>
	<path>0000000723-1-Image_jpeg.rf.3bcf17b1b0a2f8eda17e9c41f2f4a54a.jpg</path>
	<source>
		<database>roboflow.ai</database>
	</source>
	<size>
		<width>600</width>
		<height>600</height>
		<depth>3</depth>
	</size>
	<segmented>0</segmented>
	<object>
		<name>0</name>
		<pose>Unspecified</pose>
		<truncated>0</truncated>
		<difficult>0</difficult>
		<occluded>0</occluded>
		<bndbox>
			<xmin>339</xmin>
			<xmax>341</xmax>
			<ymin>267</ymin>
			<ymax>277</ymax>
		</bndbox>
	</object>
</annotation>
