<annotation>
	<folder></folder>
	<filename>0000000106-1-Image_jpeg.rf.9472f6145918ba5dc2b59bcb82d6ff2e.jpg</filename>
	<path>0000000106-1-Image_jpeg.rf.9472f6145918ba5dc2b59bcb82d6ff2e.jpg</path>
	<source>
		<database>roboflow.ai</database>
	</source>
	<size>
		<width>600</width>
		<height>600</height>
		<depth>3</depth>
	</size>
	<segmented>0</segmented>
	<object>
		<name>0</name>
		<pose>Unspecified</pose>
		<truncated>0</truncated>
		<difficult>0</difficult>
		<occluded>0</occluded>
		<bndbox>
			<xmin>346</xmin>
			<xmax>348</xmax>
			<ymin>293</ymin>
			<ymax>303</ymax>
		</bndbox>
	</object>
</annotation>
