<annotation>
	<folder></folder>
	<filename>0000000922-1-Image_jpeg.rf.f1cfd7ce167af80460b2cae100e9ffca.jpg</filename>
	<path>0000000922-1-Image_jpeg.rf.f1cfd7ce167af80460b2cae100e9ffca.jpg</path>
	<source>
		<database>roboflow.ai</database>
	</source>
	<size>
		<width>600</width>
		<height>600</height>
		<depth>3</depth>
	</size>
	<segmented>0</segmented>
	<object>
		<name>0</name>
		<pose>Unspecified</pose>
		<truncated>0</truncated>
		<difficult>0</difficult>
		<occluded>0</occluded>
		<bndbox>
			<xmin>303</xmin>
			<xmax>305</xmax>
			<ymin>297</ymin>
			<ymax>307</ymax>
		</bndbox>
	</object>
	<object>
		<name>0</name>
		<pose>Unspecified</pose>
		<truncated>0</truncated>
		<difficult>0</difficult>
		<occluded>0</occluded>
		<bndbox>
			<xmin>294</xmin>
			<xmax>305</xmax>
			<ymin>226</ymin>
			<ymax>295</ymax>
		</bndbox>
	</object>
</annotation>
