<annotation>
	<folder></folder>
	<filename>0000000519-1-Image_jpeg.rf.375b7b9df088e2e4ac0bcc06bf6a9d77.jpg</filename>
	<path>0000000519-1-Image_jpeg.rf.375b7b9df088e2e4ac0bcc06bf6a9d77.jpg</path>
	<source>
		<database>roboflow.ai</database>
	</source>
	<size>
		<width>600</width>
		<height>600</height>
		<depth>3</depth>
	</size>
	<segmented>0</segmented>
	<object>
		<name>0</name>
		<pose>Unspecified</pose>
		<truncated>0</truncated>
		<difficult>0</difficult>
		<occluded>0</occluded>
		<bndbox>
			<xmin>273</xmin>
			<xmax>275</xmax>
			<ymin>292</ymin>
			<ymax>301</ymax>
		</bndbox>
	</object>
</annotation>
