<annotation>
	<folder></folder>
	<filename>0000000170-1-Image_jpeg.rf.cc6bd4938e7a4fea71957a75a44d455b.jpg</filename>
	<path>0000000170-1-Image_jpeg.rf.cc6bd4938e7a4fea71957a75a44d455b.jpg</path>
	<source>
		<database>roboflow.ai</database>
	</source>
	<size>
		<width>600</width>
		<height>600</height>
		<depth>3</depth>
	</size>
	<segmented>0</segmented>
	<object>
		<name>0</name>
		<pose>Unspecified</pose>
		<truncated>0</truncated>
		<difficult>0</difficult>
		<occluded>0</occluded>
		<bndbox>
			<xmin>292</xmin>
			<xmax>294</xmax>
			<ymin>305</ymin>
			<ymax>316</ymax>
		</bndbox>
	</object>
	<object>
		<name>0</name>
		<pose>Unspecified</pose>
		<truncated>0</truncated>
		<difficult>0</difficult>
		<occluded>0</occluded>
		<bndbox>
			<xmin>288</xmin>
			<xmax>293</xmax>
			<ymin>217</ymin>
			<ymax>294</ymax>
		</bndbox>
	</object>
</annotation>
