<annotation>
	<folder></folder>
	<filename>0000001352-1-Image_jpeg.rf.b3a820e4e4364c1ac15b39fd761e834f.jpg</filename>
	<path>0000001352-1-Image_jpeg.rf.b3a820e4e4364c1ac15b39fd761e834f.jpg</path>
	<source>
		<database>roboflow.ai</database>
	</source>
	<size>
		<width>600</width>
		<height>600</height>
		<depth>3</depth>
	</size>
	<segmented>0</segmented>
	<object>
		<name>0</name>
		<pose>Unspecified</pose>
		<truncated>0</truncated>
		<difficult>0</difficult>
		<occluded>0</occluded>
		<bndbox>
			<xmin>314</xmin>
			<xmax>316</xmax>
			<ymin>325</ymin>
			<ymax>335</ymax>
		</bndbox>
	</object>
	<object>
		<name>0</name>
		<pose>Unspecified</pose>
		<truncated>0</truncated>
		<difficult>0</difficult>
		<occluded>0</occluded>
		<bndbox>
			<xmin>305</xmin>
			<xmax>314</xmax>
			<ymin>243</ymin>
			<ymax>293</ymax>
		</bndbox>
	</object>
</annotation>
