<annotation>
	<folder></folder>
	<filename>0000001299-1-Image_jpeg.rf.f99908a9ab030f474f38143d55a00dda.jpg</filename>
	<path>0000001299-1-Image_jpeg.rf.f99908a9ab030f474f38143d55a00dda.jpg</path>
	<source>
		<database>roboflow.ai</database>
	</source>
	<size>
		<width>600</width>
		<height>600</height>
		<depth>3</depth>
	</size>
	<segmented>0</segmented>
	<object>
		<name>0</name>
		<pose>Unspecified</pose>
		<truncated>0</truncated>
		<difficult>0</difficult>
		<occluded>0</occluded>
		<bndbox>
			<xmin>316</xmin>
			<xmax>318</xmax>
			<ymin>300</ymin>
			<ymax>311</ymax>
		</bndbox>
	</object>
	<object>
		<name>0</name>
		<pose>Unspecified</pose>
		<truncated>0</truncated>
		<difficult>0</difficult>
		<occluded>0</occluded>
		<bndbox>
			<xmin>314</xmin>
			<xmax>316</xmax>
			<ymin>215</ymin>
			<ymax>232</ymax>
		</bndbox>
	</object>
</annotation>
