<annotation>
	<folder></folder>
	<filename>0000000424-1-Image_jpeg.rf.78b739b768d2e7df2ab17952f874039c.jpg</filename>
	<path>0000000424-1-Image_jpeg.rf.78b739b768d2e7df2ab17952f874039c.jpg</path>
	<source>
		<database>roboflow.ai</database>
	</source>
	<size>
		<width>600</width>
		<height>600</height>
		<depth>3</depth>
	</size>
	<segmented>0</segmented>
	<object>
		<name>0</name>
		<pose>Unspecified</pose>
		<truncated>0</truncated>
		<difficult>0</difficult>
		<occluded>0</occluded>
		<bndbox>
			<xmin>294</xmin>
			<xmax>296</xmax>
			<ymin>251</ymin>
			<ymax>262</ymax>
		</bndbox>
	</object>
	<object>
		<name>0</name>
		<pose>Unspecified</pose>
		<truncated>0</truncated>
		<difficult>0</difficult>
		<occluded>0</occluded>
		<bndbox>
			<xmin>281</xmin>
			<xmax>294</xmax>
			<ymin>172</ymin>
			<ymax>236</ymax>
		</bndbox>
	</object>
</annotation>
