<annotation>
	<folder></folder>
	<filename>0000000717-1-Image_jpeg.rf.5dfbf9b5ad917e867a4d10abdbfb0adb.jpg</filename>
	<path>0000000717-1-Image_jpeg.rf.5dfbf9b5ad917e867a4d10abdbfb0adb.jpg</path>
	<source>
		<database>roboflow.ai</database>
	</source>
	<size>
		<width>600</width>
		<height>600</height>
		<depth>3</depth>
	</size>
	<segmented>0</segmented>
	<object>
		<name>0</name>
		<pose>Unspecified</pose>
		<truncated>0</truncated>
		<difficult>0</difficult>
		<occluded>0</occluded>
		<bndbox>
			<xmin>296</xmin>
			<xmax>298</xmax>
			<ymin>299</ymin>
			<ymax>309</ymax>
		</bndbox>
	</object>
	<object>
		<name>0</name>
		<pose>Unspecified</pose>
		<truncated>0</truncated>
		<difficult>0</difficult>
		<occluded>0</occluded>
		<bndbox>
			<xmin>288</xmin>
			<xmax>295</xmax>
			<ymin>219</ymin>
			<ymax>275</ymax>
		</bndbox>
	</object>
</annotation>
