<annotation>
	<folder></folder>
	<filename>0000000481-1-Image_jpeg.rf.c2b8098010760f13eef7bc352e6c256f.jpg</filename>
	<path>0000000481-1-Image_jpeg.rf.c2b8098010760f13eef7bc352e6c256f.jpg</path>
	<source>
		<database>roboflow.ai</database>
	</source>
	<size>
		<width>600</width>
		<height>600</height>
		<depth>3</depth>
	</size>
	<segmented>0</segmented>
	<object>
		<name>0</name>
		<pose>Unspecified</pose>
		<truncated>0</truncated>
		<difficult>0</difficult>
		<occluded>0</occluded>
		<bndbox>
			<xmin>299</xmin>
			<xmax>301</xmax>
			<ymin>295</ymin>
			<ymax>303</ymax>
		</bndbox>
	</object>
	<object>
		<name>0</name>
		<pose>Unspecified</pose>
		<truncated>0</truncated>
		<difficult>0</difficult>
		<occluded>0</occluded>
		<bndbox>
			<xmin>292</xmin>
			<xmax>299</xmax>
			<ymin>224</ymin>
			<ymax>275</ymax>
		</bndbox>
	</object>
</annotation>
