<annotation>
	<folder></folder>
	<filename>0000000081-1-Image_jpeg.rf.bc3a2ef6f3fb2d59f0a506dd3871449f.jpg</filename>
	<path>0000000081-1-Image_jpeg.rf.bc3a2ef6f3fb2d59f0a506dd3871449f.jpg</path>
	<source>
		<database>roboflow.ai</database>
	</source>
	<size>
		<width>600</width>
		<height>600</height>
		<depth>3</depth>
	</size>
	<segmented>0</segmented>
	<object>
		<name>0</name>
		<pose>Unspecified</pose>
		<truncated>0</truncated>
		<difficult>0</difficult>
		<occluded>0</occluded>
		<bndbox>
			<xmin>273</xmin>
			<xmax>275</xmax>
			<ymin>309</ymin>
			<ymax>320</ymax>
		</bndbox>
	</object>
</annotation>
