<annotation>
	<folder></folder>
	<filename>0000000077-1-Image_jpeg.rf.b6a8d068632c106c1e37000465a98ffc.jpg</filename>
	<path>0000000077-1-Image_jpeg.rf.b6a8d068632c106c1e37000465a98ffc.jpg</path>
	<source>
		<database>roboflow.ai</database>
	</source>
	<size>
		<width>600</width>
		<height>600</height>
		<depth>3</depth>
	</size>
	<segmented>0</segmented>
	<object>
		<name>0</name>
		<pose>Unspecified</pose>
		<truncated>0</truncated>
		<difficult>0</difficult>
		<occluded>0</occluded>
		<bndbox>
			<xmin>303</xmin>
			<xmax>305</xmax>
			<ymin>290</ymin>
			<ymax>299</ymax>
		</bndbox>
	</object>
	<object>
		<name>0</name>
		<pose>Unspecified</pose>
		<truncated>0</truncated>
		<difficult>0</difficult>
		<occluded>0</occluded>
		<bndbox>
			<xmin>303</xmin>
			<xmax>305</xmax>
			<ymin>205</ymin>
			<ymax>228</ymax>
		</bndbox>
	</object>
</annotation>
