<annotation>
	<folder></folder>
	<filename>0000000269-1-Image_jpeg.rf.203b4b892e70eaf82eb4e6b105c27285.jpg</filename>
	<path>0000000269-1-Image_jpeg.rf.203b4b892e70eaf82eb4e6b105c27285.jpg</path>
	<source>
		<database>roboflow.ai</database>
	</source>
	<size>
		<width>600</width>
		<height>600</height>
		<depth>3</depth>
	</size>
	<segmented>0</segmented>
	<object>
		<name>0</name>
		<pose>Unspecified</pose>
		<truncated>0</truncated>
		<difficult>0</difficult>
		<occluded>0</occluded>
		<bndbox>
			<xmin>286</xmin>
			<xmax>288</xmax>
			<ymin>303</ymin>
			<ymax>312</ymax>
		</bndbox>
	</object>
</annotation>
