<annotation>
	<folder></folder>
	<filename>0000001239-1-Image_jpeg.rf.fb74413e68e7cb52a7fcbf4ad39a8dd6.jpg</filename>
	<path>0000001239-1-Image_jpeg.rf.fb74413e68e7cb52a7fcbf4ad39a8dd6.jpg</path>
	<source>
		<database>roboflow.ai</database>
	</source>
	<size>
		<width>600</width>
		<height>600</height>
		<depth>3</depth>
	</size>
	<segmented>0</segmented>
	<object>
		<name>0</name>
		<pose>Unspecified</pose>
		<truncated>0</truncated>
		<difficult>0</difficult>
		<occluded>0</occluded>
		<bndbox>
			<xmin>288</xmin>
			<xmax>290</xmax>
			<ymin>278</ymin>
			<ymax>288</ymax>
		</bndbox>
	</object>
	<object>
		<name>0</name>
		<pose>Unspecified</pose>
		<truncated>0</truncated>
		<difficult>0</difficult>
		<occluded>0</occluded>
		<bndbox>
			<xmin>288</xmin>
			<xmax>292</xmax>
			<ymin>202</ymin>
			<ymax>277</ymax>
		</bndbox>
	</object>
</annotation>
