<annotation>
	<folder></folder>
	<filename>0000000234-1-Image_jpeg.rf.af612a779c473e8d29e0e516d46c6e7d.jpg</filename>
	<path>0000000234-1-Image_jpeg.rf.af612a779c473e8d29e0e516d46c6e7d.jpg</path>
	<source>
		<database>roboflow.ai</database>
	</source>
	<size>
		<width>600</width>
		<height>600</height>
		<depth>3</depth>
	</size>
	<segmented>0</segmented>
	<object>
		<name>0</name>
		<pose>Unspecified</pose>
		<truncated>0</truncated>
		<difficult>0</difficult>
		<occluded>0</occluded>
		<bndbox>
			<xmin>230</xmin>
			<xmax>232</xmax>
			<ymin>327</ymin>
			<ymax>337</ymax>
		</bndbox>
	</object>
</annotation>
