<annotation>
	<folder></folder>
	<filename>0000000271-1-Image_jpeg.rf.48899fc25afe53abd26dcac94d336bab.jpg</filename>
	<path>0000000271-1-Image_jpeg.rf.48899fc25afe53abd26dcac94d336bab.jpg</path>
	<source>
		<database>roboflow.ai</database>
	</source>
	<size>
		<width>600</width>
		<height>600</height>
		<depth>3</depth>
	</size>
	<segmented>0</segmented>
	<object>
		<name>0</name>
		<pose>Unspecified</pose>
		<truncated>0</truncated>
		<difficult>0</difficult>
		<occluded>0</occluded>
		<bndbox>
			<xmin>292</xmin>
			<xmax>294</xmax>
			<ymin>292</ymin>
			<ymax>301</ymax>
		</bndbox>
	</object>
	<object>
		<name>0</name>
		<pose>Unspecified</pose>
		<truncated>0</truncated>
		<difficult>0</difficult>
		<occluded>0</occluded>
		<bndbox>
			<xmin>297</xmin>
			<xmax>299</xmax>
			<ymin>224</ymin>
			<ymax>247</ymax>
		</bndbox>
	</object>
</annotation>
