<annotation>
	<folder></folder>
	<filename>0000000133-1-Image_jpeg.rf.8dec5a3abcb09f75803df58baac443dd.jpg</filename>
	<path>0000000133-1-Image_jpeg.rf.8dec5a3abcb09f75803df58baac443dd.jpg</path>
	<source>
		<database>roboflow.ai</database>
	</source>
	<size>
		<width>600</width>
		<height>600</height>
		<depth>3</depth>
	</size>
	<segmented>0</segmented>
	<object>
		<name>0</name>
		<pose>Unspecified</pose>
		<truncated>0</truncated>
		<difficult>0</difficult>
		<occluded>0</occluded>
		<bndbox>
			<xmin>363</xmin>
			<xmax>365</xmax>
			<ymin>263</ymin>
			<ymax>273</ymax>
		</bndbox>
	</object>
	<object>
		<name>0</name>
		<pose>Unspecified</pose>
		<truncated>0</truncated>
		<difficult>0</difficult>
		<occluded>0</occluded>
		<bndbox>
			<xmin>365</xmin>
			<xmax>374</xmax>
			<ymin>192</ymin>
			<ymax>262</ymax>
		</bndbox>
	</object>
</annotation>
