<annotation>
	<folder></folder>
	<filename>0000000529-1-Image_jpeg.rf.13962fc30dafbc079cc39e3ff4f8b618.jpg</filename>
	<path>0000000529-1-Image_jpeg.rf.13962fc30dafbc079cc39e3ff4f8b618.jpg</path>
	<source>
		<database>roboflow.ai</database>
	</source>
	<size>
		<width>600</width>
		<height>600</height>
		<depth>3</depth>
	</size>
	<segmented>0</segmented>
	<object>
		<name>0</name>
		<pose>Unspecified</pose>
		<truncated>0</truncated>
		<difficult>0</difficult>
		<occluded>0</occluded>
		<bndbox>
			<xmin>295</xmin>
			<xmax>299</xmax>
			<ymin>298</ymin>
			<ymax>309</ymax>
		</bndbox>
	</object>
	<object>
		<name>0</name>
		<pose>Unspecified</pose>
		<truncated>0</truncated>
		<difficult>0</difficult>
		<occluded>0</occluded>
		<bndbox>
			<xmin>297</xmin>
			<xmax>301</xmax>
			<ymin>223</ymin>
			<ymax>266</ymax>
		</bndbox>
	</object>
</annotation>
