<annotation>
	<folder></folder>
	<filename>0000000843-1-Image_jpeg.rf.cec0602d9739e5526fbe26d9a007546c.jpg</filename>
	<path>0000000843-1-Image_jpeg.rf.cec0602d9739e5526fbe26d9a007546c.jpg</path>
	<source>
		<database>roboflow.ai</database>
	</source>
	<size>
		<width>600</width>
		<height>600</height>
		<depth>3</depth>
	</size>
	<segmented>0</segmented>
	<object>
		<name>0</name>
		<pose>Unspecified</pose>
		<truncated>0</truncated>
		<difficult>0</difficult>
		<occluded>0</occluded>
		<bndbox>
			<xmin>290</xmin>
			<xmax>292</xmax>
			<ymin>284</ymin>
			<ymax>294</ymax>
		</bndbox>
	</object>
	<object>
		<name>0</name>
		<pose>Unspecified</pose>
		<truncated>0</truncated>
		<difficult>0</difficult>
		<occluded>0</occluded>
		<bndbox>
			<xmin>265</xmin>
			<xmax>288</xmax>
			<ymin>200</ymin>
			<ymax>277</ymax>
		</bndbox>
	</object>
</annotation>
