<annotation>
	<folder></folder>
	<filename>0000000215-1-Image_jpeg.rf.a98063b1590ece09a54633d74f4579ad.jpg</filename>
	<path>0000000215-1-Image_jpeg.rf.a98063b1590ece09a54633d74f4579ad.jpg</path>
	<source>
		<database>roboflow.ai</database>
	</source>
	<size>
		<width>600</width>
		<height>600</height>
		<depth>3</depth>
	</size>
	<segmented>0</segmented>
	<object>
		<name>0</name>
		<pose>Unspecified</pose>
		<truncated>0</truncated>
		<difficult>0</difficult>
		<occluded>0</occluded>
		<bndbox>
			<xmin>282</xmin>
			<xmax>284</xmax>
			<ymin>292</ymin>
			<ymax>301</ymax>
		</bndbox>
	</object>
	<object>
		<name>0</name>
		<pose>Unspecified</pose>
		<truncated>0</truncated>
		<difficult>0</difficult>
		<occluded>0</occluded>
		<bndbox>
			<xmin>282</xmin>
			<xmax>288</xmax>
			<ymin>211</ymin>
			<ymax>284</ymax>
		</bndbox>
	</object>
</annotation>
