<annotation>
	<folder></folder>
	<filename>0000000736-1-Image_jpeg.rf.69756c2229caa31b1abd492c49dfb77b.jpg</filename>
	<path>0000000736-1-Image_jpeg.rf.69756c2229caa31b1abd492c49dfb77b.jpg</path>
	<source>
		<database>roboflow.ai</database>
	</source>
	<size>
		<width>600</width>
		<height>600</height>
		<depth>3</depth>
	</size>
	<segmented>0</segmented>
	<object>
		<name>0</name>
		<pose>Unspecified</pose>
		<truncated>0</truncated>
		<difficult>0</difficult>
		<occluded>0</occluded>
		<bndbox>
			<xmin>277</xmin>
			<xmax>279</xmax>
			<ymin>285</ymin>
			<ymax>296</ymax>
		</bndbox>
	</object>
	<object>
		<name>0</name>
		<pose>Unspecified</pose>
		<truncated>0</truncated>
		<difficult>0</difficult>
		<occluded>0</occluded>
		<bndbox>
			<xmin>280</xmin>
			<xmax>288</xmax>
			<ymin>226</ymin>
			<ymax>282</ymax>
		</bndbox>
	</object>
</annotation>
