<annotation>
	<folder></folder>
	<filename>0000000192-1-Image_jpeg.rf.d8a9e91c2300bc460a27bd00217c49bb.jpg</filename>
	<path>0000000192-1-Image_jpeg.rf.d8a9e91c2300bc460a27bd00217c49bb.jpg</path>
	<source>
		<database>roboflow.ai</database>
	</source>
	<size>
		<width>600</width>
		<height>600</height>
		<depth>3</depth>
	</size>
	<segmented>0</segmented>
	<object>
		<name>0</name>
		<pose>Unspecified</pose>
		<truncated>0</truncated>
		<difficult>0</difficult>
		<occluded>0</occluded>
		<bndbox>
			<xmin>354</xmin>
			<xmax>356</xmax>
			<ymin>314</ymin>
			<ymax>324</ymax>
		</bndbox>
	</object>
</annotation>
