<annotation>
	<folder></folder>
	<filename>0000000320-1-Image_jpeg.rf.82eaa29887c8e32f11a155a3beb486f1.jpg</filename>
	<path>0000000320-1-Image_jpeg.rf.82eaa29887c8e32f11a155a3beb486f1.jpg</path>
	<source>
		<database>roboflow.ai</database>
	</source>
	<size>
		<width>600</width>
		<height>600</height>
		<depth>3</depth>
	</size>
	<segmented>0</segmented>
	<object>
		<name>0</name>
		<pose>Unspecified</pose>
		<truncated>0</truncated>
		<difficult>0</difficult>
		<occluded>0</occluded>
		<bndbox>
			<xmin>312</xmin>
			<xmax>314</xmax>
			<ymin>286</ymin>
			<ymax>295</ymax>
		</bndbox>
	</object>
	<object>
		<name>0</name>
		<pose>Unspecified</pose>
		<truncated>0</truncated>
		<difficult>0</difficult>
		<occluded>0</occluded>
		<bndbox>
			<xmin>312</xmin>
			<xmax>316</xmax>
			<ymin>206</ymin>
			<ymax>281</ymax>
		</bndbox>
	</object>
</annotation>
