<annotation>
	<folder></folder>
	<filename>0000000938-1-Image_jpeg.rf.4714c8f9f5fcc42e0187015eebd7311d.jpg</filename>
	<path>0000000938-1-Image_jpeg.rf.4714c8f9f5fcc42e0187015eebd7311d.jpg</path>
	<source>
		<database>roboflow.ai</database>
	</source>
	<size>
		<width>600</width>
		<height>600</height>
		<depth>3</depth>
	</size>
	<segmented>0</segmented>
	<object>
		<name>0</name>
		<pose>Unspecified</pose>
		<truncated>0</truncated>
		<difficult>0</difficult>
		<occluded>0</occluded>
		<bndbox>
			<xmin>282</xmin>
			<xmax>284</xmax>
			<ymin>282</ymin>
			<ymax>292</ymax>
		</bndbox>
	</object>
	<object>
		<name>0</name>
		<pose>Unspecified</pose>
		<truncated>0</truncated>
		<difficult>0</difficult>
		<occluded>0</occluded>
		<bndbox>
			<xmin>277</xmin>
			<xmax>282</xmax>
			<ymin>208</ymin>
			<ymax>264</ymax>
		</bndbox>
	</object>
</annotation>
