<annotation>
	<folder></folder>
	<filename>0000000019-1-Image_jpeg.rf.d318949d1c4e94b421dab0d41f13f5bf.jpg</filename>
	<path>0000000019-1-Image_jpeg.rf.d318949d1c4e94b421dab0d41f13f5bf.jpg</path>
	<source>
		<database>roboflow.ai</database>
	</source>
	<size>
		<width>600</width>
		<height>600</height>
		<depth>3</depth>
	</size>
	<segmented>0</segmented>
	<object>
		<name>0</name>
		<pose>Unspecified</pose>
		<truncated>0</truncated>
		<difficult>0</difficult>
		<occluded>0</occluded>
		<bndbox>
			<xmin>301</xmin>
			<xmax>303</xmax>
			<ymin>288</ymin>
			<ymax>297</ymax>
		</bndbox>
	</object>
	<object>
		<name>0</name>
		<pose>Unspecified</pose>
		<truncated>0</truncated>
		<difficult>0</difficult>
		<occluded>0</occluded>
		<bndbox>
			<xmin>303</xmin>
			<xmax>312</xmax>
			<ymin>221</ymin>
			<ymax>277</ymax>
		</bndbox>
	</object>
</annotation>
