<annotation>
	<folder></folder>
	<filename>0000000093-1-Image_jpeg.rf.6c2591cbbee3bd6cd2756f75707cb4fd.jpg</filename>
	<path>0000000093-1-Image_jpeg.rf.6c2591cbbee3bd6cd2756f75707cb4fd.jpg</path>
	<source>
		<database>roboflow.ai</database>
	</source>
	<size>
		<width>600</width>
		<height>600</height>
		<depth>3</depth>
	</size>
	<segmented>0</segmented>
	<object>
		<name>0</name>
		<pose>Unspecified</pose>
		<truncated>0</truncated>
		<difficult>0</difficult>
		<occluded>0</occluded>
		<bndbox>
			<xmin>297</xmin>
			<xmax>299</xmax>
			<ymin>299</ymin>
			<ymax>309</ymax>
		</bndbox>
	</object>
	<object>
		<name>0</name>
		<pose>Unspecified</pose>
		<truncated>0</truncated>
		<difficult>0</difficult>
		<occluded>0</occluded>
		<bndbox>
			<xmin>288</xmin>
			<xmax>297</xmax>
			<ymin>211</ymin>
			<ymax>284</ymax>
		</bndbox>
	</object>
</annotation>
