<annotation>
	<folder></folder>
	<filename>0000001149-1-Image_jpeg.rf.c7e91f3ef8b562892523897e41013879.jpg</filename>
	<path>0000001149-1-Image_jpeg.rf.c7e91f3ef8b562892523897e41013879.jpg</path>
	<source>
		<database>roboflow.ai</database>
	</source>
	<size>
		<width>600</width>
		<height>600</height>
		<depth>3</depth>
	</size>
	<segmented>0</segmented>
	<object>
		<name>0</name>
		<pose>Unspecified</pose>
		<truncated>0</truncated>
		<difficult>0</difficult>
		<occluded>0</occluded>
		<bndbox>
			<xmin>294</xmin>
			<xmax>298</xmax>
			<ymin>296</ymin>
			<ymax>307</ymax>
		</bndbox>
	</object>
	<object>
		<name>0</name>
		<pose>Unspecified</pose>
		<truncated>0</truncated>
		<difficult>0</difficult>
		<occluded>0</occluded>
		<bndbox>
			<xmin>295</xmin>
			<xmax>305</xmax>
			<ymin>217</ymin>
			<ymax>290</ymax>
		</bndbox>
	</object>
</annotation>
