<annotation>
	<folder></folder>
	<filename>0000000043-1-Image_jpeg.rf.a77a783286e34239ac1561e3935f31cf.jpg</filename>
	<path>0000000043-1-Image_jpeg.rf.a77a783286e34239ac1561e3935f31cf.jpg</path>
	<source>
		<database>roboflow.ai</database>
	</source>
	<size>
		<width>600</width>
		<height>600</height>
		<depth>3</depth>
	</size>
	<segmented>0</segmented>
	<object>
		<name>0</name>
		<pose>Unspecified</pose>
		<truncated>0</truncated>
		<difficult>0</difficult>
		<occluded>0</occluded>
		<bndbox>
			<xmin>299</xmin>
			<xmax>301</xmax>
			<ymin>281</ymin>
			<ymax>292</ymax>
		</bndbox>
	</object>
	<object>
		<name>0</name>
		<pose>Unspecified</pose>
		<truncated>0</truncated>
		<difficult>0</difficult>
		<occluded>0</occluded>
		<bndbox>
			<xmin>294</xmin>
			<xmax>299</xmax>
			<ymin>206</ymin>
			<ymax>266</ymax>
		</bndbox>
	</object>
</annotation>
