<annotation>
	<folder></folder>
	<filename>0000000678-1-Image_jpeg.rf.faa3e881290359a2b48553355c1a03de.jpg</filename>
	<path>0000000678-1-Image_jpeg.rf.faa3e881290359a2b48553355c1a03de.jpg</path>
	<source>
		<database>roboflow.ai</database>
	</source>
	<size>
		<width>600</width>
		<height>600</height>
		<depth>3</depth>
	</size>
	<segmented>0</segmented>
	<object>
		<name>0</name>
		<pose>Unspecified</pose>
		<truncated>0</truncated>
		<difficult>0</difficult>
		<occluded>0</occluded>
		<bndbox>
			<xmin>279</xmin>
			<xmax>281</xmax>
			<ymin>293</ymin>
			<ymax>303</ymax>
		</bndbox>
	</object>
	<object>
		<name>0</name>
		<pose>Unspecified</pose>
		<truncated>0</truncated>
		<difficult>0</difficult>
		<occluded>0</occluded>
		<bndbox>
			<xmin>281</xmin>
			<xmax>283</xmax>
			<ymin>209</ymin>
			<ymax>222</ymax>
		</bndbox>
	</object>
</annotation>
