<annotation>
	<folder></folder>
	<filename>0000000485-1-Image_jpeg.rf.a011e5f9ce7726a2ff78b0b3932562fa.jpg</filename>
	<path>0000000485-1-Image_jpeg.rf.a011e5f9ce7726a2ff78b0b3932562fa.jpg</path>
	<source>
		<database>roboflow.ai</database>
	</source>
	<size>
		<width>600</width>
		<height>600</height>
		<depth>3</depth>
	</size>
	<segmented>0</segmented>
	<object>
		<name>0</name>
		<pose>Unspecified</pose>
		<truncated>0</truncated>
		<difficult>0</difficult>
		<occluded>0</occluded>
		<bndbox>
			<xmin>329</xmin>
			<xmax>331</xmax>
			<ymin>305</ymin>
			<ymax>314</ymax>
		</bndbox>
	</object>
	<object>
		<name>0</name>
		<pose>Unspecified</pose>
		<truncated>0</truncated>
		<difficult>0</difficult>
		<occluded>0</occluded>
		<bndbox>
			<xmin>333</xmin>
			<xmax>337</xmax>
			<ymin>234</ymin>
			<ymax>286</ymax>
		</bndbox>
	</object>
</annotation>
