<annotation>
	<folder></folder>
	<filename>0000000325-1-Image_jpeg.rf.006ad7d3507903e25ae91c36d2797b9a.jpg</filename>
	<path>0000000325-1-Image_jpeg.rf.006ad7d3507903e25ae91c36d2797b9a.jpg</path>
	<source>
		<database>roboflow.ai</database>
	</source>
	<size>
		<width>600</width>
		<height>600</height>
		<depth>3</depth>
	</size>
	<segmented>0</segmented>
	<object>
		<name>0</name>
		<pose>Unspecified</pose>
		<truncated>0</truncated>
		<difficult>0</difficult>
		<occluded>0</occluded>
		<bndbox>
			<xmin>312</xmin>
			<xmax>314</xmax>
			<ymin>300</ymin>
			<ymax>311</ymax>
		</bndbox>
	</object>
	<object>
		<name>0</name>
		<pose>Unspecified</pose>
		<truncated>0</truncated>
		<difficult>0</difficult>
		<occluded>0</occluded>
		<bndbox>
			<xmin>311</xmin>
			<xmax>313</xmax>
			<ymin>211</ymin>
			<ymax>254</ymax>
		</bndbox>
	</object>
</annotation>
