<annotation>
	<folder></folder>
	<filename>0000000368-1-Image_jpeg.rf.6019fd492e3c1d753b8555e8142e2ea1.jpg</filename>
	<path>0000000368-1-Image_jpeg.rf.6019fd492e3c1d753b8555e8142e2ea1.jpg</path>
	<source>
		<database>roboflow.ai</database>
	</source>
	<size>
		<width>600</width>
		<height>600</height>
		<depth>3</depth>
	</size>
	<segmented>0</segmented>
	<object>
		<name>0</name>
		<pose>Unspecified</pose>
		<truncated>0</truncated>
		<difficult>0</difficult>
		<occluded>0</occluded>
		<bndbox>
			<xmin>299</xmin>
			<xmax>301</xmax>
			<ymin>282</ymin>
			<ymax>290</ymax>
		</bndbox>
	</object>
	<object>
		<name>0</name>
		<pose>Unspecified</pose>
		<truncated>0</truncated>
		<difficult>0</difficult>
		<occluded>0</occluded>
		<bndbox>
			<xmin>299</xmin>
			<xmax>301</xmax>
			<ymin>205</ymin>
			<ymax>275</ymax>
		</bndbox>
	</object>
</annotation>
