<annotation>
	<folder></folder>
	<filename>0000000583-1-Image_jpeg.rf.5fb038168d7b2e024b946f3c2da13a01.jpg</filename>
	<path>0000000583-1-Image_jpeg.rf.5fb038168d7b2e024b946f3c2da13a01.jpg</path>
	<source>
		<database>roboflow.ai</database>
	</source>
	<size>
		<width>600</width>
		<height>600</height>
		<depth>3</depth>
	</size>
	<segmented>0</segmented>
	<object>
		<name>0</name>
		<pose>Unspecified</pose>
		<truncated>0</truncated>
		<difficult>0</difficult>
		<occluded>0</occluded>
		<bndbox>
			<xmin>316</xmin>
			<xmax>318</xmax>
			<ymin>310</ymin>
			<ymax>320</ymax>
		</bndbox>
	</object>
</annotation>
