<annotation>
	<folder></folder>
	<filename>0000000727-1-Image_jpeg.rf.44f220f2c2cddf0923969e8ee07f148d.jpg</filename>
	<path>0000000727-1-Image_jpeg.rf.44f220f2c2cddf0923969e8ee07f148d.jpg</path>
	<source>
		<database>roboflow.ai</database>
	</source>
	<size>
		<width>600</width>
		<height>600</height>
		<depth>3</depth>
	</size>
	<segmented>0</segmented>
	<object>
		<name>0</name>
		<pose>Unspecified</pose>
		<truncated>0</truncated>
		<difficult>0</difficult>
		<occluded>0</occluded>
		<bndbox>
			<xmin>307</xmin>
			<xmax>309</xmax>
			<ymin>292</ymin>
			<ymax>301</ymax>
		</bndbox>
	</object>
	<object>
		<name>0</name>
		<pose>Unspecified</pose>
		<truncated>0</truncated>
		<difficult>0</difficult>
		<occluded>0</occluded>
		<bndbox>
			<xmin>310</xmin>
			<xmax>316</xmax>
			<ymin>207</ymin>
			<ymax>228</ymax>
		</bndbox>
	</object>
</annotation>
