<annotation>
	<folder></folder>
	<filename>0000000508-1-Image_jpeg.rf.fce51c4a3050b9f550d0c52beba5e4f5.jpg</filename>
	<path>0000000508-1-Image_jpeg.rf.fce51c4a3050b9f550d0c52beba5e4f5.jpg</path>
	<source>
		<database>roboflow.ai</database>
	</source>
	<size>
		<width>600</width>
		<height>600</height>
		<depth>3</depth>
	</size>
	<segmented>0</segmented>
	<object>
		<name>0</name>
		<pose>Unspecified</pose>
		<truncated>0</truncated>
		<difficult>0</difficult>
		<occluded>0</occluded>
		<bndbox>
			<xmin>301</xmin>
			<xmax>303</xmax>
			<ymin>311</ymin>
			<ymax>322</ymax>
		</bndbox>
	</object>
	<object>
		<name>0</name>
		<pose>Unspecified</pose>
		<truncated>0</truncated>
		<difficult>0</difficult>
		<occluded>0</occluded>
		<bndbox>
			<xmin>288</xmin>
			<xmax>301</xmax>
			<ymin>241</ymin>
			<ymax>305</ymax>
		</bndbox>
	</object>
</annotation>
