<annotation>
	<folder></folder>
	<filename>0000001089-1-Image_jpeg.rf.d1b50208ab23fe86219e6eb09c1fde39.jpg</filename>
	<path>0000001089-1-Image_jpeg.rf.d1b50208ab23fe86219e6eb09c1fde39.jpg</path>
	<source>
		<database>roboflow.ai</database>
	</source>
	<size>
		<width>600</width>
		<height>600</height>
		<depth>3</depth>
	</size>
	<segmented>0</segmented>
	<object>
		<name>0</name>
		<pose>Unspecified</pose>
		<truncated>0</truncated>
		<difficult>0</difficult>
		<occluded>0</occluded>
		<bndbox>
			<xmin>311</xmin>
			<xmax>313</xmax>
			<ymin>346</ymin>
			<ymax>354</ymax>
		</bndbox>
	</object>
</annotation>
