<annotation>
	<folder></folder>
	<filename>0000001013-1-Image_jpeg.rf.4ab8469e9e0df0c0f072507aa1c791bc.jpg</filename>
	<path>0000001013-1-Image_jpeg.rf.4ab8469e9e0df0c0f072507aa1c791bc.jpg</path>
	<source>
		<database>roboflow.ai</database>
	</source>
	<size>
		<width>600</width>
		<height>600</height>
		<depth>3</depth>
	</size>
	<segmented>0</segmented>
	<object>
		<name>0</name>
		<pose>Unspecified</pose>
		<truncated>0</truncated>
		<difficult>0</difficult>
		<occluded>0</occluded>
		<bndbox>
			<xmin>324</xmin>
			<xmax>326</xmax>
			<ymin>293</ymin>
			<ymax>303</ymax>
		</bndbox>
	</object>
	<object>
		<name>0</name>
		<pose>Unspecified</pose>
		<truncated>0</truncated>
		<difficult>0</difficult>
		<occluded>0</occluded>
		<bndbox>
			<xmin>327</xmin>
			<xmax>346</xmax>
			<ymin>208</ymin>
			<ymax>279</ymax>
		</bndbox>
	</object>
</annotation>
