<annotation>
	<folder></folder>
	<filename>0000000206-1-Image_jpeg.rf.be0b19c8dbed3c9034dba1105bdc7a1c.jpg</filename>
	<path>0000000206-1-Image_jpeg.rf.be0b19c8dbed3c9034dba1105bdc7a1c.jpg</path>
	<source>
		<database>roboflow.ai</database>
	</source>
	<size>
		<width>600</width>
		<height>600</height>
		<depth>3</depth>
	</size>
	<segmented>0</segmented>
	<object>
		<name>0</name>
		<pose>Unspecified</pose>
		<truncated>0</truncated>
		<difficult>0</difficult>
		<occluded>0</occluded>
		<bndbox>
			<xmin>329</xmin>
			<xmax>331</xmax>
			<ymin>307</ymin>
			<ymax>318</ymax>
		</bndbox>
	</object>
</annotation>
