<annotation>
	<folder></folder>
	<filename>0000000115-1-Image_jpeg.rf.59b09cda89191e69b69e80a1d30fc29e.jpg</filename>
	<path>0000000115-1-Image_jpeg.rf.59b09cda89191e69b69e80a1d30fc29e.jpg</path>
	<source>
		<database>roboflow.ai</database>
	</source>
	<size>
		<width>600</width>
		<height>600</height>
		<depth>3</depth>
	</size>
	<segmented>0</segmented>
	<object>
		<name>0</name>
		<pose>Unspecified</pose>
		<truncated>0</truncated>
		<difficult>0</difficult>
		<occluded>0</occluded>
		<bndbox>
			<xmin>281</xmin>
			<xmax>283</xmax>
			<ymin>297</ymin>
			<ymax>307</ymax>
		</bndbox>
	</object>
	<object>
		<name>0</name>
		<pose>Unspecified</pose>
		<truncated>0</truncated>
		<difficult>0</difficult>
		<occluded>0</occluded>
		<bndbox>
			<xmin>280</xmin>
			<xmax>284</xmax>
			<ymin>213</ymin>
			<ymax>295</ymax>
		</bndbox>
	</object>
</annotation>
