<annotation>
	<folder></folder>
	<filename>0000000259-1-Image_jpeg.rf.03dbd343e199d52b3344b11dd74dadf7.jpg</filename>
	<path>0000000259-1-Image_jpeg.rf.03dbd343e199d52b3344b11dd74dadf7.jpg</path>
	<source>
		<database>roboflow.ai</database>
	</source>
	<size>
		<width>600</width>
		<height>600</height>
		<depth>3</depth>
	</size>
	<segmented>0</segmented>
	<object>
		<name>0</name>
		<pose>Unspecified</pose>
		<truncated>0</truncated>
		<difficult>0</difficult>
		<occluded>0</occluded>
		<bndbox>
			<xmin>303</xmin>
			<xmax>305</xmax>
			<ymin>295</ymin>
			<ymax>305</ymax>
		</bndbox>
	</object>
	<object>
		<name>0</name>
		<pose>Unspecified</pose>
		<truncated>0</truncated>
		<difficult>0</difficult>
		<occluded>0</occluded>
		<bndbox>
			<xmin>288</xmin>
			<xmax>303</xmax>
			<ymin>207</ymin>
			<ymax>284</ymax>
		</bndbox>
	</object>
</annotation>
