<annotation>
	<folder></folder>
	<filename>0000000011-1-Image_jpeg.rf.22f1d868f6c9fe4bdd586c6ec3fbb748.jpg</filename>
	<path>0000000011-1-Image_jpeg.rf.22f1d868f6c9fe4bdd586c6ec3fbb748.jpg</path>
	<source>
		<database>roboflow.ai</database>
	</source>
	<size>
		<width>600</width>
		<height>600</height>
		<depth>3</depth>
	</size>
	<segmented>0</segmented>
	<object>
		<name>0</name>
		<pose>Unspecified</pose>
		<truncated>0</truncated>
		<difficult>0</difficult>
		<occluded>0</occluded>
		<bndbox>
			<xmin>305</xmin>
			<xmax>307</xmax>
			<ymin>288</ymin>
			<ymax>295</ymax>
		</bndbox>
	</object>
	<object>
		<name>0</name>
		<pose>Unspecified</pose>
		<truncated>0</truncated>
		<difficult>0</difficult>
		<occluded>0</occluded>
		<bndbox>
			<xmin>284</xmin>
			<xmax>305</xmax>
			<ymin>206</ymin>
			<ymax>281</ymax>
		</bndbox>
	</object>
</annotation>
