<annotation>
	<folder></folder>
	<filename>0000001115-1-Image_jpeg.rf.04ffedaac2b1647d308d5c856897754b.jpg</filename>
	<path>0000001115-1-Image_jpeg.rf.04ffedaac2b1647d308d5c856897754b.jpg</path>
	<source>
		<database>roboflow.ai</database>
	</source>
	<size>
		<width>600</width>
		<height>600</height>
		<depth>3</depth>
	</size>
	<segmented>0</segmented>
	<object>
		<name>0</name>
		<pose>Unspecified</pose>
		<truncated>0</truncated>
		<difficult>0</difficult>
		<occluded>0</occluded>
		<bndbox>
			<xmin>290</xmin>
			<xmax>292</xmax>
			<ymin>295</ymin>
			<ymax>303</ymax>
		</bndbox>
	</object>
	<object>
		<name>0</name>
		<pose>Unspecified</pose>
		<truncated>0</truncated>
		<difficult>0</difficult>
		<occluded>0</occluded>
		<bndbox>
			<xmin>292</xmin>
			<xmax>296</xmax>
			<ymin>232</ymin>
			<ymax>294</ymax>
		</bndbox>
	</object>
</annotation>
