<annotation>
	<folder></folder>
	<filename>0000000298-1-Image_jpeg.rf.dd0e081ce3f72af8e2f253956d6888c1.jpg</filename>
	<path>0000000298-1-Image_jpeg.rf.dd0e081ce3f72af8e2f253956d6888c1.jpg</path>
	<source>
		<database>roboflow.ai</database>
	</source>
	<size>
		<width>600</width>
		<height>600</height>
		<depth>3</depth>
	</size>
	<segmented>0</segmented>
	<object>
		<name>0</name>
		<pose>Unspecified</pose>
		<truncated>0</truncated>
		<difficult>0</difficult>
		<occluded>0</occluded>
		<bndbox>
			<xmin>269</xmin>
			<xmax>271</xmax>
			<ymin>284</ymin>
			<ymax>294</ymax>
		</bndbox>
	</object>
	<object>
		<name>0</name>
		<pose>Unspecified</pose>
		<truncated>0</truncated>
		<difficult>0</difficult>
		<occluded>0</occluded>
		<bndbox>
			<xmin>260</xmin>
			<xmax>269</xmax>
			<ymin>209</ymin>
			<ymax>273</ymax>
		</bndbox>
	</object>
</annotation>
