<annotation>
	<folder></folder>
	<filename>0000001197-1-Image_jpeg.rf.3bf874616ee1a6130aa3b959724fb185.jpg</filename>
	<path>0000001197-1-Image_jpeg.rf.3bf874616ee1a6130aa3b959724fb185.jpg</path>
	<source>
		<database>roboflow.ai</database>
	</source>
	<size>
		<width>600</width>
		<height>600</height>
		<depth>3</depth>
	</size>
	<segmented>0</segmented>
	<object>
		<name>0</name>
		<pose>Unspecified</pose>
		<truncated>0</truncated>
		<difficult>0</difficult>
		<occluded>0</occluded>
		<bndbox>
			<xmin>305</xmin>
			<xmax>307</xmax>
			<ymin>308</ymin>
			<ymax>318</ymax>
		</bndbox>
	</object>
	<object>
		<name>0</name>
		<pose>Unspecified</pose>
		<truncated>0</truncated>
		<difficult>0</difficult>
		<occluded>0</occluded>
		<bndbox>
			<xmin>288</xmin>
			<xmax>301</xmax>
			<ymin>220</ymin>
			<ymax>271</ymax>
		</bndbox>
	</object>
</annotation>
