<annotation>
	<folder></folder>
	<filename>0000000132-1-Image_jpeg.rf.d800245f22f4366ea2e5e1519fba5af3.jpg</filename>
	<path>0000000132-1-Image_jpeg.rf.d800245f22f4366ea2e5e1519fba5af3.jpg</path>
	<source>
		<database>roboflow.ai</database>
	</source>
	<size>
		<width>600</width>
		<height>600</height>
		<depth>3</depth>
	</size>
	<segmented>0</segmented>
	<object>
		<name>0</name>
		<pose>Unspecified</pose>
		<truncated>0</truncated>
		<difficult>0</difficult>
		<occluded>0</occluded>
		<bndbox>
			<xmin>299</xmin>
			<xmax>301</xmax>
			<ymin>316</ymin>
			<ymax>327</ymax>
		</bndbox>
	</object>
</annotation>
