<annotation>
	<folder></folder>
	<filename>0000000623-1-Image_jpeg.rf.7c960460b80036f354da551e8fbac709.jpg</filename>
	<path>0000000623-1-Image_jpeg.rf.7c960460b80036f354da551e8fbac709.jpg</path>
	<source>
		<database>roboflow.ai</database>
	</source>
	<size>
		<width>600</width>
		<height>600</height>
		<depth>3</depth>
	</size>
	<segmented>0</segmented>
	<object>
		<name>0</name>
		<pose>Unspecified</pose>
		<truncated>0</truncated>
		<difficult>0</difficult>
		<occluded>0</occluded>
		<bndbox>
			<xmin>299</xmin>
			<xmax>301</xmax>
			<ymin>295</ymin>
			<ymax>305</ymax>
		</bndbox>
	</object>
	<object>
		<name>0</name>
		<pose>Unspecified</pose>
		<truncated>0</truncated>
		<difficult>0</difficult>
		<occluded>0</occluded>
		<bndbox>
			<xmin>281</xmin>
			<xmax>300</xmax>
			<ymin>209</ymin>
			<ymax>277</ymax>
		</bndbox>
	</object>
</annotation>
