<annotation>
	<folder></folder>
	<filename>0000000999-1-Image_jpeg.rf.b0ed529891f65b1734658a7d67d1109f.jpg</filename>
	<path>0000000999-1-Image_jpeg.rf.b0ed529891f65b1734658a7d67d1109f.jpg</path>
	<source>
		<database>roboflow.ai</database>
	</source>
	<size>
		<width>600</width>
		<height>600</height>
		<depth>3</depth>
	</size>
	<segmented>0</segmented>
	<object>
		<name>0</name>
		<pose>Unspecified</pose>
		<truncated>0</truncated>
		<difficult>0</difficult>
		<occluded>0</occluded>
		<bndbox>
			<xmin>344</xmin>
			<xmax>346</xmax>
			<ymin>328</ymin>
			<ymax>339</ymax>
		</bndbox>
	</object>
</annotation>
