<annotation>
	<folder></folder>
	<filename>0000001169-1-Image_jpeg.rf.636cc4f7a1d9767a6eeb52fc7f0bb2fd.jpg</filename>
	<path>0000001169-1-Image_jpeg.rf.636cc4f7a1d9767a6eeb52fc7f0bb2fd.jpg</path>
	<source>
		<database>roboflow.ai</database>
	</source>
	<size>
		<width>600</width>
		<height>600</height>
		<depth>3</depth>
	</size>
	<segmented>0</segmented>
	<object>
		<name>0</name>
		<pose>Unspecified</pose>
		<truncated>0</truncated>
		<difficult>0</difficult>
		<occluded>0</occluded>
		<bndbox>
			<xmin>299</xmin>
			<xmax>301</xmax>
			<ymin>239</ymin>
			<ymax>247</ymax>
		</bndbox>
	</object>
	<object>
		<name>0</name>
		<pose>Unspecified</pose>
		<truncated>0</truncated>
		<difficult>0</difficult>
		<occluded>0</occluded>
		<bndbox>
			<xmin>303</xmin>
			<xmax>310</xmax>
			<ymin>175</ymin>
			<ymax>228</ymax>
		</bndbox>
	</object>
</annotation>
