<annotation>
	<folder></folder>
	<filename>0000000397-1-Image_jpeg.rf.c5cd9261fc8a3c512a9b533776f1ddb6.jpg</filename>
	<path>0000000397-1-Image_jpeg.rf.c5cd9261fc8a3c512a9b533776f1ddb6.jpg</path>
	<source>
		<database>roboflow.ai</database>
	</source>
	<size>
		<width>600</width>
		<height>600</height>
		<depth>3</depth>
	</size>
	<segmented>0</segmented>
	<object>
		<name>0</name>
		<pose>Unspecified</pose>
		<truncated>0</truncated>
		<difficult>0</difficult>
		<occluded>0</occluded>
		<bndbox>
			<xmin>318</xmin>
			<xmax>320</xmax>
			<ymin>273</ymin>
			<ymax>282</ymax>
		</bndbox>
	</object>
</annotation>
