<annotation>
	<folder></folder>
	<filename>0000000615-1-Image_jpeg.rf.96620148e9c1d6ce472f55b4a9af8365.jpg</filename>
	<path>0000000615-1-Image_jpeg.rf.96620148e9c1d6ce472f55b4a9af8365.jpg</path>
	<source>
		<database>roboflow.ai</database>
	</source>
	<size>
		<width>600</width>
		<height>600</height>
		<depth>3</depth>
	</size>
	<segmented>0</segmented>
	<object>
		<name>0</name>
		<pose>Unspecified</pose>
		<truncated>0</truncated>
		<difficult>0</difficult>
		<occluded>0</occluded>
		<bndbox>
			<xmin>279</xmin>
			<xmax>281</xmax>
			<ymin>341</ymin>
			<ymax>352</ymax>
		</bndbox>
	</object>
	<object>
		<name>0</name>
		<pose>Unspecified</pose>
		<truncated>0</truncated>
		<difficult>0</difficult>
		<occluded>0</occluded>
		<bndbox>
			<xmin>267</xmin>
			<xmax>273</xmax>
			<ymin>271</ymin>
			<ymax>288</ymax>
		</bndbox>
	</object>
</annotation>
