<annotation>
	<folder></folder>
	<filename>0000000502-1-Image_jpeg.rf.180b4d402b88aa60d7f6e35e0cbe1c8b.jpg</filename>
	<path>0000000502-1-Image_jpeg.rf.180b4d402b88aa60d7f6e35e0cbe1c8b.jpg</path>
	<source>
		<database>roboflow.ai</database>
	</source>
	<size>
		<width>600</width>
		<height>600</height>
		<depth>3</depth>
	</size>
	<segmented>0</segmented>
	<object>
		<name>0</name>
		<pose>Unspecified</pose>
		<truncated>0</truncated>
		<difficult>0</difficult>
		<occluded>0</occluded>
		<bndbox>
			<xmin>331</xmin>
			<xmax>333</xmax>
			<ymin>297</ymin>
			<ymax>307</ymax>
		</bndbox>
	</object>
	<object>
		<name>0</name>
		<pose>Unspecified</pose>
		<truncated>0</truncated>
		<difficult>0</difficult>
		<occluded>0</occluded>
		<bndbox>
			<xmin>331</xmin>
			<xmax>333</xmax>
			<ymin>273</ymin>
			<ymax>290</ymax>
		</bndbox>
	</object>
</annotation>
