<annotation>
	<folder></folder>
	<filename>0000000429-1-Image_jpeg.rf.8b317100e1f803ce1347164ab98a690a.jpg</filename>
	<path>0000000429-1-Image_jpeg.rf.8b317100e1f803ce1347164ab98a690a.jpg</path>
	<source>
		<database>roboflow.ai</database>
	</source>
	<size>
		<width>600</width>
		<height>600</height>
		<depth>3</depth>
	</size>
	<segmented>0</segmented>
	<object>
		<name>0</name>
		<pose>Unspecified</pose>
		<truncated>0</truncated>
		<difficult>0</difficult>
		<occluded>0</occluded>
		<bndbox>
			<xmin>309</xmin>
			<xmax>311</xmax>
			<ymin>265</ymin>
			<ymax>275</ymax>
		</bndbox>
	</object>
	<object>
		<name>0</name>
		<pose>Unspecified</pose>
		<truncated>0</truncated>
		<difficult>0</difficult>
		<occluded>0</occluded>
		<bndbox>
			<xmin>301</xmin>
			<xmax>310</xmax>
			<ymin>211</ymin>
			<ymax>263</ymax>
		</bndbox>
	</object>
</annotation>
