<annotation>
	<folder></folder>
	<filename>0000000331-1-Image_jpeg.rf.708cc1a8f9968374949fe7d862675a18.jpg</filename>
	<path>0000000331-1-Image_jpeg.rf.708cc1a8f9968374949fe7d862675a18.jpg</path>
	<source>
		<database>roboflow.ai</database>
	</source>
	<size>
		<width>600</width>
		<height>600</height>
		<depth>3</depth>
	</size>
	<segmented>0</segmented>
	<object>
		<name>0</name>
		<pose>Unspecified</pose>
		<truncated>0</truncated>
		<difficult>0</difficult>
		<occluded>0</occluded>
		<bndbox>
			<xmin>296</xmin>
			<xmax>298</xmax>
			<ymin>271</ymin>
			<ymax>280</ymax>
		</bndbox>
	</object>
	<object>
		<name>0</name>
		<pose>Unspecified</pose>
		<truncated>0</truncated>
		<difficult>0</difficult>
		<occluded>0</occluded>
		<bndbox>
			<xmin>295</xmin>
			<xmax>303</xmax>
			<ymin>196</ymin>
			<ymax>269</ymax>
		</bndbox>
	</object>
</annotation>
