<annotation>
	<folder></folder>
	<filename>0000000884-1-Image_jpeg.rf.50841eabce3bd534fd13e8c1104591e1.jpg</filename>
	<path>0000000884-1-Image_jpeg.rf.50841eabce3bd534fd13e8c1104591e1.jpg</path>
	<source>
		<database>roboflow.ai</database>
	</source>
	<size>
		<width>600</width>
		<height>600</height>
		<depth>3</depth>
	</size>
	<segmented>0</segmented>
	<object>
		<name>0</name>
		<pose>Unspecified</pose>
		<truncated>0</truncated>
		<difficult>0</difficult>
		<occluded>0</occluded>
		<bndbox>
			<xmin>281</xmin>
			<xmax>283</xmax>
			<ymin>263</ymin>
			<ymax>273</ymax>
		</bndbox>
	</object>
	<object>
		<name>0</name>
		<pose>Unspecified</pose>
		<truncated>0</truncated>
		<difficult>0</difficult>
		<occluded>0</occluded>
		<bndbox>
			<xmin>282</xmin>
			<xmax>290</xmax>
			<ymin>179</ymin>
			<ymax>235</ymax>
		</bndbox>
	</object>
</annotation>
