<annotation>
	<folder></folder>
	<filename>0000001142-1-Image_jpeg.rf.3f404dfea065ff35db925b71e42c3c28.jpg</filename>
	<path>0000001142-1-Image_jpeg.rf.3f404dfea065ff35db925b71e42c3c28.jpg</path>
	<source>
		<database>roboflow.ai</database>
	</source>
	<size>
		<width>600</width>
		<height>600</height>
		<depth>3</depth>
	</size>
	<segmented>0</segmented>
	<object>
		<name>0</name>
		<pose>Unspecified</pose>
		<truncated>0</truncated>
		<difficult>0</difficult>
		<occluded>0</occluded>
		<bndbox>
			<xmin>305</xmin>
			<xmax>307</xmax>
			<ymin>260</ymin>
			<ymax>269</ymax>
		</bndbox>
	</object>
	<object>
		<name>0</name>
		<pose>Unspecified</pose>
		<truncated>0</truncated>
		<difficult>0</difficult>
		<occluded>0</occluded>
		<bndbox>
			<xmin>307</xmin>
			<xmax>314</xmax>
			<ymin>185</ymin>
			<ymax>254</ymax>
		</bndbox>
	</object>
</annotation>
