<annotation>
	<folder></folder>
	<filename>0000000626-1-Image_jpeg.rf.e04c7bd61e12647ee2c7a87d809dc54a.jpg</filename>
	<path>0000000626-1-Image_jpeg.rf.e04c7bd61e12647ee2c7a87d809dc54a.jpg</path>
	<source>
		<database>roboflow.ai</database>
	</source>
	<size>
		<width>600</width>
		<height>600</height>
		<depth>3</depth>
	</size>
	<segmented>0</segmented>
	<object>
		<name>0</name>
		<pose>Unspecified</pose>
		<truncated>0</truncated>
		<difficult>0</difficult>
		<occluded>0</occluded>
		<bndbox>
			<xmin>301</xmin>
			<xmax>303</xmax>
			<ymin>271</ymin>
			<ymax>279</ymax>
		</bndbox>
	</object>
	<object>
		<name>0</name>
		<pose>Unspecified</pose>
		<truncated>0</truncated>
		<difficult>0</difficult>
		<occluded>0</occluded>
		<bndbox>
			<xmin>303</xmin>
			<xmax>320</xmax>
			<ymin>185</ymin>
			<ymax>269</ymax>
		</bndbox>
	</object>
</annotation>
