<annotation>
	<folder></folder>
	<filename>0000000930-1-Image_jpeg.rf.73e9f162c31cd67e9998360a3ed860e6.jpg</filename>
	<path>0000000930-1-Image_jpeg.rf.73e9f162c31cd67e9998360a3ed860e6.jpg</path>
	<source>
		<database>roboflow.ai</database>
	</source>
	<size>
		<width>600</width>
		<height>600</height>
		<depth>3</depth>
	</size>
	<segmented>0</segmented>
	<object>
		<name>0</name>
		<pose>Unspecified</pose>
		<truncated>0</truncated>
		<difficult>0</difficult>
		<occluded>0</occluded>
		<bndbox>
			<xmin>275</xmin>
			<xmax>277</xmax>
			<ymin>307</ymin>
			<ymax>318</ymax>
		</bndbox>
	</object>
</annotation>
