<annotation>
	<folder></folder>
	<filename>0000000790-1-Image_jpeg.rf.49332e1e56858b7ee8db9306991f086e.jpg</filename>
	<path>0000000790-1-Image_jpeg.rf.49332e1e56858b7ee8db9306991f086e.jpg</path>
	<source>
		<database>roboflow.ai</database>
	</source>
	<size>
		<width>600</width>
		<height>600</height>
		<depth>3</depth>
	</size>
	<segmented>0</segmented>
	<object>
		<name>0</name>
		<pose>Unspecified</pose>
		<truncated>0</truncated>
		<difficult>0</difficult>
		<occluded>0</occluded>
		<bndbox>
			<xmin>337</xmin>
			<xmax>339</xmax>
			<ymin>313</ymin>
			<ymax>324</ymax>
		</bndbox>
	</object>
</annotation>
