<annotation>
	<folder></folder>
	<filename>0000000660-1-Image_jpeg.rf.300447d1bb08d58730fa8e1bfba36302.jpg</filename>
	<path>0000000660-1-Image_jpeg.rf.300447d1bb08d58730fa8e1bfba36302.jpg</path>
	<source>
		<database>roboflow.ai</database>
	</source>
	<size>
		<width>600</width>
		<height>600</height>
		<depth>3</depth>
	</size>
	<segmented>0</segmented>
	<object>
		<name>0</name>
		<pose>Unspecified</pose>
		<truncated>0</truncated>
		<difficult>0</difficult>
		<occluded>0</occluded>
		<bndbox>
			<xmin>303</xmin>
			<xmax>305</xmax>
			<ymin>299</ymin>
			<ymax>309</ymax>
		</bndbox>
	</object>
	<object>
		<name>0</name>
		<pose>Unspecified</pose>
		<truncated>0</truncated>
		<difficult>0</difficult>
		<occluded>0</occluded>
		<bndbox>
			<xmin>305</xmin>
			<xmax>310</xmax>
			<ymin>232</ymin>
			<ymax>297</ymax>
		</bndbox>
	</object>
</annotation>
