<annotation>
	<folder></folder>
	<filename>0000001255-1-Image_jpeg.rf.9e570ba58b276a6aa0cff904ae34b3dd.jpg</filename>
	<path>0000001255-1-Image_jpeg.rf.9e570ba58b276a6aa0cff904ae34b3dd.jpg</path>
	<source>
		<database>roboflow.ai</database>
	</source>
	<size>
		<width>600</width>
		<height>600</height>
		<depth>3</depth>
	</size>
	<segmented>0</segmented>
	<object>
		<name>0</name>
		<pose>Unspecified</pose>
		<truncated>0</truncated>
		<difficult>0</difficult>
		<occluded>0</occluded>
		<bndbox>
			<xmin>305</xmin>
			<xmax>307</xmax>
			<ymin>331</ymin>
			<ymax>340</ymax>
		</bndbox>
	</object>
	<object>
		<name>0</name>
		<pose>Unspecified</pose>
		<truncated>0</truncated>
		<difficult>0</difficult>
		<occluded>0</occluded>
		<bndbox>
			<xmin>309</xmin>
			<xmax>313</xmax>
			<ymin>273</ymin>
			<ymax>305</ymax>
		</bndbox>
	</object>
</annotation>
