<annotation>
	<folder></folder>
	<filename>0000000199-1-Image_jpeg.rf.029a9b0a3f8e99cbcbf78b8cf9ec3a1e.jpg</filename>
	<path>0000000199-1-Image_jpeg.rf.029a9b0a3f8e99cbcbf78b8cf9ec3a1e.jpg</path>
	<source>
		<database>roboflow.ai</database>
	</source>
	<size>
		<width>600</width>
		<height>600</height>
		<depth>3</depth>
	</size>
	<segmented>0</segmented>
	<object>
		<name>0</name>
		<pose>Unspecified</pose>
		<truncated>0</truncated>
		<difficult>0</difficult>
		<occluded>0</occluded>
		<bndbox>
			<xmin>275</xmin>
			<xmax>277</xmax>
			<ymin>293</ymin>
			<ymax>303</ymax>
		</bndbox>
	</object>
	<object>
		<name>0</name>
		<pose>Unspecified</pose>
		<truncated>0</truncated>
		<difficult>0</difficult>
		<occluded>0</occluded>
		<bndbox>
			<xmin>277</xmin>
			<xmax>281</xmax>
			<ymin>213</ymin>
			<ymax>243</ymax>
		</bndbox>
	</object>
</annotation>
