<annotation>
	<folder></folder>
	<filename>0000000885-1-Image_jpeg.rf.089e45076f9be62e6b6df2756900264a.jpg</filename>
	<path>0000000885-1-Image_jpeg.rf.089e45076f9be62e6b6df2756900264a.jpg</path>
	<source>
		<database>roboflow.ai</database>
	</source>
	<size>
		<width>600</width>
		<height>600</height>
		<depth>3</depth>
	</size>
	<segmented>0</segmented>
	<object>
		<name>0</name>
		<pose>Unspecified</pose>
		<truncated>0</truncated>
		<difficult>0</difficult>
		<occluded>0</occluded>
		<bndbox>
			<xmin>311</xmin>
			<xmax>313</xmax>
			<ymin>307</ymin>
			<ymax>314</ymax>
		</bndbox>
	</object>
	<object>
		<name>0</name>
		<pose>Unspecified</pose>
		<truncated>0</truncated>
		<difficult>0</difficult>
		<occluded>0</occluded>
		<bndbox>
			<xmin>305</xmin>
			<xmax>310</xmax>
			<ymin>239</ymin>
			<ymax>286</ymax>
		</bndbox>
	</object>
</annotation>
