<annotation>
	<folder></folder>
	<filename>0000000105-1-Image_jpeg.rf.65702fe035a54bb9e20736dfa2804d64.jpg</filename>
	<path>0000000105-1-Image_jpeg.rf.65702fe035a54bb9e20736dfa2804d64.jpg</path>
	<source>
		<database>roboflow.ai</database>
	</source>
	<size>
		<width>600</width>
		<height>600</height>
		<depth>3</depth>
	</size>
	<segmented>0</segmented>
	<object>
		<name>0</name>
		<pose>Unspecified</pose>
		<truncated>0</truncated>
		<difficult>0</difficult>
		<occluded>0</occluded>
		<bndbox>
			<xmin>337</xmin>
			<xmax>339</xmax>
			<ymin>333</ymin>
			<ymax>342</ymax>
		</bndbox>
	</object>
</annotation>
