<annotation>
	<folder></folder>
	<filename>0000001131-1-Image_jpeg.rf.5c6feeda3ee969e897737f65d36a8d46.jpg</filename>
	<path>0000001131-1-Image_jpeg.rf.5c6feeda3ee969e897737f65d36a8d46.jpg</path>
	<source>
		<database>roboflow.ai</database>
	</source>
	<size>
		<width>600</width>
		<height>600</height>
		<depth>3</depth>
	</size>
	<segmented>0</segmented>
	<object>
		<name>0</name>
		<pose>Unspecified</pose>
		<truncated>0</truncated>
		<difficult>0</difficult>
		<occluded>0</occluded>
		<bndbox>
			<xmin>292</xmin>
			<xmax>294</xmax>
			<ymin>324</ymin>
			<ymax>335</ymax>
		</bndbox>
	</object>
</annotation>
