<annotation>
	<folder></folder>
	<filename>0000000282-1-Image_jpeg.rf.c26463b873a823a3132fdc5801d9564f.jpg</filename>
	<path>0000000282-1-Image_jpeg.rf.c26463b873a823a3132fdc5801d9564f.jpg</path>
	<source>
		<database>roboflow.ai</database>
	</source>
	<size>
		<width>600</width>
		<height>600</height>
		<depth>3</depth>
	</size>
	<segmented>0</segmented>
	<object>
		<name>0</name>
		<pose>Unspecified</pose>
		<truncated>0</truncated>
		<difficult>0</difficult>
		<occluded>0</occluded>
		<bndbox>
			<xmin>301</xmin>
			<xmax>303</xmax>
			<ymin>307</ymin>
			<ymax>316</ymax>
		</bndbox>
	</object>
</annotation>
