<annotation>
	<folder></folder>
	<filename>0000000131-1-Image_jpeg.rf.159e179d5135edcee44a5d1490b7db32.jpg</filename>
	<path>0000000131-1-Image_jpeg.rf.159e179d5135edcee44a5d1490b7db32.jpg</path>
	<source>
		<database>roboflow.ai</database>
	</source>
	<size>
		<width>600</width>
		<height>600</height>
		<depth>3</depth>
	</size>
	<segmented>0</segmented>
	<object>
		<name>0</name>
		<pose>Unspecified</pose>
		<truncated>0</truncated>
		<difficult>0</difficult>
		<occluded>0</occluded>
		<bndbox>
			<xmin>296</xmin>
			<xmax>298</xmax>
			<ymin>307</ymin>
			<ymax>316</ymax>
		</bndbox>
	</object>
	<object>
		<name>0</name>
		<pose>Unspecified</pose>
		<truncated>0</truncated>
		<difficult>0</difficult>
		<occluded>0</occluded>
		<bndbox>
			<xmin>295</xmin>
			<xmax>301</xmax>
			<ymin>222</ymin>
			<ymax>305</ymax>
		</bndbox>
	</object>
</annotation>
