<annotation>
	<folder></folder>
	<filename>0000001219-1-Image_jpeg.rf.065a67d55ec42e2f255cea8d22c2e269.jpg</filename>
	<path>0000001219-1-Image_jpeg.rf.065a67d55ec42e2f255cea8d22c2e269.jpg</path>
	<source>
		<database>roboflow.ai</database>
	</source>
	<size>
		<width>600</width>
		<height>600</height>
		<depth>3</depth>
	</size>
	<segmented>0</segmented>
	<object>
		<name>0</name>
		<pose>Unspecified</pose>
		<truncated>0</truncated>
		<difficult>0</difficult>
		<occluded>0</occluded>
		<bndbox>
			<xmin>305</xmin>
			<xmax>307</xmax>
			<ymin>271</ymin>
			<ymax>280</ymax>
		</bndbox>
	</object>
	<object>
		<name>0</name>
		<pose>Unspecified</pose>
		<truncated>0</truncated>
		<difficult>0</difficult>
		<occluded>0</occluded>
		<bndbox>
			<xmin>288</xmin>
			<xmax>305</xmax>
			<ymin>189</ymin>
			<ymax>269</ymax>
		</bndbox>
	</object>
</annotation>
