<annotation>
	<folder></folder>
	<filename>0000000984-1-Image_jpeg.rf.7bcd02d99755fa2e49c600b081d8294c.jpg</filename>
	<path>0000000984-1-Image_jpeg.rf.7bcd02d99755fa2e49c600b081d8294c.jpg</path>
	<source>
		<database>roboflow.ai</database>
	</source>
	<size>
		<width>600</width>
		<height>600</height>
		<depth>3</depth>
	</size>
	<segmented>0</segmented>
	<object>
		<name>0</name>
		<pose>Unspecified</pose>
		<truncated>0</truncated>
		<difficult>0</difficult>
		<occluded>0</occluded>
		<bndbox>
			<xmin>352</xmin>
			<xmax>354</xmax>
			<ymin>309</ymin>
			<ymax>320</ymax>
		</bndbox>
	</object>
</annotation>
