<annotation>
	<folder></folder>
	<filename>0000001109-1-Image_jpeg.rf.3366b7a44846c4f43f324fc5bd306830.jpg</filename>
	<path>0000001109-1-Image_jpeg.rf.3366b7a44846c4f43f324fc5bd306830.jpg</path>
	<source>
		<database>roboflow.ai</database>
	</source>
	<size>
		<width>600</width>
		<height>600</height>
		<depth>3</depth>
	</size>
	<segmented>0</segmented>
	<object>
		<name>0</name>
		<pose>Unspecified</pose>
		<truncated>0</truncated>
		<difficult>0</difficult>
		<occluded>0</occluded>
		<bndbox>
			<xmin>284</xmin>
			<xmax>286</xmax>
			<ymin>260</ymin>
			<ymax>267</ymax>
		</bndbox>
	</object>
	<object>
		<name>0</name>
		<pose>Unspecified</pose>
		<truncated>0</truncated>
		<difficult>0</difficult>
		<occluded>0</occluded>
		<bndbox>
			<xmin>280</xmin>
			<xmax>286</xmax>
			<ymin>179</ymin>
			<ymax>252</ymax>
		</bndbox>
	</object>
</annotation>
