<annotation>
	<folder></folder>
	<filename>0000001040-1-Image_jpeg.rf.a4957c2df0bf93a61f0552add2739162.jpg</filename>
	<path>0000001040-1-Image_jpeg.rf.a4957c2df0bf93a61f0552add2739162.jpg</path>
	<source>
		<database>roboflow.ai</database>
	</source>
	<size>
		<width>600</width>
		<height>600</height>
		<depth>3</depth>
	</size>
	<segmented>0</segmented>
	<object>
		<name>0</name>
		<pose>Unspecified</pose>
		<truncated>0</truncated>
		<difficult>0</difficult>
		<occluded>0</occluded>
		<bndbox>
			<xmin>314</xmin>
			<xmax>316</xmax>
			<ymin>293</ymin>
			<ymax>303</ymax>
		</bndbox>
	</object>
</annotation>
