<annotation>
	<folder></folder>
	<filename>0000001241-1-Image_jpeg.rf.fd3b546a1a0614e7711dde474c17a9da.jpg</filename>
	<path>0000001241-1-Image_jpeg.rf.fd3b546a1a0614e7711dde474c17a9da.jpg</path>
	<source>
		<database>roboflow.ai</database>
	</source>
	<size>
		<width>600</width>
		<height>600</height>
		<depth>3</depth>
	</size>
	<segmented>0</segmented>
	<object>
		<name>0</name>
		<pose>Unspecified</pose>
		<truncated>0</truncated>
		<difficult>0</difficult>
		<occluded>0</occluded>
		<bndbox>
			<xmin>316</xmin>
			<xmax>318</xmax>
			<ymin>303</ymin>
			<ymax>312</ymax>
		</bndbox>
	</object>
	<object>
		<name>0</name>
		<pose>Unspecified</pose>
		<truncated>0</truncated>
		<difficult>0</difficult>
		<occluded>0</occluded>
		<bndbox>
			<xmin>318</xmin>
			<xmax>327</xmax>
			<ymin>241</ymin>
			<ymax>292</ymax>
		</bndbox>
	</object>
</annotation>
