<annotation>
	<folder></folder>
	<filename>0000001303-1-Image_jpeg.rf.f6a6574a0df85af4d4830c4bae12ad64.jpg</filename>
	<path>0000001303-1-Image_jpeg.rf.f6a6574a0df85af4d4830c4bae12ad64.jpg</path>
	<source>
		<database>roboflow.ai</database>
	</source>
	<size>
		<width>600</width>
		<height>600</height>
		<depth>3</depth>
	</size>
	<segmented>0</segmented>
	<object>
		<name>0</name>
		<pose>Unspecified</pose>
		<truncated>0</truncated>
		<difficult>0</difficult>
		<occluded>0</occluded>
		<bndbox>
			<xmin>294</xmin>
			<xmax>296</xmax>
			<ymin>340</ymin>
			<ymax>350</ymax>
		</bndbox>
	</object>
	<object>
		<name>0</name>
		<pose>Unspecified</pose>
		<truncated>0</truncated>
		<difficult>0</difficult>
		<occluded>0</occluded>
		<bndbox>
			<xmin>297</xmin>
			<xmax>301</xmax>
			<ymin>260</ymin>
			<ymax>273</ymax>
		</bndbox>
	</object>
</annotation>
