<annotation>
	<folder></folder>
	<filename>0000000748-1-Image_jpeg.rf.f64e32798e3074ac45091e009c060fd1.jpg</filename>
	<path>0000000748-1-Image_jpeg.rf.f64e32798e3074ac45091e009c060fd1.jpg</path>
	<source>
		<database>roboflow.ai</database>
	</source>
	<size>
		<width>600</width>
		<height>600</height>
		<depth>3</depth>
	</size>
	<segmented>0</segmented>
	<object>
		<name>0</name>
		<pose>Unspecified</pose>
		<truncated>0</truncated>
		<difficult>0</difficult>
		<occluded>0</occluded>
		<bndbox>
			<xmin>303</xmin>
			<xmax>305</xmax>
			<ymin>300</ymin>
			<ymax>311</ymax>
		</bndbox>
	</object>
	<object>
		<name>0</name>
		<pose>Unspecified</pose>
		<truncated>0</truncated>
		<difficult>0</difficult>
		<occluded>0</occluded>
		<bndbox>
			<xmin>297</xmin>
			<xmax>303</xmax>
			<ymin>220</ymin>
			<ymax>284</ymax>
		</bndbox>
	</object>
</annotation>
