<annotation>
	<folder></folder>
	<filename>0000001305-1-Image_jpeg.rf.2368eaf6a5239255c46879f2fc17400d.jpg</filename>
	<path>0000001305-1-Image_jpeg.rf.2368eaf6a5239255c46879f2fc17400d.jpg</path>
	<source>
		<database>roboflow.ai</database>
	</source>
	<size>
		<width>600</width>
		<height>600</height>
		<depth>3</depth>
	</size>
	<segmented>0</segmented>
	<object>
		<name>0</name>
		<pose>Unspecified</pose>
		<truncated>0</truncated>
		<difficult>0</difficult>
		<occluded>0</occluded>
		<bndbox>
			<xmin>290</xmin>
			<xmax>292</xmax>
			<ymin>316</ymin>
			<ymax>325</ymax>
		</bndbox>
	</object>
	<object>
		<name>0</name>
		<pose>Unspecified</pose>
		<truncated>0</truncated>
		<difficult>0</difficult>
		<occluded>0</occluded>
		<bndbox>
			<xmin>286</xmin>
			<xmax>290</xmax>
			<ymin>251</ymin>
			<ymax>298</ymax>
		</bndbox>
	</object>
</annotation>
