<annotation>
	<folder></folder>
	<filename>0000000354-1-Image_jpeg.rf.b1f9b3d78ca81df4553ee6f957304040.jpg</filename>
	<path>0000000354-1-Image_jpeg.rf.b1f9b3d78ca81df4553ee6f957304040.jpg</path>
	<source>
		<database>roboflow.ai</database>
	</source>
	<size>
		<width>600</width>
		<height>600</height>
		<depth>3</depth>
	</size>
	<segmented>0</segmented>
	<object>
		<name>0</name>
		<pose>Unspecified</pose>
		<truncated>0</truncated>
		<difficult>0</difficult>
		<occluded>0</occluded>
		<bndbox>
			<xmin>301</xmin>
			<xmax>305</xmax>
			<ymin>309</ymin>
			<ymax>320</ymax>
		</bndbox>
	</object>
</annotation>
