<annotation>
	<folder></folder>
	<filename>0000000977-1-Image_jpeg.rf.24423a4e666f3cacef8154e702a792c9.jpg</filename>
	<path>0000000977-1-Image_jpeg.rf.24423a4e666f3cacef8154e702a792c9.jpg</path>
	<source>
		<database>roboflow.ai</database>
	</source>
	<size>
		<width>600</width>
		<height>600</height>
		<depth>3</depth>
	</size>
	<segmented>0</segmented>
	<object>
		<name>0</name>
		<pose>Unspecified</pose>
		<truncated>0</truncated>
		<difficult>0</difficult>
		<occluded>0</occluded>
		<bndbox>
			<xmin>316</xmin>
			<xmax>318</xmax>
			<ymin>299</ymin>
			<ymax>309</ymax>
		</bndbox>
	</object>
	<object>
		<name>0</name>
		<pose>Unspecified</pose>
		<truncated>0</truncated>
		<difficult>0</difficult>
		<occluded>0</occluded>
		<bndbox>
			<xmin>316</xmin>
			<xmax>320</xmax>
			<ymin>209</ymin>
			<ymax>294</ymax>
		</bndbox>
	</object>
</annotation>
