<annotation>
	<folder></folder>
	<filename>0000001191-1-Image_jpeg.rf.3c0b7d4300d7f1de67028a88e1fac750.jpg</filename>
	<path>0000001191-1-Image_jpeg.rf.3c0b7d4300d7f1de67028a88e1fac750.jpg</path>
	<source>
		<database>roboflow.ai</database>
	</source>
	<size>
		<width>600</width>
		<height>600</height>
		<depth>3</depth>
	</size>
	<segmented>0</segmented>
	<object>
		<name>0</name>
		<pose>Unspecified</pose>
		<truncated>0</truncated>
		<difficult>0</difficult>
		<occluded>0</occluded>
		<bndbox>
			<xmin>331</xmin>
			<xmax>333</xmax>
			<ymin>307</ymin>
			<ymax>316</ymax>
		</bndbox>
	</object>
</annotation>
