<annotation>
	<folder></folder>
	<filename>0000000691-1-Image_jpeg.rf.3cb3f92f8ca409177c65dcfda2601f45.jpg</filename>
	<path>0000000691-1-Image_jpeg.rf.3cb3f92f8ca409177c65dcfda2601f45.jpg</path>
	<source>
		<database>roboflow.ai</database>
	</source>
	<size>
		<width>600</width>
		<height>600</height>
		<depth>3</depth>
	</size>
	<segmented>0</segmented>
	<object>
		<name>0</name>
		<pose>Unspecified</pose>
		<truncated>0</truncated>
		<difficult>0</difficult>
		<occluded>0</occluded>
		<bndbox>
			<xmin>344</xmin>
			<xmax>346</xmax>
			<ymin>273</ymin>
			<ymax>282</ymax>
		</bndbox>
	</object>
	<object>
		<name>0</name>
		<pose>Unspecified</pose>
		<truncated>0</truncated>
		<difficult>0</difficult>
		<occluded>0</occluded>
		<bndbox>
			<xmin>338</xmin>
			<xmax>346</xmax>
			<ymin>185</ymin>
			<ymax>271</ymax>
		</bndbox>
	</object>
</annotation>
