<annotation>
	<folder></folder>
	<filename>0000000456-1-Image_jpeg.rf.ae810ed7c34686f3ae60713f44424d3f.jpg</filename>
	<path>0000000456-1-Image_jpeg.rf.ae810ed7c34686f3ae60713f44424d3f.jpg</path>
	<source>
		<database>roboflow.ai</database>
	</source>
	<size>
		<width>600</width>
		<height>600</height>
		<depth>3</depth>
	</size>
	<segmented>0</segmented>
	<object>
		<name>0</name>
		<pose>Unspecified</pose>
		<truncated>0</truncated>
		<difficult>0</difficult>
		<occluded>0</occluded>
		<bndbox>
			<xmin>312</xmin>
			<xmax>314</xmax>
			<ymin>288</ymin>
			<ymax>297</ymax>
		</bndbox>
	</object>
	<object>
		<name>0</name>
		<pose>Unspecified</pose>
		<truncated>0</truncated>
		<difficult>0</difficult>
		<occluded>0</occluded>
		<bndbox>
			<xmin>303</xmin>
			<xmax>312</xmax>
			<ymin>234</ymin>
			<ymax>277</ymax>
		</bndbox>
	</object>
</annotation>
