<annotation>
	<folder></folder>
	<filename>0000000749-1-Image_jpeg.rf.40210db24aa128507bb1e744200e8d15.jpg</filename>
	<path>0000000749-1-Image_jpeg.rf.40210db24aa128507bb1e744200e8d15.jpg</path>
	<source>
		<database>roboflow.ai</database>
	</source>
	<size>
		<width>600</width>
		<height>600</height>
		<depth>3</depth>
	</size>
	<segmented>0</segmented>
	<object>
		<name>0</name>
		<pose>Unspecified</pose>
		<truncated>0</truncated>
		<difficult>0</difficult>
		<occluded>0</occluded>
		<bndbox>
			<xmin>307</xmin>
			<xmax>309</xmax>
			<ymin>313</ymin>
			<ymax>324</ymax>
		</bndbox>
	</object>
</annotation>
