<annotation>
	<folder></folder>
	<filename>0000000990-1-Image_jpeg.rf.585825ac3ad76d821cead432e524597e.jpg</filename>
	<path>0000000990-1-Image_jpeg.rf.585825ac3ad76d821cead432e524597e.jpg</path>
	<source>
		<database>roboflow.ai</database>
	</source>
	<size>
		<width>600</width>
		<height>600</height>
		<depth>3</depth>
	</size>
	<segmented>0</segmented>
	<object>
		<name>0</name>
		<pose>Unspecified</pose>
		<truncated>0</truncated>
		<difficult>0</difficult>
		<occluded>0</occluded>
		<bndbox>
			<xmin>314</xmin>
			<xmax>316</xmax>
			<ymin>312</ymin>
			<ymax>322</ymax>
		</bndbox>
	</object>
	<object>
		<name>0</name>
		<pose>Unspecified</pose>
		<truncated>0</truncated>
		<difficult>0</difficult>
		<occluded>0</occluded>
		<bndbox>
			<xmin>316</xmin>
			<xmax>324</xmax>
			<ymin>241</ymin>
			<ymax>297</ymax>
		</bndbox>
	</object>
</annotation>
