<annotation>
	<folder></folder>
	<filename>0000000460-1-Image_jpeg.rf.bd1623dd071f54e1f222de0edde8872c.jpg</filename>
	<path>0000000460-1-Image_jpeg.rf.bd1623dd071f54e1f222de0edde8872c.jpg</path>
	<source>
		<database>roboflow.ai</database>
	</source>
	<size>
		<width>600</width>
		<height>600</height>
		<depth>3</depth>
	</size>
	<segmented>0</segmented>
	<object>
		<name>0</name>
		<pose>Unspecified</pose>
		<truncated>0</truncated>
		<difficult>0</difficult>
		<occluded>0</occluded>
		<bndbox>
			<xmin>307</xmin>
			<xmax>309</xmax>
			<ymin>325</ymin>
			<ymax>335</ymax>
		</bndbox>
	</object>
</annotation>
