<annotation>
	<folder></folder>
	<filename>0000001325-1-Image_jpeg.rf.4ddf6305ad2dc72b38701aa44a6e027d.jpg</filename>
	<path>0000001325-1-Image_jpeg.rf.4ddf6305ad2dc72b38701aa44a6e027d.jpg</path>
	<source>
		<database>roboflow.ai</database>
	</source>
	<size>
		<width>600</width>
		<height>600</height>
		<depth>3</depth>
	</size>
	<segmented>0</segmented>
	<object>
		<name>0</name>
		<pose>Unspecified</pose>
		<truncated>0</truncated>
		<difficult>0</difficult>
		<occluded>0</occluded>
		<bndbox>
			<xmin>288</xmin>
			<xmax>290</xmax>
			<ymin>325</ymin>
			<ymax>335</ymax>
		</bndbox>
	</object>
</annotation>
