<annotation>
	<folder></folder>
	<filename>0000001321-1-Image_jpeg.rf.fdb2f2caa3ec5404f66d519ba8578b3a.jpg</filename>
	<path>0000001321-1-Image_jpeg.rf.fdb2f2caa3ec5404f66d519ba8578b3a.jpg</path>
	<source>
		<database>roboflow.ai</database>
	</source>
	<size>
		<width>600</width>
		<height>600</height>
		<depth>3</depth>
	</size>
	<segmented>0</segmented>
	<object>
		<name>0</name>
		<pose>Unspecified</pose>
		<truncated>0</truncated>
		<difficult>0</difficult>
		<occluded>0</occluded>
		<bndbox>
			<xmin>307</xmin>
			<xmax>309</xmax>
			<ymin>284</ymin>
			<ymax>294</ymax>
		</bndbox>
	</object>
	<object>
		<name>0</name>
		<pose>Unspecified</pose>
		<truncated>0</truncated>
		<difficult>0</difficult>
		<occluded>0</occluded>
		<bndbox>
			<xmin>309</xmin>
			<xmax>329</xmax>
			<ymin>200</ymin>
			<ymax>282</ymax>
		</bndbox>
	</object>
</annotation>
