<annotation>
	<folder></folder>
	<filename>0000001125-1-Image_jpeg.rf.aef7a97c6f68eb26eb342e169f3b3dac.jpg</filename>
	<path>0000001125-1-Image_jpeg.rf.aef7a97c6f68eb26eb342e169f3b3dac.jpg</path>
	<source>
		<database>roboflow.ai</database>
	</source>
	<size>
		<width>600</width>
		<height>600</height>
		<depth>3</depth>
	</size>
	<segmented>0</segmented>
	<object>
		<name>0</name>
		<pose>Unspecified</pose>
		<truncated>0</truncated>
		<difficult>0</difficult>
		<occluded>0</occluded>
		<bndbox>
			<xmin>271</xmin>
			<xmax>273</xmax>
			<ymin>228</ymin>
			<ymax>235</ymax>
		</bndbox>
	</object>
	<object>
		<name>0</name>
		<pose>Unspecified</pose>
		<truncated>0</truncated>
		<difficult>0</difficult>
		<occluded>0</occluded>
		<bndbox>
			<xmin>275</xmin>
			<xmax>277</xmax>
			<ymin>177</ymin>
			<ymax>217</ymax>
		</bndbox>
	</object>
</annotation>
