<annotation>
	<folder></folder>
	<filename>0000001261-1-Image_jpeg.rf.3e3cd98f2ad47b3f6dfc31eca32ea9e9.jpg</filename>
	<path>0000001261-1-Image_jpeg.rf.3e3cd98f2ad47b3f6dfc31eca32ea9e9.jpg</path>
	<source>
		<database>roboflow.ai</database>
	</source>
	<size>
		<width>600</width>
		<height>600</height>
		<depth>3</depth>
	</size>
	<segmented>0</segmented>
	<object>
		<name>0</name>
		<pose>Unspecified</pose>
		<truncated>0</truncated>
		<difficult>0</difficult>
		<occluded>0</occluded>
		<bndbox>
			<xmin>288</xmin>
			<xmax>290</xmax>
			<ymin>282</ymin>
			<ymax>292</ymax>
		</bndbox>
	</object>
	<object>
		<name>0</name>
		<pose>Unspecified</pose>
		<truncated>0</truncated>
		<difficult>0</difficult>
		<occluded>0</occluded>
		<bndbox>
			<xmin>290</xmin>
			<xmax>299</xmax>
			<ymin>194</ymin>
			<ymax>258</ymax>
		</bndbox>
	</object>
</annotation>
