<annotation>
	<folder></folder>
	<filename>0000000430-1-Image_jpeg.rf.d029e640fee6318533f75ee89c15c0d9.jpg</filename>
	<path>0000000430-1-Image_jpeg.rf.d029e640fee6318533f75ee89c15c0d9.jpg</path>
	<source>
		<database>roboflow.ai</database>
	</source>
	<size>
		<width>600</width>
		<height>600</height>
		<depth>3</depth>
	</size>
	<segmented>0</segmented>
	<object>
		<name>0</name>
		<pose>Unspecified</pose>
		<truncated>0</truncated>
		<difficult>0</difficult>
		<occluded>0</occluded>
		<bndbox>
			<xmin>294</xmin>
			<xmax>296</xmax>
			<ymin>288</ymin>
			<ymax>297</ymax>
		</bndbox>
	</object>
	<object>
		<name>0</name>
		<pose>Unspecified</pose>
		<truncated>0</truncated>
		<difficult>0</difficult>
		<occluded>0</occluded>
		<bndbox>
			<xmin>294</xmin>
			<xmax>296</xmax>
			<ymin>247</ymin>
			<ymax>286</ymax>
		</bndbox>
	</object>
</annotation>
