<annotation>
	<folder></folder>
	<filename>0000001120-1-Image_jpeg.rf.ede3b77785f4e15293b88a9dc65e2320.jpg</filename>
	<path>0000001120-1-Image_jpeg.rf.ede3b77785f4e15293b88a9dc65e2320.jpg</path>
	<source>
		<database>roboflow.ai</database>
	</source>
	<size>
		<width>600</width>
		<height>600</height>
		<depth>3</depth>
	</size>
	<segmented>0</segmented>
	<object>
		<name>0</name>
		<pose>Unspecified</pose>
		<truncated>0</truncated>
		<difficult>0</difficult>
		<occluded>0</occluded>
		<bndbox>
			<xmin>264</xmin>
			<xmax>266</xmax>
			<ymin>277</ymin>
			<ymax>288</ymax>
		</bndbox>
	</object>
	<object>
		<name>0</name>
		<pose>Unspecified</pose>
		<truncated>0</truncated>
		<difficult>0</difficult>
		<occluded>0</occluded>
		<bndbox>
			<xmin>266</xmin>
			<xmax>268</xmax>
			<ymin>263</ymin>
			<ymax>271</ymax>
		</bndbox>
	</object>
</annotation>
