<annotation>
	<folder></folder>
	<filename>0000000854-1-Image_jpeg.rf.20d1ffeda403f34a4c999f3691b37600.jpg</filename>
	<path>0000000854-1-Image_jpeg.rf.20d1ffeda403f34a4c999f3691b37600.jpg</path>
	<source>
		<database>roboflow.ai</database>
	</source>
	<size>
		<width>600</width>
		<height>600</height>
		<depth>3</depth>
	</size>
	<segmented>0</segmented>
	<object>
		<name>0</name>
		<pose>Unspecified</pose>
		<truncated>0</truncated>
		<difficult>0</difficult>
		<occluded>0</occluded>
		<bndbox>
			<xmin>331</xmin>
			<xmax>333</xmax>
			<ymin>314</ymin>
			<ymax>324</ymax>
		</bndbox>
	</object>
</annotation>
