<annotation>
	<folder></folder>
	<filename>0000000450-1-Image_jpeg.rf.8354ba37bd71f71bf4df7d19053fb8cb.jpg</filename>
	<path>0000000450-1-Image_jpeg.rf.8354ba37bd71f71bf4df7d19053fb8cb.jpg</path>
	<source>
		<database>roboflow.ai</database>
	</source>
	<size>
		<width>600</width>
		<height>600</height>
		<depth>3</depth>
	</size>
	<segmented>0</segmented>
	<object>
		<name>0</name>
		<pose>Unspecified</pose>
		<truncated>0</truncated>
		<difficult>0</difficult>
		<occluded>0</occluded>
		<bndbox>
			<xmin>258</xmin>
			<xmax>260</xmax>
			<ymin>305</ymin>
			<ymax>312</ymax>
		</bndbox>
	</object>
</annotation>
