<annotation>
	<folder></folder>
	<filename>0000000117-1-Image_jpeg.rf.b4ce8276b156b580e69b84d971d159e5.jpg</filename>
	<path>0000000117-1-Image_jpeg.rf.b4ce8276b156b580e69b84d971d159e5.jpg</path>
	<source>
		<database>roboflow.ai</database>
	</source>
	<size>
		<width>600</width>
		<height>600</height>
		<depth>3</depth>
	</size>
	<segmented>0</segmented>
	<object>
		<name>0</name>
		<pose>Unspecified</pose>
		<truncated>0</truncated>
		<difficult>0</difficult>
		<occluded>0</occluded>
		<bndbox>
			<xmin>309</xmin>
			<xmax>311</xmax>
			<ymin>307</ymin>
			<ymax>314</ymax>
		</bndbox>
	</object>
	<object>
		<name>0</name>
		<pose>Unspecified</pose>
		<truncated>0</truncated>
		<difficult>0</difficult>
		<occluded>0</occluded>
		<bndbox>
			<xmin>290</xmin>
			<xmax>309</xmax>
			<ymin>221</ymin>
			<ymax>296</ymax>
		</bndbox>
	</object>
</annotation>
