<annotation>
	<folder></folder>
	<filename>0000000042-1-Image_jpeg.rf.da04ce8f5740b6d7d83e4cbca90b161f.jpg</filename>
	<path>0000000042-1-Image_jpeg.rf.da04ce8f5740b6d7d83e4cbca90b161f.jpg</path>
	<source>
		<database>roboflow.ai</database>
	</source>
	<size>
		<width>600</width>
		<height>600</height>
		<depth>3</depth>
	</size>
	<segmented>0</segmented>
	<object>
		<name>0</name>
		<pose>Unspecified</pose>
		<truncated>0</truncated>
		<difficult>0</difficult>
		<occluded>0</occluded>
		<bndbox>
			<xmin>277</xmin>
			<xmax>279</xmax>
			<ymin>329</ymin>
			<ymax>339</ymax>
		</bndbox>
	</object>
</annotation>
