<annotation>
	<folder></folder>
	<filename>0000001002-1-Image_jpeg.rf.18a7da97db6a68aa6a9491ace431e1cf.jpg</filename>
	<path>0000001002-1-Image_jpeg.rf.18a7da97db6a68aa6a9491ace431e1cf.jpg</path>
	<source>
		<database>roboflow.ai</database>
	</source>
	<size>
		<width>600</width>
		<height>600</height>
		<depth>3</depth>
	</size>
	<segmented>0</segmented>
	<object>
		<name>0</name>
		<pose>Unspecified</pose>
		<truncated>0</truncated>
		<difficult>0</difficult>
		<occluded>0</occluded>
		<bndbox>
			<xmin>247</xmin>
			<xmax>249</xmax>
			<ymin>237</ymin>
			<ymax>247</ymax>
		</bndbox>
	</object>
	<object>
		<name>0</name>
		<pose>Unspecified</pose>
		<truncated>0</truncated>
		<difficult>0</difficult>
		<occluded>0</occluded>
		<bndbox>
			<xmin>247</xmin>
			<xmax>252</xmax>
			<ymin>149</ymin>
			<ymax>235</ymax>
		</bndbox>
	</object>
</annotation>
