<annotation>
	<folder></folder>
	<filename>0000000479-1-Image_jpeg.rf.3d8581149c873856da4cad8cdd80e3b8.jpg</filename>
	<path>0000000479-1-Image_jpeg.rf.3d8581149c873856da4cad8cdd80e3b8.jpg</path>
	<source>
		<database>roboflow.ai</database>
	</source>
	<size>
		<width>600</width>
		<height>600</height>
		<depth>3</depth>
	</size>
	<segmented>0</segmented>
	<object>
		<name>0</name>
		<pose>Unspecified</pose>
		<truncated>0</truncated>
		<difficult>0</difficult>
		<occluded>0</occluded>
		<bndbox>
			<xmin>365</xmin>
			<xmax>367</xmax>
			<ymin>318</ymin>
			<ymax>329</ymax>
		</bndbox>
	</object>
</annotation>
