<annotation>
	<folder></folder>
	<filename>0000001078-1-Image_jpeg.rf.725df9405d74d36e09332f75cb3a2fb1.jpg</filename>
	<path>0000001078-1-Image_jpeg.rf.725df9405d74d36e09332f75cb3a2fb1.jpg</path>
	<source>
		<database>roboflow.ai</database>
	</source>
	<size>
		<width>600</width>
		<height>600</height>
		<depth>3</depth>
	</size>
	<segmented>0</segmented>
	<object>
		<name>0</name>
		<pose>Unspecified</pose>
		<truncated>0</truncated>
		<difficult>0</difficult>
		<occluded>0</occluded>
		<bndbox>
			<xmin>299</xmin>
			<xmax>301</xmax>
			<ymin>303</ymin>
			<ymax>312</ymax>
		</bndbox>
	</object>
	<object>
		<name>0</name>
		<pose>Unspecified</pose>
		<truncated>0</truncated>
		<difficult>0</difficult>
		<occluded>0</occluded>
		<bndbox>
			<xmin>301</xmin>
			<xmax>305</xmax>
			<ymin>253</ymin>
			<ymax>296</ymax>
		</bndbox>
	</object>
</annotation>
