<annotation>
	<folder></folder>
	<filename>0000000989-1-Image_jpeg.rf.68df4d125865e06b6be6d78ebb78bad8.jpg</filename>
	<path>0000000989-1-Image_jpeg.rf.68df4d125865e06b6be6d78ebb78bad8.jpg</path>
	<source>
		<database>roboflow.ai</database>
	</source>
	<size>
		<width>600</width>
		<height>600</height>
		<depth>3</depth>
	</size>
	<segmented>0</segmented>
	<object>
		<name>0</name>
		<pose>Unspecified</pose>
		<truncated>0</truncated>
		<difficult>0</difficult>
		<occluded>0</occluded>
		<bndbox>
			<xmin>305</xmin>
			<xmax>307</xmax>
			<ymin>284</ymin>
			<ymax>294</ymax>
		</bndbox>
	</object>
	<object>
		<name>0</name>
		<pose>Unspecified</pose>
		<truncated>0</truncated>
		<difficult>0</difficult>
		<occluded>0</occluded>
		<bndbox>
			<xmin>305</xmin>
			<xmax>307</xmax>
			<ymin>230</ymin>
			<ymax>282</ymax>
		</bndbox>
	</object>
</annotation>
