<annotation>
	<folder></folder>
	<filename>0000000707-1-Image_jpeg.rf.09fd82dc10cdd113edd9667e2492d388.jpg</filename>
	<path>0000000707-1-Image_jpeg.rf.09fd82dc10cdd113edd9667e2492d388.jpg</path>
	<source>
		<database>roboflow.ai</database>
	</source>
	<size>
		<width>600</width>
		<height>600</height>
		<depth>3</depth>
	</size>
	<segmented>0</segmented>
	<object>
		<name>0</name>
		<pose>Unspecified</pose>
		<truncated>0</truncated>
		<difficult>0</difficult>
		<occluded>0</occluded>
		<bndbox>
			<xmin>346</xmin>
			<xmax>348</xmax>
			<ymin>333</ymin>
			<ymax>342</ymax>
		</bndbox>
	</object>
</annotation>
