<annotation>
	<folder></folder>
	<filename>0000000013-1-Image_jpeg.rf.fd0f490a87421b892b4b49b1edb33b6e.jpg</filename>
	<path>0000000013-1-Image_jpeg.rf.fd0f490a87421b892b4b49b1edb33b6e.jpg</path>
	<source>
		<database>roboflow.ai</database>
	</source>
	<size>
		<width>600</width>
		<height>600</height>
		<depth>3</depth>
	</size>
	<segmented>0</segmented>
	<object>
		<name>0</name>
		<pose>Unspecified</pose>
		<truncated>0</truncated>
		<difficult>0</difficult>
		<occluded>0</occluded>
		<bndbox>
			<xmin>320</xmin>
			<xmax>322</xmax>
			<ymin>280</ymin>
			<ymax>290</ymax>
		</bndbox>
	</object>
	<object>
		<name>0</name>
		<pose>Unspecified</pose>
		<truncated>0</truncated>
		<difficult>0</difficult>
		<occluded>0</occluded>
		<bndbox>
			<xmin>324</xmin>
			<xmax>339</xmax>
			<ymin>194</ymin>
			<ymax>262</ymax>
		</bndbox>
	</object>
</annotation>
