<annotation>
	<folder></folder>
	<filename>0000000770-1-Image_jpeg.rf.a58b35d16d91affb8539fd39b1695a12.jpg</filename>
	<path>0000000770-1-Image_jpeg.rf.a58b35d16d91affb8539fd39b1695a12.jpg</path>
	<source>
		<database>roboflow.ai</database>
	</source>
	<size>
		<width>600</width>
		<height>600</height>
		<depth>3</depth>
	</size>
	<segmented>0</segmented>
	<object>
		<name>0</name>
		<pose>Unspecified</pose>
		<truncated>0</truncated>
		<difficult>0</difficult>
		<occluded>0</occluded>
		<bndbox>
			<xmin>247</xmin>
			<xmax>249</xmax>
			<ymin>325</ymin>
			<ymax>335</ymax>
		</bndbox>
	</object>
</annotation>
