<annotation>
	<folder></folder>
	<filename>0000001130-1-Image_jpeg.rf.740be9407eaa17c4c434201e23e4253e.jpg</filename>
	<path>0000001130-1-Image_jpeg.rf.740be9407eaa17c4c434201e23e4253e.jpg</path>
	<source>
		<database>roboflow.ai</database>
	</source>
	<size>
		<width>600</width>
		<height>600</height>
		<depth>3</depth>
	</size>
	<segmented>0</segmented>
	<object>
		<name>0</name>
		<pose>Unspecified</pose>
		<truncated>0</truncated>
		<difficult>0</difficult>
		<occluded>0</occluded>
		<bndbox>
			<xmin>305</xmin>
			<xmax>307</xmax>
			<ymin>293</ymin>
			<ymax>303</ymax>
		</bndbox>
	</object>
	<object>
		<name>0</name>
		<pose>Unspecified</pose>
		<truncated>0</truncated>
		<difficult>0</difficult>
		<occluded>0</occluded>
		<bndbox>
			<xmin>307</xmin>
			<xmax>316</xmax>
			<ymin>232</ymin>
			<ymax>282</ymax>
		</bndbox>
	</object>
</annotation>
