<annotation>
	<folder></folder>
	<filename>0000001287-1-Image_jpeg.rf.480994f4c6e3fb40be8d763527d9ee60.jpg</filename>
	<path>0000001287-1-Image_jpeg.rf.480994f4c6e3fb40be8d763527d9ee60.jpg</path>
	<source>
		<database>roboflow.ai</database>
	</source>
	<size>
		<width>600</width>
		<height>600</height>
		<depth>3</depth>
	</size>
	<segmented>0</segmented>
	<object>
		<name>0</name>
		<pose>Unspecified</pose>
		<truncated>0</truncated>
		<difficult>0</difficult>
		<occluded>0</occluded>
		<bndbox>
			<xmin>282</xmin>
			<xmax>284</xmax>
			<ymin>278</ymin>
			<ymax>288</ymax>
		</bndbox>
	</object>
	<object>
		<name>0</name>
		<pose>Unspecified</pose>
		<truncated>0</truncated>
		<difficult>0</difficult>
		<occluded>0</occluded>
		<bndbox>
			<xmin>284</xmin>
			<xmax>305</xmax>
			<ymin>192</ymin>
			<ymax>277</ymax>
		</bndbox>
	</object>
</annotation>
