<annotation>
	<folder></folder>
	<filename>0000000070-1-Image_jpeg.rf.fe1b7e0540b9272f3d48e09f8bc05d42.jpg</filename>
	<path>0000000070-1-Image_jpeg.rf.fe1b7e0540b9272f3d48e09f8bc05d42.jpg</path>
	<source>
		<database>roboflow.ai</database>
	</source>
	<size>
		<width>600</width>
		<height>600</height>
		<depth>3</depth>
	</size>
	<segmented>0</segmented>
	<object>
		<name>0</name>
		<pose>Unspecified</pose>
		<truncated>0</truncated>
		<difficult>0</difficult>
		<occluded>0</occluded>
		<bndbox>
			<xmin>305</xmin>
			<xmax>307</xmax>
			<ymin>290</ymin>
			<ymax>297</ymax>
		</bndbox>
	</object>
	<object>
		<name>0</name>
		<pose>Unspecified</pose>
		<truncated>0</truncated>
		<difficult>0</difficult>
		<occluded>0</occluded>
		<bndbox>
			<xmin>297</xmin>
			<xmax>305</xmax>
			<ymin>239</ymin>
			<ymax>279</ymax>
		</bndbox>
	</object>
</annotation>
