<annotation>
	<folder></folder>
	<filename>0000000689-1-Image_jpeg.rf.e969bc52b2e7c1bccc1cb78c89efb070.jpg</filename>
	<path>0000000689-1-Image_jpeg.rf.e969bc52b2e7c1bccc1cb78c89efb070.jpg</path>
	<source>
		<database>roboflow.ai</database>
	</source>
	<size>
		<width>600</width>
		<height>600</height>
		<depth>3</depth>
	</size>
	<segmented>0</segmented>
	<object>
		<name>0</name>
		<pose>Unspecified</pose>
		<truncated>0</truncated>
		<difficult>0</difficult>
		<occluded>0</occluded>
		<bndbox>
			<xmin>245</xmin>
			<xmax>247</xmax>
			<ymin>290</ymin>
			<ymax>299</ymax>
		</bndbox>
	</object>
	<object>
		<name>0</name>
		<pose>Unspecified</pose>
		<truncated>0</truncated>
		<difficult>0</difficult>
		<occluded>0</occluded>
		<bndbox>
			<xmin>237</xmin>
			<xmax>245</xmax>
			<ymin>228</ymin>
			<ymax>271</ymax>
		</bndbox>
	</object>
</annotation>
