<annotation>
	<folder></folder>
	<filename>0000001435-1-Image_jpeg.rf.28bf2f89d439971b4b20b6e311f96e4e.jpg</filename>
	<path>0000001435-1-Image_jpeg.rf.28bf2f89d439971b4b20b6e311f96e4e.jpg</path>
	<source>
		<database>roboflow.ai</database>
	</source>
	<size>
		<width>600</width>
		<height>600</height>
		<depth>3</depth>
	</size>
	<segmented>0</segmented>
	<object>
		<name>0</name>
		<pose>Unspecified</pose>
		<truncated>0</truncated>
		<difficult>0</difficult>
		<occluded>0</occluded>
		<bndbox>
			<xmin>279</xmin>
			<xmax>281</xmax>
			<ymin>307</ymin>
			<ymax>311</ymax>
		</bndbox>
	</object>
</annotation>
