<annotation>
	<folder></folder>
	<filename>0000000589-1-Image_jpeg.rf.46340ce86c55622ce919117042074a53.jpg</filename>
	<path>0000000589-1-Image_jpeg.rf.46340ce86c55622ce919117042074a53.jpg</path>
	<source>
		<database>roboflow.ai</database>
	</source>
	<size>
		<width>600</width>
		<height>600</height>
		<depth>3</depth>
	</size>
	<segmented>0</segmented>
	<object>
		<name>0</name>
		<pose>Unspecified</pose>
		<truncated>0</truncated>
		<difficult>0</difficult>
		<occluded>0</occluded>
		<bndbox>
			<xmin>307</xmin>
			<xmax>309</xmax>
			<ymin>222</ymin>
			<ymax>258</ymax>
		</bndbox>
	</object>
</annotation>
