<annotation>
	<folder></folder>
	<filename>0000000354-1-Image_jpeg.rf.5c69ed9133db0acf0c296f6582dc10d2.jpg</filename>
	<path>0000000354-1-Image_jpeg.rf.5c69ed9133db0acf0c296f6582dc10d2.jpg</path>
	<source>
		<database>roboflow.ai</database>
	</source>
	<size>
		<width>600</width>
		<height>600</height>
		<depth>3</depth>
	</size>
	<segmented>0</segmented>
	<object>
		<name>0</name>
		<pose>Unspecified</pose>
		<truncated>0</truncated>
		<difficult>0</difficult>
		<occluded>0</occluded>
		<bndbox>
			<xmin>292</xmin>
			<xmax>294</xmax>
			<ymin>282</ymin>
			<ymax>290</ymax>
		</bndbox>
	</object>
</annotation>
