<annotation>
	<folder></folder>
	<filename>0000001344-1-Image_jpeg.rf.c5bf65efec9c36e51b850a797703c7ce.jpg</filename>
	<path>0000001344-1-Image_jpeg.rf.c5bf65efec9c36e51b850a797703c7ce.jpg</path>
	<source>
		<database>roboflow.ai</database>
	</source>
	<size>
		<width>600</width>
		<height>600</height>
		<depth>3</depth>
	</size>
	<segmented>0</segmented>
	<object>
		<name>0</name>
		<pose>Unspecified</pose>
		<truncated>0</truncated>
		<difficult>0</difficult>
		<occluded>0</occluded>
		<bndbox>
			<xmin>262</xmin>
			<xmax>264</xmax>
			<ymin>265</ymin>
			<ymax>273</ymax>
		</bndbox>
	</object>
	<object>
		<name>0</name>
		<pose>Unspecified</pose>
		<truncated>0</truncated>
		<difficult>0</difficult>
		<occluded>0</occluded>
		<bndbox>
			<xmin>263</xmin>
			<xmax>273</xmax>
			<ymin>206</ymin>
			<ymax>264</ymax>
		</bndbox>
	</object>
</annotation>
