<annotation>
	<folder></folder>
	<filename>0000000520-1-Image_jpeg.rf.ef8517ac78955e8008cb3c2dc9bb2cd1.jpg</filename>
	<path>0000000520-1-Image_jpeg.rf.ef8517ac78955e8008cb3c2dc9bb2cd1.jpg</path>
	<source>
		<database>roboflow.ai</database>
	</source>
	<size>
		<width>600</width>
		<height>600</height>
		<depth>3</depth>
	</size>
	<segmented>0</segmented>
	<object>
		<name>0</name>
		<pose>Unspecified</pose>
		<truncated>0</truncated>
		<difficult>0</difficult>
		<occluded>0</occluded>
		<bndbox>
			<xmin>292</xmin>
			<xmax>294</xmax>
			<ymin>299</ymin>
			<ymax>307</ymax>
		</bndbox>
	</object>
	<object>
		<name>0</name>
		<pose>Unspecified</pose>
		<truncated>0</truncated>
		<difficult>0</difficult>
		<occluded>0</occluded>
		<bndbox>
			<xmin>295</xmin>
			<xmax>301</xmax>
			<ymin>254</ymin>
			<ymax>288</ymax>
		</bndbox>
	</object>
</annotation>
