<annotation>
	<folder></folder>
	<filename>0000000417-1-Image_jpeg.rf.1189bda65c4164f1a513b1482051337e.jpg</filename>
	<path>0000000417-1-Image_jpeg.rf.1189bda65c4164f1a513b1482051337e.jpg</path>
	<source>
		<database>roboflow.ai</database>
	</source>
	<size>
		<width>600</width>
		<height>600</height>
		<depth>3</depth>
	</size>
	<segmented>0</segmented>
	<object>
		<name>0</name>
		<pose>Unspecified</pose>
		<truncated>0</truncated>
		<difficult>0</difficult>
		<occluded>0</occluded>
		<bndbox>
			<xmin>320</xmin>
			<xmax>322</xmax>
			<ymin>293</ymin>
			<ymax>301</ymax>
		</bndbox>
	</object>
</annotation>
