<annotation>
	<folder></folder>
	<filename>0000000231-1-Image_jpeg.rf.e32ccdef81744a3278b4b72e9e839612.jpg</filename>
	<path>0000000231-1-Image_jpeg.rf.e32ccdef81744a3278b4b72e9e839612.jpg</path>
	<source>
		<database>roboflow.ai</database>
	</source>
	<size>
		<width>600</width>
		<height>600</height>
		<depth>3</depth>
	</size>
	<segmented>0</segmented>
	<object>
		<name>0</name>
		<pose>Unspecified</pose>
		<truncated>0</truncated>
		<difficult>0</difficult>
		<occluded>0</occluded>
		<bndbox>
			<xmin>299</xmin>
			<xmax>301</xmax>
			<ymin>297</ymin>
			<ymax>305</ymax>
		</bndbox>
	</object>
	<object>
		<name>0</name>
		<pose>Unspecified</pose>
		<truncated>0</truncated>
		<difficult>0</difficult>
		<occluded>0</occluded>
		<bndbox>
			<xmin>303</xmin>
			<xmax>314</xmax>
			<ymin>239</ymin>
			<ymax>290</ymax>
		</bndbox>
	</object>
</annotation>
