<annotation>
	<folder></folder>
	<filename>0000000486-1-Image_jpeg.rf.336ffeacec1a9420a570f5861d23e161.jpg</filename>
	<path>0000000486-1-Image_jpeg.rf.336ffeacec1a9420a570f5861d23e161.jpg</path>
	<source>
		<database>roboflow.ai</database>
	</source>
	<size>
		<width>600</width>
		<height>600</height>
		<depth>3</depth>
	</size>
	<segmented>0</segmented>
	<object>
		<name>0</name>
		<pose>Unspecified</pose>
		<truncated>0</truncated>
		<difficult>0</difficult>
		<occluded>0</occluded>
		<bndbox>
			<xmin>312</xmin>
			<xmax>314</xmax>
			<ymin>280</ymin>
			<ymax>288</ymax>
		</bndbox>
	</object>
</annotation>
