<annotation>
	<folder></folder>
	<filename>0000001465-1-Image_jpeg.rf.facd049e5fb014f0e2fbafef99b1a08e.jpg</filename>
	<path>0000001465-1-Image_jpeg.rf.facd049e5fb014f0e2fbafef99b1a08e.jpg</path>
	<source>
		<database>roboflow.ai</database>
	</source>
	<size>
		<width>600</width>
		<height>600</height>
		<depth>3</depth>
	</size>
	<segmented>0</segmented>
	<object>
		<name>0</name>
		<pose>Unspecified</pose>
		<truncated>0</truncated>
		<difficult>0</difficult>
		<occluded>0</occluded>
		<bndbox>
			<xmin>307</xmin>
			<xmax>309</xmax>
			<ymin>297</ymin>
			<ymax>305</ymax>
		</bndbox>
	</object>
	<object>
		<name>0</name>
		<pose>Unspecified</pose>
		<truncated>0</truncated>
		<difficult>0</difficult>
		<occluded>0</occluded>
		<bndbox>
			<xmin>307</xmin>
			<xmax>318</xmax>
			<ymin>230</ymin>
			<ymax>292</ymax>
		</bndbox>
	</object>
</annotation>
