<annotation>
	<folder></folder>
	<filename>0000001191-1-Image_jpeg.rf.ab2d76e8b6256ad8db1dc8315e36fc83.jpg</filename>
	<path>0000001191-1-Image_jpeg.rf.ab2d76e8b6256ad8db1dc8315e36fc83.jpg</path>
	<source>
		<database>roboflow.ai</database>
	</source>
	<size>
		<width>600</width>
		<height>600</height>
		<depth>3</depth>
	</size>
	<segmented>0</segmented>
	<object>
		<name>0</name>
		<pose>Unspecified</pose>
		<truncated>0</truncated>
		<difficult>0</difficult>
		<occluded>0</occluded>
		<bndbox>
			<xmin>312</xmin>
			<xmax>320</xmax>
			<ymin>230</ymin>
			<ymax>295</ymax>
		</bndbox>
	</object>
</annotation>
