<annotation>
	<folder></folder>
	<filename>0000000544-1-Image_jpeg.rf.cd5919c2567e09dc1e713046d8de261b.jpg</filename>
	<path>0000000544-1-Image_jpeg.rf.cd5919c2567e09dc1e713046d8de261b.jpg</path>
	<source>
		<database>roboflow.ai</database>
	</source>
	<size>
		<width>600</width>
		<height>600</height>
		<depth>3</depth>
	</size>
	<segmented>0</segmented>
	<object>
		<name>0</name>
		<pose>Unspecified</pose>
		<truncated>0</truncated>
		<difficult>0</difficult>
		<occluded>0</occluded>
		<bndbox>
			<xmin>326</xmin>
			<xmax>328</xmax>
			<ymin>248</ymin>
			<ymax>256</ymax>
		</bndbox>
	</object>
	<object>
		<name>0</name>
		<pose>Unspecified</pose>
		<truncated>0</truncated>
		<difficult>0</difficult>
		<occluded>0</occluded>
		<bndbox>
			<xmin>324</xmin>
			<xmax>328</xmax>
			<ymin>192</ymin>
			<ymax>241</ymax>
		</bndbox>
	</object>
</annotation>
