<annotation>
	<folder></folder>
	<filename>0000000889-1-Image_jpeg.rf.60a8e56919bf0a3fa3dcea260f538d5b.jpg</filename>
	<path>0000000889-1-Image_jpeg.rf.60a8e56919bf0a3fa3dcea260f538d5b.jpg</path>
	<source>
		<database>roboflow.ai</database>
	</source>
	<size>
		<width>600</width>
		<height>600</height>
		<depth>3</depth>
	</size>
	<segmented>0</segmented>
	<object>
		<name>0</name>
		<pose>Unspecified</pose>
		<truncated>0</truncated>
		<difficult>0</difficult>
		<occluded>0</occluded>
		<bndbox>
			<xmin>325</xmin>
			<xmax>329</xmax>
			<ymin>205</ymin>
			<ymax>239</ymax>
		</bndbox>
	</object>
</annotation>
