<annotation>
	<folder></folder>
	<filename>0000000036-1-Image_jpeg.rf.660059150ab86cf21c327cef98cdf854.jpg</filename>
	<path>0000000036-1-Image_jpeg.rf.660059150ab86cf21c327cef98cdf854.jpg</path>
	<source>
		<database>roboflow.ai</database>
	</source>
	<size>
		<width>600</width>
		<height>600</height>
		<depth>3</depth>
	</size>
	<segmented>0</segmented>
	<object>
		<name>0</name>
		<pose>Unspecified</pose>
		<truncated>0</truncated>
		<difficult>0</difficult>
		<occluded>0</occluded>
		<bndbox>
			<xmin>307</xmin>
			<xmax>309</xmax>
			<ymin>282</ymin>
			<ymax>288</ymax>
		</bndbox>
	</object>
	<object>
		<name>0</name>
		<pose>Unspecified</pose>
		<truncated>0</truncated>
		<difficult>0</difficult>
		<occluded>0</occluded>
		<bndbox>
			<xmin>309</xmin>
			<xmax>320</xmax>
			<ymin>218</ymin>
			<ymax>273</ymax>
		</bndbox>
	</object>
</annotation>
