<annotation>
	<folder></folder>
	<filename>0000000137-1-Image_jpeg.rf.e2983396eb302cb242bda1e5e6fc05a8.jpg</filename>
	<path>0000000137-1-Image_jpeg.rf.e2983396eb302cb242bda1e5e6fc05a8.jpg</path>
	<source>
		<database>roboflow.ai</database>
	</source>
	<size>
		<width>600</width>
		<height>600</height>
		<depth>3</depth>
	</size>
	<segmented>0</segmented>
	<object>
		<name>0</name>
		<pose>Unspecified</pose>
		<truncated>0</truncated>
		<difficult>0</difficult>
		<occluded>0</occluded>
		<bndbox>
			<xmin>309</xmin>
			<xmax>311</xmax>
			<ymin>294</ymin>
			<ymax>299</ymax>
		</bndbox>
	</object>
	<object>
		<name>0</name>
		<pose>Unspecified</pose>
		<truncated>0</truncated>
		<difficult>0</difficult>
		<occluded>0</occluded>
		<bndbox>
			<xmin>307</xmin>
			<xmax>309</xmax>
			<ymin>256</ymin>
			<ymax>267</ymax>
		</bndbox>
	</object>
</annotation>
