<annotation>
	<folder></folder>
	<filename>0000000428-1-Image_jpeg.rf.83deb134d535ca64501c08088fd24388.jpg</filename>
	<path>0000000428-1-Image_jpeg.rf.83deb134d535ca64501c08088fd24388.jpg</path>
	<source>
		<database>roboflow.ai</database>
	</source>
	<size>
		<width>600</width>
		<height>600</height>
		<depth>3</depth>
	</size>
	<segmented>0</segmented>
	<object>
		<name>0</name>
		<pose>Unspecified</pose>
		<truncated>0</truncated>
		<difficult>0</difficult>
		<occluded>0</occluded>
		<bndbox>
			<xmin>230</xmin>
			<xmax>232</xmax>
			<ymin>256</ymin>
			<ymax>264</ymax>
		</bndbox>
	</object>
	<object>
		<name>0</name>
		<pose>Unspecified</pose>
		<truncated>0</truncated>
		<difficult>0</difficult>
		<occluded>0</occluded>
		<bndbox>
			<xmin>220</xmin>
			<xmax>226</xmax>
			<ymin>189</ymin>
			<ymax>206</ymax>
		</bndbox>
	</object>
</annotation>
