<annotation>
	<folder></folder>
	<filename>0000001366-1-Image_jpeg.rf.73c5a2541643fda51af74128cb3885e6.jpg</filename>
	<path>0000001366-1-Image_jpeg.rf.73c5a2541643fda51af74128cb3885e6.jpg</path>
	<source>
		<database>roboflow.ai</database>
	</source>
	<size>
		<width>600</width>
		<height>600</height>
		<depth>3</depth>
	</size>
	<segmented>0</segmented>
	<object>
		<name>0</name>
		<pose>Unspecified</pose>
		<truncated>0</truncated>
		<difficult>0</difficult>
		<occluded>0</occluded>
		<bndbox>
			<xmin>301</xmin>
			<xmax>303</xmax>
			<ymin>295</ymin>
			<ymax>303</ymax>
		</bndbox>
	</object>
	<object>
		<name>0</name>
		<pose>Unspecified</pose>
		<truncated>0</truncated>
		<difficult>0</difficult>
		<occluded>0</occluded>
		<bndbox>
			<xmin>295</xmin>
			<xmax>301</xmax>
			<ymin>232</ymin>
			<ymax>284</ymax>
		</bndbox>
	</object>
</annotation>
