<annotation>
	<folder></folder>
	<filename>0000000961-1-Image_jpeg.rf.a4ef22e6329955c346cfc48f4aad4dac.jpg</filename>
	<path>0000000961-1-Image_jpeg.rf.a4ef22e6329955c346cfc48f4aad4dac.jpg</path>
	<source>
		<database>roboflow.ai</database>
	</source>
	<size>
		<width>600</width>
		<height>600</height>
		<depth>3</depth>
	</size>
	<segmented>0</segmented>
	<object>
		<name>0</name>
		<pose>Unspecified</pose>
		<truncated>0</truncated>
		<difficult>0</difficult>
		<occluded>0</occluded>
		<bndbox>
			<xmin>301</xmin>
			<xmax>303</xmax>
			<ymin>299</ymin>
			<ymax>307</ymax>
		</bndbox>
	</object>
	<object>
		<name>0</name>
		<pose>Unspecified</pose>
		<truncated>0</truncated>
		<difficult>0</difficult>
		<occluded>0</occluded>
		<bndbox>
			<xmin>293</xmin>
			<xmax>303</xmax>
			<ymin>249</ymin>
			<ymax>298</ymax>
		</bndbox>
	</object>
</annotation>
