<annotation>
	<folder></folder>
	<filename>0000001272-1-Image_jpeg.rf.1df61f3ed7a2cc7a9ceb7060a519ac0c.jpg</filename>
	<path>0000001272-1-Image_jpeg.rf.1df61f3ed7a2cc7a9ceb7060a519ac0c.jpg</path>
	<source>
		<database>roboflow.ai</database>
	</source>
	<size>
		<width>600</width>
		<height>600</height>
		<depth>3</depth>
	</size>
	<segmented>0</segmented>
	<object>
		<name>0</name>
		<pose>Unspecified</pose>
		<truncated>0</truncated>
		<difficult>0</difficult>
		<occluded>0</occluded>
		<bndbox>
			<xmin>297</xmin>
			<xmax>299</xmax>
			<ymin>295</ymin>
			<ymax>301</ymax>
		</bndbox>
	</object>
	<object>
		<name>0</name>
		<pose>Unspecified</pose>
		<truncated>0</truncated>
		<difficult>0</difficult>
		<occluded>0</occluded>
		<bndbox>
			<xmin>299</xmin>
			<xmax>318</xmax>
			<ymin>228</ymin>
			<ymax>286</ymax>
		</bndbox>
	</object>
</annotation>
