<annotation>
	<folder></folder>
	<filename>0000000002-1-Image_jpeg.rf.d50e4314c6cdc2c54b488aac095dda06.jpg</filename>
	<path>0000000002-1-Image_jpeg.rf.d50e4314c6cdc2c54b488aac095dda06.jpg</path>
	<source>
		<database>roboflow.ai</database>
	</source>
	<size>
		<width>600</width>
		<height>600</height>
		<depth>3</depth>
	</size>
	<segmented>0</segmented>
	<object>
		<name>0</name>
		<pose>Unspecified</pose>
		<truncated>0</truncated>
		<difficult>0</difficult>
		<occluded>0</occluded>
		<bndbox>
			<xmin>316</xmin>
			<xmax>318</xmax>
			<ymin>314</ymin>
			<ymax>322</ymax>
		</bndbox>
	</object>
	<object>
		<name>0</name>
		<pose>Unspecified</pose>
		<truncated>0</truncated>
		<difficult>0</difficult>
		<occluded>0</occluded>
		<bndbox>
			<xmin>314</xmin>
			<xmax>316</xmax>
			<ymin>247</ymin>
			<ymax>254</ymax>
		</bndbox>
	</object>
</annotation>
