<annotation>
	<folder></folder>
	<filename>0000001497-1-Image_jpeg.rf.3c014e050882ec3f5b51862b1180704a.jpg</filename>
	<path>0000001497-1-Image_jpeg.rf.3c014e050882ec3f5b51862b1180704a.jpg</path>
	<source>
		<database>roboflow.ai</database>
	</source>
	<size>
		<width>600</width>
		<height>600</height>
		<depth>3</depth>
	</size>
	<segmented>0</segmented>
	<object>
		<name>0</name>
		<pose>Unspecified</pose>
		<truncated>0</truncated>
		<difficult>0</difficult>
		<occluded>0</occluded>
		<bndbox>
			<xmin>299</xmin>
			<xmax>301</xmax>
			<ymin>294</ymin>
			<ymax>299</ymax>
		</bndbox>
	</object>
</annotation>
