<annotation>
	<folder></folder>
	<filename>0000001125-1-Image_jpeg.rf.9c2b04e70bb11b76bc043b82f8a2bc48.jpg</filename>
	<path>0000001125-1-Image_jpeg.rf.9c2b04e70bb11b76bc043b82f8a2bc48.jpg</path>
	<source>
		<database>roboflow.ai</database>
	</source>
	<size>
		<width>600</width>
		<height>600</height>
		<depth>3</depth>
	</size>
	<segmented>0</segmented>
	<object>
		<name>0</name>
		<pose>Unspecified</pose>
		<truncated>0</truncated>
		<difficult>0</difficult>
		<occluded>0</occluded>
		<bndbox>
			<xmin>271</xmin>
			<xmax>273</xmax>
			<ymin>314</ymin>
			<ymax>320</ymax>
		</bndbox>
	</object>
	<object>
		<name>0</name>
		<pose>Unspecified</pose>
		<truncated>0</truncated>
		<difficult>0</difficult>
		<occluded>0</occluded>
		<bndbox>
			<xmin>264</xmin>
			<xmax>269</xmax>
			<ymin>251</ymin>
			<ymax>268</ymax>
		</bndbox>
	</object>
</annotation>
