<annotation>
	<folder></folder>
	<filename>0000001072-1-Image_jpeg.rf.42c45982ac36f778c7b367e8d21c5a8c.jpg</filename>
	<path>0000001072-1-Image_jpeg.rf.42c45982ac36f778c7b367e8d21c5a8c.jpg</path>
	<source>
		<database>roboflow.ai</database>
	</source>
	<size>
		<width>600</width>
		<height>600</height>
		<depth>3</depth>
	</size>
	<segmented>0</segmented>
	<object>
		<name>0</name>
		<pose>Unspecified</pose>
		<truncated>0</truncated>
		<difficult>0</difficult>
		<occluded>0</occluded>
		<bndbox>
			<xmin>307</xmin>
			<xmax>309</xmax>
			<ymin>264</ymin>
			<ymax>292</ymax>
		</bndbox>
	</object>
</annotation>
