<annotation>
	<folder></folder>
	<filename>0000001262-1-Image_jpeg.rf.5a13cc7e3eca688f4733b46b53695ad2.jpg</filename>
	<path>0000001262-1-Image_jpeg.rf.5a13cc7e3eca688f4733b46b53695ad2.jpg</path>
	<source>
		<database>roboflow.ai</database>
	</source>
	<size>
		<width>600</width>
		<height>600</height>
		<depth>3</depth>
	</size>
	<segmented>0</segmented>
	<object>
		<name>0</name>
		<pose>Unspecified</pose>
		<truncated>0</truncated>
		<difficult>0</difficult>
		<occluded>0</occluded>
		<bndbox>
			<xmin>303</xmin>
			<xmax>310</xmax>
			<ymin>217</ymin>
			<ymax>269</ymax>
		</bndbox>
	</object>
</annotation>
