<annotation>
	<folder></folder>
	<filename>0000001083-1-Image_jpeg.rf.095d07cb8a3d5b5d23545785949a9a11.jpg</filename>
	<path>0000001083-1-Image_jpeg.rf.095d07cb8a3d5b5d23545785949a9a11.jpg</path>
	<source>
		<database>roboflow.ai</database>
	</source>
	<size>
		<width>600</width>
		<height>600</height>
		<depth>3</depth>
	</size>
	<segmented>0</segmented>
	<object>
		<name>0</name>
		<pose>Unspecified</pose>
		<truncated>0</truncated>
		<difficult>0</difficult>
		<occluded>0</occluded>
		<bndbox>
			<xmin>288</xmin>
			<xmax>295</xmax>
			<ymin>230</ymin>
			<ymax>282</ymax>
		</bndbox>
	</object>
</annotation>
