<annotation>
	<folder></folder>
	<filename>0000001132-1-Image_jpeg.rf.fe7cdef0da0ff72e1f0200cb93b8b2aa.jpg</filename>
	<path>0000001132-1-Image_jpeg.rf.fe7cdef0da0ff72e1f0200cb93b8b2aa.jpg</path>
	<source>
		<database>roboflow.ai</database>
	</source>
	<size>
		<width>600</width>
		<height>600</height>
		<depth>3</depth>
	</size>
	<segmented>0</segmented>
	<object>
		<name>0</name>
		<pose>Unspecified</pose>
		<truncated>0</truncated>
		<difficult>0</difficult>
		<occluded>0</occluded>
		<bndbox>
			<xmin>301</xmin>
			<xmax>303</xmax>
			<ymin>297</ymin>
			<ymax>303</ymax>
		</bndbox>
	</object>
	<object>
		<name>0</name>
		<pose>Unspecified</pose>
		<truncated>0</truncated>
		<difficult>0</difficult>
		<occluded>0</occluded>
		<bndbox>
			<xmin>295</xmin>
			<xmax>299</xmax>
			<ymin>254</ymin>
			<ymax>279</ymax>
		</bndbox>
	</object>
</annotation>
