<annotation>
	<folder></folder>
	<filename>0000000070-1-Image_jpeg.rf.22a6acf1fef401a512f518f217357a6c.jpg</filename>
	<path>0000000070-1-Image_jpeg.rf.22a6acf1fef401a512f518f217357a6c.jpg</path>
	<source>
		<database>roboflow.ai</database>
	</source>
	<size>
		<width>600</width>
		<height>600</height>
		<depth>3</depth>
	</size>
	<segmented>0</segmented>
	<object>
		<name>0</name>
		<pose>Unspecified</pose>
		<truncated>0</truncated>
		<difficult>0</difficult>
		<occluded>0</occluded>
		<bndbox>
			<xmin>294</xmin>
			<xmax>296</xmax>
			<ymin>273</ymin>
			<ymax>280</ymax>
		</bndbox>
	</object>
	<object>
		<name>0</name>
		<pose>Unspecified</pose>
		<truncated>0</truncated>
		<difficult>0</difficult>
		<occluded>0</occluded>
		<bndbox>
			<xmin>298</xmin>
			<xmax>313</xmax>
			<ymin>205</ymin>
			<ymax>258</ymax>
		</bndbox>
	</object>
</annotation>
