<annotation>
	<folder></folder>
	<filename>0000000395-1-Image_jpeg.rf.d6f30c950be1ab8e632f617f677448c7.jpg</filename>
	<path>0000000395-1-Image_jpeg.rf.d6f30c950be1ab8e632f617f677448c7.jpg</path>
	<source>
		<database>roboflow.ai</database>
	</source>
	<size>
		<width>600</width>
		<height>600</height>
		<depth>3</depth>
	</size>
	<segmented>0</segmented>
	<object>
		<name>0</name>
		<pose>Unspecified</pose>
		<truncated>0</truncated>
		<difficult>0</difficult>
		<occluded>0</occluded>
		<bndbox>
			<xmin>307</xmin>
			<xmax>309</xmax>
			<ymin>262</ymin>
			<ymax>267</ymax>
		</bndbox>
	</object>
	<object>
		<name>0</name>
		<pose>Unspecified</pose>
		<truncated>0</truncated>
		<difficult>0</difficult>
		<occluded>0</occluded>
		<bndbox>
			<xmin>301</xmin>
			<xmax>307</xmax>
			<ymin>215</ymin>
			<ymax>256</ymax>
		</bndbox>
	</object>
</annotation>
