<annotation>
	<folder></folder>
	<filename>0000000289-1-Image_jpeg.rf.ecfd0a4c914ca358f184e0833fedd1ac.jpg</filename>
	<path>0000000289-1-Image_jpeg.rf.ecfd0a4c914ca358f184e0833fedd1ac.jpg</path>
	<source>
		<database>roboflow.ai</database>
	</source>
	<size>
		<width>600</width>
		<height>600</height>
		<depth>3</depth>
	</size>
	<segmented>0</segmented>
	<object>
		<name>0</name>
		<pose>Unspecified</pose>
		<truncated>0</truncated>
		<difficult>0</difficult>
		<occluded>0</occluded>
		<bndbox>
			<xmin>307</xmin>
			<xmax>311</xmax>
			<ymin>217</ymin>
			<ymax>254</ymax>
		</bndbox>
	</object>
</annotation>
