<annotation>
	<folder></folder>
	<filename>0000000507-1-Image_jpeg.rf.426c5a40cecbb93a34d51a8043424d59.jpg</filename>
	<path>0000000507-1-Image_jpeg.rf.426c5a40cecbb93a34d51a8043424d59.jpg</path>
	<source>
		<database>roboflow.ai</database>
	</source>
	<size>
		<width>600</width>
		<height>600</height>
		<depth>3</depth>
	</size>
	<segmented>0</segmented>
	<object>
		<name>0</name>
		<pose>Unspecified</pose>
		<truncated>0</truncated>
		<difficult>0</difficult>
		<occluded>0</occluded>
		<bndbox>
			<xmin>331</xmin>
			<xmax>333</xmax>
			<ymin>275</ymin>
			<ymax>282</ymax>
		</bndbox>
	</object>
</annotation>
