<annotation>
	<folder></folder>
	<filename>0000000106-1-Image_jpeg.rf.a5ee6103f0e9c1e343debbeaa4ea7176.jpg</filename>
	<path>0000000106-1-Image_jpeg.rf.a5ee6103f0e9c1e343debbeaa4ea7176.jpg</path>
	<source>
		<database>roboflow.ai</database>
	</source>
	<size>
		<width>600</width>
		<height>600</height>
		<depth>3</depth>
	</size>
	<segmented>0</segmented>
	<object>
		<name>0</name>
		<pose>Unspecified</pose>
		<truncated>0</truncated>
		<difficult>0</difficult>
		<occluded>0</occluded>
		<bndbox>
			<xmin>292</xmin>
			<xmax>294</xmax>
			<ymin>267</ymin>
			<ymax>284</ymax>
		</bndbox>
	</object>
</annotation>
