<annotation>
	<folder></folder>
	<filename>0000000782-1-Image_jpeg.rf.38da04e6dbe565afc93687a3cab219a2.jpg</filename>
	<path>0000000782-1-Image_jpeg.rf.38da04e6dbe565afc93687a3cab219a2.jpg</path>
	<source>
		<database>roboflow.ai</database>
	</source>
	<size>
		<width>600</width>
		<height>600</height>
		<depth>3</depth>
	</size>
	<segmented>0</segmented>
	<object>
		<name>0</name>
		<pose>Unspecified</pose>
		<truncated>0</truncated>
		<difficult>0</difficult>
		<occluded>0</occluded>
		<bndbox>
			<xmin>266</xmin>
			<xmax>268</xmax>
			<ymin>316</ymin>
			<ymax>324</ymax>
		</bndbox>
	</object>
</annotation>
