<annotation>
	<folder></folder>
	<filename>0000001373-1-Image_jpeg.rf.5d2d954901d761f99448dd094096bd40.jpg</filename>
	<path>0000001373-1-Image_jpeg.rf.5d2d954901d761f99448dd094096bd40.jpg</path>
	<source>
		<database>roboflow.ai</database>
	</source>
	<size>
		<width>600</width>
		<height>600</height>
		<depth>3</depth>
	</size>
	<segmented>0</segmented>
	<object>
		<name>0</name>
		<pose>Unspecified</pose>
		<truncated>0</truncated>
		<difficult>0</difficult>
		<occluded>0</occluded>
		<bndbox>
			<xmin>303</xmin>
			<xmax>305</xmax>
			<ymin>284</ymin>
			<ymax>292</ymax>
		</bndbox>
	</object>
	<object>
		<name>0</name>
		<pose>Unspecified</pose>
		<truncated>0</truncated>
		<difficult>0</difficult>
		<occluded>0</occluded>
		<bndbox>
			<xmin>305</xmin>
			<xmax>312</xmax>
			<ymin>217</ymin>
			<ymax>258</ymax>
		</bndbox>
	</object>
</annotation>
