<annotation>
	<folder></folder>
	<filename>0000000862-1-Image_jpeg.rf.fcf335d2e919a0dcc227c4ab79b82370.jpg</filename>
	<path>0000000862-1-Image_jpeg.rf.fcf335d2e919a0dcc227c4ab79b82370.jpg</path>
	<source>
		<database>roboflow.ai</database>
	</source>
	<size>
		<width>600</width>
		<height>600</height>
		<depth>3</depth>
	</size>
	<segmented>0</segmented>
	<object>
		<name>0</name>
		<pose>Unspecified</pose>
		<truncated>0</truncated>
		<difficult>0</difficult>
		<occluded>0</occluded>
		<bndbox>
			<xmin>305</xmin>
			<xmax>307</xmax>
			<ymin>299</ymin>
			<ymax>307</ymax>
		</bndbox>
	</object>
	<object>
		<name>0</name>
		<pose>Unspecified</pose>
		<truncated>0</truncated>
		<difficult>0</difficult>
		<occluded>0</occluded>
		<bndbox>
			<xmin>308</xmin>
			<xmax>316</xmax>
			<ymin>232</ymin>
			<ymax>277</ymax>
		</bndbox>
	</object>
</annotation>
