<annotation>
	<folder></folder>
	<filename>0000000272-1-Image_jpeg.rf.b16f517937400f9fca5229b83fc8bc78.jpg</filename>
	<path>0000000272-1-Image_jpeg.rf.b16f517937400f9fca5229b83fc8bc78.jpg</path>
	<source>
		<database>roboflow.ai</database>
	</source>
	<size>
		<width>600</width>
		<height>600</height>
		<depth>3</depth>
	</size>
	<segmented>0</segmented>
	<object>
		<name>0</name>
		<pose>Unspecified</pose>
		<truncated>0</truncated>
		<difficult>0</difficult>
		<occluded>0</occluded>
		<bndbox>
			<xmin>303</xmin>
			<xmax>322</xmax>
			<ymin>230</ymin>
			<ymax>295</ymax>
		</bndbox>
	</object>
</annotation>
