<annotation>
	<folder></folder>
	<filename>0000000638-1-Image_jpeg.rf.f3061300b68f6341f5adc40d054b2f42.jpg</filename>
	<path>0000000638-1-Image_jpeg.rf.f3061300b68f6341f5adc40d054b2f42.jpg</path>
	<source>
		<database>roboflow.ai</database>
	</source>
	<size>
		<width>600</width>
		<height>600</height>
		<depth>3</depth>
	</size>
	<segmented>0</segmented>
	<object>
		<name>0</name>
		<pose>Unspecified</pose>
		<truncated>0</truncated>
		<difficult>0</difficult>
		<occluded>0</occluded>
		<bndbox>
			<xmin>299</xmin>
			<xmax>301</xmax>
			<ymin>258</ymin>
			<ymax>263</ymax>
		</bndbox>
	</object>
	<object>
		<name>0</name>
		<pose>Unspecified</pose>
		<truncated>0</truncated>
		<difficult>0</difficult>
		<occluded>0</occluded>
		<bndbox>
			<xmin>301</xmin>
			<xmax>312</xmax>
			<ymin>190</ymin>
			<ymax>256</ymax>
		</bndbox>
	</object>
</annotation>
