<annotation>
	<folder></folder>
	<filename>0000000455-1-Image_jpeg.rf.2340bda474a6ca0c23da76bf992d2ceb.jpg</filename>
	<path>0000000455-1-Image_jpeg.rf.2340bda474a6ca0c23da76bf992d2ceb.jpg</path>
	<source>
		<database>roboflow.ai</database>
	</source>
	<size>
		<width>600</width>
		<height>600</height>
		<depth>3</depth>
	</size>
	<segmented>0</segmented>
	<object>
		<name>0</name>
		<pose>Unspecified</pose>
		<truncated>0</truncated>
		<difficult>0</difficult>
		<occluded>0</occluded>
		<bndbox>
			<xmin>309</xmin>
			<xmax>311</xmax>
			<ymin>299</ymin>
			<ymax>305</ymax>
		</bndbox>
	</object>
</annotation>
