<annotation>
	<folder></folder>
	<filename>0000000705-1-Image_jpeg.rf.31d382c404f9a234fc616e1167e06f2e.jpg</filename>
	<path>0000000705-1-Image_jpeg.rf.31d382c404f9a234fc616e1167e06f2e.jpg</path>
	<source>
		<database>roboflow.ai</database>
	</source>
	<size>
		<width>600</width>
		<height>600</height>
		<depth>3</depth>
	</size>
	<segmented>0</segmented>
	<object>
		<name>0</name>
		<pose>Unspecified</pose>
		<truncated>0</truncated>
		<difficult>0</difficult>
		<occluded>0</occluded>
		<bndbox>
			<xmin>348</xmin>
			<xmax>350</xmax>
			<ymin>320</ymin>
			<ymax>327</ymax>
		</bndbox>
	</object>
</annotation>
