<annotation>
	<folder></folder>
	<filename>0000001365-1-Image_jpeg.rf.190283133b71a8fc804f7a0f33ce8d18.jpg</filename>
	<path>0000001365-1-Image_jpeg.rf.190283133b71a8fc804f7a0f33ce8d18.jpg</path>
	<source>
		<database>roboflow.ai</database>
	</source>
	<size>
		<width>600</width>
		<height>600</height>
		<depth>3</depth>
	</size>
	<segmented>0</segmented>
	<object>
		<name>0</name>
		<pose>Unspecified</pose>
		<truncated>0</truncated>
		<difficult>0</difficult>
		<occluded>0</occluded>
		<bndbox>
			<xmin>312</xmin>
			<xmax>314</xmax>
			<ymin>329</ymin>
			<ymax>335</ymax>
		</bndbox>
	</object>
</annotation>
