<annotation>
	<folder></folder>
	<filename>0000000585-1-Image_jpeg.rf.5b6b3fa30e8f364c9d681e4ac5ff1c9a.jpg</filename>
	<path>0000000585-1-Image_jpeg.rf.5b6b3fa30e8f364c9d681e4ac5ff1c9a.jpg</path>
	<source>
		<database>roboflow.ai</database>
	</source>
	<size>
		<width>600</width>
		<height>600</height>
		<depth>3</depth>
	</size>
	<segmented>0</segmented>
	<object>
		<name>0</name>
		<pose>Unspecified</pose>
		<truncated>0</truncated>
		<difficult>0</difficult>
		<occluded>0</occluded>
		<bndbox>
			<xmin>295</xmin>
			<xmax>299</xmax>
			<ymin>228</ymin>
			<ymax>260</ymax>
		</bndbox>
	</object>
</annotation>
