<annotation>
	<folder></folder>
	<filename>0000001041-1-Image_jpeg.rf.2fdd690c3486a18fdc39fafba60018f6.jpg</filename>
	<path>0000001041-1-Image_jpeg.rf.2fdd690c3486a18fdc39fafba60018f6.jpg</path>
	<source>
		<database>roboflow.ai</database>
	</source>
	<size>
		<width>600</width>
		<height>600</height>
		<depth>3</depth>
	</size>
	<segmented>0</segmented>
	<object>
		<name>0</name>
		<pose>Unspecified</pose>
		<truncated>0</truncated>
		<difficult>0</difficult>
		<occluded>0</occluded>
		<bndbox>
			<xmin>296</xmin>
			<xmax>298</xmax>
			<ymin>325</ymin>
			<ymax>333</ymax>
		</bndbox>
	</object>
</annotation>
