<annotation>
	<folder></folder>
	<filename>0000001455-1-Image_jpeg.rf.9c1c3e93bc0de161d2bd5d191f1c3f95.jpg</filename>
	<path>0000001455-1-Image_jpeg.rf.9c1c3e93bc0de161d2bd5d191f1c3f95.jpg</path>
	<source>
		<database>roboflow.ai</database>
	</source>
	<size>
		<width>600</width>
		<height>600</height>
		<depth>3</depth>
	</size>
	<segmented>0</segmented>
	<object>
		<name>0</name>
		<pose>Unspecified</pose>
		<truncated>0</truncated>
		<difficult>0</difficult>
		<occluded>0</occluded>
		<bndbox>
			<xmin>316</xmin>
			<xmax>318</xmax>
			<ymin>295</ymin>
			<ymax>303</ymax>
		</bndbox>
	</object>
	<object>
		<name>0</name>
		<pose>Unspecified</pose>
		<truncated>0</truncated>
		<difficult>0</difficult>
		<occluded>0</occluded>
		<bndbox>
			<xmin>309</xmin>
			<xmax>314</xmax>
			<ymin>249</ymin>
			<ymax>269</ymax>
		</bndbox>
	</object>
</annotation>
