<annotation>
	<folder></folder>
	<filename>0000000686-1-Image_jpeg.rf.34cdf418529bc28c9db2bddc46b2c74b.jpg</filename>
	<path>0000000686-1-Image_jpeg.rf.34cdf418529bc28c9db2bddc46b2c74b.jpg</path>
	<source>
		<database>roboflow.ai</database>
	</source>
	<size>
		<width>600</width>
		<height>600</height>
		<depth>3</depth>
	</size>
	<segmented>0</segmented>
	<object>
		<name>0</name>
		<pose>Unspecified</pose>
		<truncated>0</truncated>
		<difficult>0</difficult>
		<occluded>0</occluded>
		<bndbox>
			<xmin>286</xmin>
			<xmax>288</xmax>
			<ymin>280</ymin>
			<ymax>288</ymax>
		</bndbox>
	</object>
	<object>
		<name>0</name>
		<pose>Unspecified</pose>
		<truncated>0</truncated>
		<difficult>0</difficult>
		<occluded>0</occluded>
		<bndbox>
			<xmin>280</xmin>
			<xmax>286</xmax>
			<ymin>241</ymin>
			<ymax>269</ymax>
		</bndbox>
	</object>
</annotation>
