<annotation>
	<folder></folder>
	<filename>0000001209-1-Image_jpeg.rf.0f2558ceb4e11c7252adc32644c7f4a5.jpg</filename>
	<path>0000001209-1-Image_jpeg.rf.0f2558ceb4e11c7252adc32644c7f4a5.jpg</path>
	<source>
		<database>roboflow.ai</database>
	</source>
	<size>
		<width>600</width>
		<height>600</height>
		<depth>3</depth>
	</size>
	<segmented>0</segmented>
	<object>
		<name>0</name>
		<pose>Unspecified</pose>
		<truncated>0</truncated>
		<difficult>0</difficult>
		<occluded>0</occluded>
		<bndbox>
			<xmin>303</xmin>
			<xmax>305</xmax>
			<ymin>286</ymin>
			<ymax>294</ymax>
		</bndbox>
	</object>
	<object>
		<name>0</name>
		<pose>Unspecified</pose>
		<truncated>0</truncated>
		<difficult>0</difficult>
		<occluded>0</occluded>
		<bndbox>
			<xmin>295</xmin>
			<xmax>303</xmax>
			<ymin>234</ymin>
			<ymax>279</ymax>
		</bndbox>
	</object>
</annotation>
