<annotation>
	<folder></folder>
	<filename>0000000852-1-Image_jpeg.rf.c9505247fa228e1cd89e591e6c5ce306.jpg</filename>
	<path>0000000852-1-Image_jpeg.rf.c9505247fa228e1cd89e591e6c5ce306.jpg</path>
	<source>
		<database>roboflow.ai</database>
	</source>
	<size>
		<width>600</width>
		<height>600</height>
		<depth>3</depth>
	</size>
	<segmented>0</segmented>
	<object>
		<name>0</name>
		<pose>Unspecified</pose>
		<truncated>0</truncated>
		<difficult>0</difficult>
		<occluded>0</occluded>
		<bndbox>
			<xmin>277</xmin>
			<xmax>279</xmax>
			<ymin>280</ymin>
			<ymax>288</ymax>
		</bndbox>
	</object>
	<object>
		<name>0</name>
		<pose>Unspecified</pose>
		<truncated>0</truncated>
		<difficult>0</difficult>
		<occluded>0</occluded>
		<bndbox>
			<xmin>278</xmin>
			<xmax>286</xmax>
			<ymin>213</ymin>
			<ymax>254</ymax>
		</bndbox>
	</object>
</annotation>
