<annotation>
	<folder></folder>
	<filename>0000000754-1-Image_jpeg.rf.05912180b17fa8ca2639860949774575.jpg</filename>
	<path>0000000754-1-Image_jpeg.rf.05912180b17fa8ca2639860949774575.jpg</path>
	<source>
		<database>roboflow.ai</database>
	</source>
	<size>
		<width>600</width>
		<height>600</height>
		<depth>3</depth>
	</size>
	<segmented>0</segmented>
	<object>
		<name>0</name>
		<pose>Unspecified</pose>
		<truncated>0</truncated>
		<difficult>0</difficult>
		<occluded>0</occluded>
		<bndbox>
			<xmin>309</xmin>
			<xmax>324</xmax>
			<ymin>219</ymin>
			<ymax>279</ymax>
		</bndbox>
	</object>
</annotation>
