<annotation>
	<folder></folder>
	<filename>0000000674-1-Image_jpeg.rf.560d9faf7cbe03a907b80e6a5ff796ed.jpg</filename>
	<path>0000000674-1-Image_jpeg.rf.560d9faf7cbe03a907b80e6a5ff796ed.jpg</path>
	<source>
		<database>roboflow.ai</database>
	</source>
	<size>
		<width>600</width>
		<height>600</height>
		<depth>3</depth>
	</size>
	<segmented>0</segmented>
	<object>
		<name>0</name>
		<pose>Unspecified</pose>
		<truncated>0</truncated>
		<difficult>0</difficult>
		<occluded>0</occluded>
		<bndbox>
			<xmin>290</xmin>
			<xmax>292</xmax>
			<ymin>280</ymin>
			<ymax>286</ymax>
		</bndbox>
	</object>
	<object>
		<name>0</name>
		<pose>Unspecified</pose>
		<truncated>0</truncated>
		<difficult>0</difficult>
		<occluded>0</occluded>
		<bndbox>
			<xmin>282</xmin>
			<xmax>290</xmax>
			<ymin>213</ymin>
			<ymax>278</ymax>
		</bndbox>
	</object>
</annotation>
