<annotation>
	<folder></folder>
	<filename>0000001177-1-Image_jpeg.rf.770b7a0e59bc0157d6ec414e3fbcfd5d.jpg</filename>
	<path>0000001177-1-Image_jpeg.rf.770b7a0e59bc0157d6ec414e3fbcfd5d.jpg</path>
	<source>
		<database>roboflow.ai</database>
	</source>
	<size>
		<width>600</width>
		<height>600</height>
		<depth>3</depth>
	</size>
	<segmented>0</segmented>
	<object>
		<name>0</name>
		<pose>Unspecified</pose>
		<truncated>0</truncated>
		<difficult>0</difficult>
		<occluded>0</occluded>
		<bndbox>
			<xmin>316</xmin>
			<xmax>318</xmax>
			<ymin>267</ymin>
			<ymax>275</ymax>
		</bndbox>
	</object>
	<object>
		<name>0</name>
		<pose>Unspecified</pose>
		<truncated>0</truncated>
		<difficult>0</difficult>
		<occluded>0</occluded>
		<bndbox>
			<xmin>308</xmin>
			<xmax>316</xmax>
			<ymin>208</ymin>
			<ymax>266</ymax>
		</bndbox>
	</object>
</annotation>
