<annotation>
	<folder></folder>
	<filename>0000000877-1-Image_jpeg.rf.546b00dbc73b1fc2dd85b0482bcb3a15.jpg</filename>
	<path>0000000877-1-Image_jpeg.rf.546b00dbc73b1fc2dd85b0482bcb3a15.jpg</path>
	<source>
		<database>roboflow.ai</database>
	</source>
	<size>
		<width>600</width>
		<height>600</height>
		<depth>3</depth>
	</size>
	<segmented>0</segmented>
	<object>
		<name>0</name>
		<pose>Unspecified</pose>
		<truncated>0</truncated>
		<difficult>0</difficult>
		<occluded>0</occluded>
		<bndbox>
			<xmin>292</xmin>
			<xmax>296</xmax>
			<ymin>217</ymin>
			<ymax>230</ymax>
		</bndbox>
	</object>
</annotation>
