<annotation>
	<folder></folder>
	<filename>0000000738-1-Image_jpeg.rf.61b9ad48ef694fb08861fa4747132a6e.jpg</filename>
	<path>0000000738-1-Image_jpeg.rf.61b9ad48ef694fb08861fa4747132a6e.jpg</path>
	<source>
		<database>roboflow.ai</database>
	</source>
	<size>
		<width>600</width>
		<height>600</height>
		<depth>3</depth>
	</size>
	<segmented>0</segmented>
	<object>
		<name>0</name>
		<pose>Unspecified</pose>
		<truncated>0</truncated>
		<difficult>0</difficult>
		<occluded>0</occluded>
		<bndbox>
			<xmin>384</xmin>
			<xmax>386</xmax>
			<ymin>338</ymin>
			<ymax>346</ymax>
		</bndbox>
	</object>
</annotation>
