<annotation>
	<folder></folder>
	<filename>0000000506-1-Image_jpeg.rf.68fec70ec0c45ac2912b2262caefdc95.jpg</filename>
	<path>0000000506-1-Image_jpeg.rf.68fec70ec0c45ac2912b2262caefdc95.jpg</path>
	<source>
		<database>roboflow.ai</database>
	</source>
	<size>
		<width>600</width>
		<height>600</height>
		<depth>3</depth>
	</size>
	<segmented>0</segmented>
	<object>
		<name>0</name>
		<pose>Unspecified</pose>
		<truncated>0</truncated>
		<difficult>0</difficult>
		<occluded>0</occluded>
		<bndbox>
			<xmin>324</xmin>
			<xmax>326</xmax>
			<ymin>318</ymin>
			<ymax>323</ymax>
		</bndbox>
	</object>
	<object>
		<name>0</name>
		<pose>Unspecified</pose>
		<truncated>0</truncated>
		<difficult>0</difficult>
		<occluded>0</occluded>
		<bndbox>
			<xmin>320</xmin>
			<xmax>322</xmax>
			<ymin>245</ymin>
			<ymax>265</ymax>
		</bndbox>
	</object>
</annotation>
