<annotation>
	<folder></folder>
	<filename>0000000892-1-Image_jpeg.rf.9d9c41e0a6d42a84c3ca4a41be972d2a.jpg</filename>
	<path>0000000892-1-Image_jpeg.rf.9d9c41e0a6d42a84c3ca4a41be972d2a.jpg</path>
	<source>
		<database>roboflow.ai</database>
	</source>
	<size>
		<width>600</width>
		<height>600</height>
		<depth>3</depth>
	</size>
	<segmented>0</segmented>
	<object>
		<name>0</name>
		<pose>Unspecified</pose>
		<truncated>0</truncated>
		<difficult>0</difficult>
		<occluded>0</occluded>
		<bndbox>
			<xmin>303</xmin>
			<xmax>308</xmax>
			<ymin>234</ymin>
			<ymax>299</ymax>
		</bndbox>
	</object>
</annotation>
