<annotation>
	<folder></folder>
	<filename>0000000397-1-Image_jpeg.rf.4611f714f60603879a8ec5760672b8d6.jpg</filename>
	<path>0000000397-1-Image_jpeg.rf.4611f714f60603879a8ec5760672b8d6.jpg</path>
	<source>
		<database>roboflow.ai</database>
	</source>
	<size>
		<width>600</width>
		<height>600</height>
		<depth>3</depth>
	</size>
	<segmented>0</segmented>
	<object>
		<name>0</name>
		<pose>Unspecified</pose>
		<truncated>0</truncated>
		<difficult>0</difficult>
		<occluded>0</occluded>
		<bndbox>
			<xmin>269</xmin>
			<xmax>271</xmax>
			<ymin>293</ymin>
			<ymax>301</ymax>
		</bndbox>
	</object>
</annotation>
