<annotation>
	<folder></folder>
	<filename>0000000700-1-Image_jpeg.rf.f0a9e4da2b440415f06cb0336ca0703d.jpg</filename>
	<path>0000000700-1-Image_jpeg.rf.f0a9e4da2b440415f06cb0336ca0703d.jpg</path>
	<source>
		<database>roboflow.ai</database>
	</source>
	<size>
		<width>600</width>
		<height>600</height>
		<depth>3</depth>
	</size>
	<segmented>0</segmented>
	<object>
		<name>0</name>
		<pose>Unspecified</pose>
		<truncated>0</truncated>
		<difficult>0</difficult>
		<occluded>0</occluded>
		<bndbox>
			<xmin>314</xmin>
			<xmax>316</xmax>
			<ymin>295</ymin>
			<ymax>303</ymax>
		</bndbox>
	</object>
	<object>
		<name>0</name>
		<pose>Unspecified</pose>
		<truncated>0</truncated>
		<difficult>0</difficult>
		<occluded>0</occluded>
		<bndbox>
			<xmin>300</xmin>
			<xmax>311</xmax>
			<ymin>226</ymin>
			<ymax>256</ymax>
		</bndbox>
	</object>
</annotation>
