<annotation>
	<folder></folder>
	<filename>0000001099-1-Image_jpeg.rf.6690b5319c19fd2069f4b5f1882eae4d.jpg</filename>
	<path>0000001099-1-Image_jpeg.rf.6690b5319c19fd2069f4b5f1882eae4d.jpg</path>
	<source>
		<database>roboflow.ai</database>
	</source>
	<size>
		<width>600</width>
		<height>600</height>
		<depth>3</depth>
	</size>
	<segmented>0</segmented>
	<object>
		<name>0</name>
		<pose>Unspecified</pose>
		<truncated>0</truncated>
		<difficult>0</difficult>
		<occluded>0</occluded>
		<bndbox>
			<xmin>316</xmin>
			<xmax>322</xmax>
			<ymin>269</ymin>
			<ymax>301</ymax>
		</bndbox>
	</object>
</annotation>
