<annotation>
	<folder></folder>
	<filename>0000000876-1-Image_jpeg.rf.8b66367d84257491bbb867801368d5fe.jpg</filename>
	<path>0000000876-1-Image_jpeg.rf.8b66367d84257491bbb867801368d5fe.jpg</path>
	<source>
		<database>roboflow.ai</database>
	</source>
	<size>
		<width>600</width>
		<height>600</height>
		<depth>3</depth>
	</size>
	<segmented>0</segmented>
	<object>
		<name>0</name>
		<pose>Unspecified</pose>
		<truncated>0</truncated>
		<difficult>0</difficult>
		<occluded>0</occluded>
		<bndbox>
			<xmin>299</xmin>
			<xmax>301</xmax>
			<ymin>295</ymin>
			<ymax>301</ymax>
		</bndbox>
	</object>
	<object>
		<name>0</name>
		<pose>Unspecified</pose>
		<truncated>0</truncated>
		<difficult>0</difficult>
		<occluded>0</occluded>
		<bndbox>
			<xmin>294</xmin>
			<xmax>298</xmax>
			<ymin>249</ymin>
			<ymax>269</ymax>
		</bndbox>
	</object>
</annotation>
