<annotation>
	<folder></folder>
	<filename>0000000941-1-Image_jpeg.rf.1d074c5a39cb0febb6525bfaa5f9ab65.jpg</filename>
	<path>0000000941-1-Image_jpeg.rf.1d074c5a39cb0febb6525bfaa5f9ab65.jpg</path>
	<source>
		<database>roboflow.ai</database>
	</source>
	<size>
		<width>600</width>
		<height>600</height>
		<depth>3</depth>
	</size>
	<segmented>0</segmented>
	<object>
		<name>0</name>
		<pose>Unspecified</pose>
		<truncated>0</truncated>
		<difficult>0</difficult>
		<occluded>0</occluded>
		<bndbox>
			<xmin>309</xmin>
			<xmax>311</xmax>
			<ymin>297</ymin>
			<ymax>303</ymax>
		</bndbox>
	</object>
</annotation>
