<annotation>
	<folder></folder>
	<filename>0000000918-1-Image_jpeg.rf.945e5bf08d7acbff785b8d31fcdbf8ba.jpg</filename>
	<path>0000000918-1-Image_jpeg.rf.945e5bf08d7acbff785b8d31fcdbf8ba.jpg</path>
	<source>
		<database>roboflow.ai</database>
	</source>
	<size>
		<width>600</width>
		<height>600</height>
		<depth>3</depth>
	</size>
	<segmented>0</segmented>
	<object>
		<name>0</name>
		<pose>Unspecified</pose>
		<truncated>0</truncated>
		<difficult>0</difficult>
		<occluded>0</occluded>
		<bndbox>
			<xmin>299</xmin>
			<xmax>309</xmax>
			<ymin>239</ymin>
			<ymax>290</ymax>
		</bndbox>
	</object>
</annotation>
