<annotation>
	<folder></folder>
	<filename>0000001377-1-Image_jpeg.rf.97a647b7e02296ef06e1e39c6d77cb84.jpg</filename>
	<path>0000001377-1-Image_jpeg.rf.97a647b7e02296ef06e1e39c6d77cb84.jpg</path>
	<source>
		<database>roboflow.ai</database>
	</source>
	<size>
		<width>600</width>
		<height>600</height>
		<depth>3</depth>
	</size>
	<segmented>0</segmented>
	<object>
		<name>0</name>
		<pose>Unspecified</pose>
		<truncated>0</truncated>
		<difficult>0</difficult>
		<occluded>0</occluded>
		<bndbox>
			<xmin>299</xmin>
			<xmax>301</xmax>
			<ymin>262</ymin>
			<ymax>269</ymax>
		</bndbox>
	</object>
	<object>
		<name>0</name>
		<pose>Unspecified</pose>
		<truncated>0</truncated>
		<difficult>0</difficult>
		<occluded>0</occluded>
		<bndbox>
			<xmin>301</xmin>
			<xmax>312</xmax>
			<ymin>204</ymin>
			<ymax>247</ymax>
		</bndbox>
	</object>
</annotation>
