<annotation>
	<folder></folder>
	<filename>0000000538-1-Image_jpeg.rf.d35627568ba99fcbde9da4fed530f007.jpg</filename>
	<path>0000000538-1-Image_jpeg.rf.d35627568ba99fcbde9da4fed530f007.jpg</path>
	<source>
		<database>roboflow.ai</database>
	</source>
	<size>
		<width>600</width>
		<height>600</height>
		<depth>3</depth>
	</size>
	<segmented>0</segmented>
	<object>
		<name>0</name>
		<pose>Unspecified</pose>
		<truncated>0</truncated>
		<difficult>0</difficult>
		<occluded>0</occluded>
		<bndbox>
			<xmin>299</xmin>
			<xmax>301</xmax>
			<ymin>297</ymin>
			<ymax>305</ymax>
		</bndbox>
	</object>
	<object>
		<name>0</name>
		<pose>Unspecified</pose>
		<truncated>0</truncated>
		<difficult>0</difficult>
		<occluded>0</occluded>
		<bndbox>
			<xmin>301</xmin>
			<xmax>305</xmax>
			<ymin>247</ymin>
			<ymax>275</ymax>
		</bndbox>
	</object>
</annotation>
