<annotation>
	<folder></folder>
	<filename>0000000971-1-Image_jpeg.rf.972f08b152d6ef3505e027e34e4bf8f3.jpg</filename>
	<path>0000000971-1-Image_jpeg.rf.972f08b152d6ef3505e027e34e4bf8f3.jpg</path>
	<source>
		<database>roboflow.ai</database>
	</source>
	<size>
		<width>600</width>
		<height>600</height>
		<depth>3</depth>
	</size>
	<segmented>0</segmented>
	<object>
		<name>0</name>
		<pose>Unspecified</pose>
		<truncated>0</truncated>
		<difficult>0</difficult>
		<occluded>0</occluded>
		<bndbox>
			<xmin>299</xmin>
			<xmax>301</xmax>
			<ymin>297</ymin>
			<ymax>303</ymax>
		</bndbox>
	</object>
	<object>
		<name>0</name>
		<pose>Unspecified</pose>
		<truncated>0</truncated>
		<difficult>0</difficult>
		<occluded>0</occluded>
		<bndbox>
			<xmin>301</xmin>
			<xmax>310</xmax>
			<ymin>241</ymin>
			<ymax>284</ymax>
		</bndbox>
	</object>
</annotation>
