<annotation>
	<folder></folder>
	<filename>0000001453-1-Image_jpeg.rf.eeffb7795c0597d4e850885a41d56685.jpg</filename>
	<path>0000001453-1-Image_jpeg.rf.eeffb7795c0597d4e850885a41d56685.jpg</path>
	<source>
		<database>roboflow.ai</database>
	</source>
	<size>
		<width>600</width>
		<height>600</height>
		<depth>3</depth>
	</size>
	<segmented>0</segmented>
	<object>
		<name>0</name>
		<pose>Unspecified</pose>
		<truncated>0</truncated>
		<difficult>0</difficult>
		<occluded>0</occluded>
		<bndbox>
			<xmin>314</xmin>
			<xmax>322</xmax>
			<ymin>239</ymin>
			<ymax>265</ymax>
		</bndbox>
	</object>
</annotation>
