<annotation>
	<folder></folder>
	<filename>0000000820-1-Image_jpeg.rf.77526efcfd34bba493b113409362a2d1.jpg</filename>
	<path>0000000820-1-Image_jpeg.rf.77526efcfd34bba493b113409362a2d1.jpg</path>
	<source>
		<database>roboflow.ai</database>
	</source>
	<size>
		<width>600</width>
		<height>600</height>
		<depth>3</depth>
	</size>
	<segmented>0</segmented>
	<object>
		<name>0</name>
		<pose>Unspecified</pose>
		<truncated>0</truncated>
		<difficult>0</difficult>
		<occluded>0</occluded>
		<bndbox>
			<xmin>296</xmin>
			<xmax>298</xmax>
			<ymin>309</ymin>
			<ymax>314</ymax>
		</bndbox>
	</object>
</annotation>
