<annotation>
	<folder></folder>
	<filename>0000000500-1-Image_jpeg.rf.2931f56217a0af630cbd109b6fd91b5f.jpg</filename>
	<path>0000000500-1-Image_jpeg.rf.2931f56217a0af630cbd109b6fd91b5f.jpg</path>
	<source>
		<database>roboflow.ai</database>
	</source>
	<size>
		<width>600</width>
		<height>600</height>
		<depth>3</depth>
	</size>
	<segmented>0</segmented>
	<object>
		<name>0</name>
		<pose>Unspecified</pose>
		<truncated>0</truncated>
		<difficult>0</difficult>
		<occluded>0</occluded>
		<bndbox>
			<xmin>296</xmin>
			<xmax>298</xmax>
			<ymin>295</ymin>
			<ymax>303</ymax>
		</bndbox>
	</object>
</annotation>
