<annotation>
	<folder></folder>
	<filename>0000001071-1-Image_jpeg.rf.8217f19493b3197cfd8ebd2441072c5f.jpg</filename>
	<path>0000001071-1-Image_jpeg.rf.8217f19493b3197cfd8ebd2441072c5f.jpg</path>
	<source>
		<database>roboflow.ai</database>
	</source>
	<size>
		<width>600</width>
		<height>600</height>
		<depth>3</depth>
	</size>
	<segmented>0</segmented>
	<object>
		<name>0</name>
		<pose>Unspecified</pose>
		<truncated>0</truncated>
		<difficult>0</difficult>
		<occluded>0</occluded>
		<bndbox>
			<xmin>326</xmin>
			<xmax>328</xmax>
			<ymin>305</ymin>
			<ymax>310</ymax>
		</bndbox>
	</object>
</annotation>
