<annotation>
	<folder></folder>
	<filename>0000000881-1-Image_jpeg.rf.7b3eee44edb9915ade1860ff6d21da98.jpg</filename>
	<path>0000000881-1-Image_jpeg.rf.7b3eee44edb9915ade1860ff6d21da98.jpg</path>
	<source>
		<database>roboflow.ai</database>
	</source>
	<size>
		<width>600</width>
		<height>600</height>
		<depth>3</depth>
	</size>
	<segmented>0</segmented>
	<object>
		<name>0</name>
		<pose>Unspecified</pose>
		<truncated>0</truncated>
		<difficult>0</difficult>
		<occluded>0</occluded>
		<bndbox>
			<xmin>305</xmin>
			<xmax>307</xmax>
			<ymin>301</ymin>
			<ymax>305</ymax>
		</bndbox>
	</object>
</annotation>
