<annotation>
	<folder></folder>
	<filename>0000000248-1-Image_jpeg.rf.18565f191fbda74c84e8bb176f46350d.jpg</filename>
	<path>0000000248-1-Image_jpeg.rf.18565f191fbda74c84e8bb176f46350d.jpg</path>
	<source>
		<database>roboflow.ai</database>
	</source>
	<size>
		<width>600</width>
		<height>600</height>
		<depth>3</depth>
	</size>
	<segmented>0</segmented>
	<object>
		<name>0</name>
		<pose>Unspecified</pose>
		<truncated>0</truncated>
		<difficult>0</difficult>
		<occluded>0</occluded>
		<bndbox>
			<xmin>275</xmin>
			<xmax>277</xmax>
			<ymin>265</ymin>
			<ymax>271</ymax>
		</bndbox>
	</object>
	<object>
		<name>0</name>
		<pose>Unspecified</pose>
		<truncated>0</truncated>
		<difficult>0</difficult>
		<occluded>0</occluded>
		<bndbox>
			<xmin>271</xmin>
			<xmax>275</xmax>
			<ymin>208</ymin>
			<ymax>236</ymax>
		</bndbox>
	</object>
</annotation>
