<annotation>
	<folder></folder>
	<filename>0000000426-1-Image_jpeg.rf.1e99002cee032553b3bf8bb9e0e5ef35.jpg</filename>
	<path>0000000426-1-Image_jpeg.rf.1e99002cee032553b3bf8bb9e0e5ef35.jpg</path>
	<source>
		<database>roboflow.ai</database>
	</source>
	<size>
		<width>600</width>
		<height>600</height>
		<depth>3</depth>
	</size>
	<segmented>0</segmented>
	<object>
		<name>0</name>
		<pose>Unspecified</pose>
		<truncated>0</truncated>
		<difficult>0</difficult>
		<occluded>0</occluded>
		<bndbox>
			<xmin>320</xmin>
			<xmax>322</xmax>
			<ymin>222</ymin>
			<ymax>239</ymax>
		</bndbox>
	</object>
</annotation>
