<annotation>
	<folder></folder>
	<filename>0000000342-1-Image_jpeg.rf.46011d88572bdb94a8cacc574f61fa9b.jpg</filename>
	<path>0000000342-1-Image_jpeg.rf.46011d88572bdb94a8cacc574f61fa9b.jpg</path>
	<source>
		<database>roboflow.ai</database>
	</source>
	<size>
		<width>600</width>
		<height>600</height>
		<depth>3</depth>
	</size>
	<segmented>0</segmented>
	<object>
		<name>0</name>
		<pose>Unspecified</pose>
		<truncated>0</truncated>
		<difficult>0</difficult>
		<occluded>0</occluded>
		<bndbox>
			<xmin>309</xmin>
			<xmax>311</xmax>
			<ymin>241</ymin>
			<ymax>252</ymax>
		</bndbox>
	</object>
</annotation>
