<annotation>
	<folder></folder>
	<filename>0000000369-1-Image_jpeg.rf.728bcab33ab096c4ad86e48e8dcc8f69.jpg</filename>
	<path>0000000369-1-Image_jpeg.rf.728bcab33ab096c4ad86e48e8dcc8f69.jpg</path>
	<source>
		<database>roboflow.ai</database>
	</source>
	<size>
		<width>600</width>
		<height>600</height>
		<depth>3</depth>
	</size>
	<segmented>0</segmented>
	<object>
		<name>0</name>
		<pose>Unspecified</pose>
		<truncated>0</truncated>
		<difficult>0</difficult>
		<occluded>0</occluded>
		<bndbox>
			<xmin>346</xmin>
			<xmax>348</xmax>
			<ymin>263</ymin>
			<ymax>271</ymax>
		</bndbox>
	</object>
</annotation>
