<annotation>
	<folder></folder>
	<filename>0000000578-1-Image_jpeg.rf.182adb30bdf5d3f0c0c996a55306a858.jpg</filename>
	<path>0000000578-1-Image_jpeg.rf.182adb30bdf5d3f0c0c996a55306a858.jpg</path>
	<source>
		<database>roboflow.ai</database>
	</source>
	<size>
		<width>600</width>
		<height>600</height>
		<depth>3</depth>
	</size>
	<segmented>0</segmented>
	<object>
		<name>0</name>
		<pose>Unspecified</pose>
		<truncated>0</truncated>
		<difficult>0</difficult>
		<occluded>0</occluded>
		<bndbox>
			<xmin>312</xmin>
			<xmax>314</xmax>
			<ymin>295</ymin>
			<ymax>303</ymax>
		</bndbox>
	</object>
	<object>
		<name>0</name>
		<pose>Unspecified</pose>
		<truncated>0</truncated>
		<difficult>0</difficult>
		<occluded>0</occluded>
		<bndbox>
			<xmin>312</xmin>
			<xmax>322</xmax>
			<ymin>239</ymin>
			<ymax>294</ymax>
		</bndbox>
	</object>
</annotation>
