<annotation>
	<folder></folder>
	<filename>0000001162-1-Image_jpeg.rf.84ae78ec5ddeea22863590d8d809fb5f.jpg</filename>
	<path>0000001162-1-Image_jpeg.rf.84ae78ec5ddeea22863590d8d809fb5f.jpg</path>
	<source>
		<database>roboflow.ai</database>
	</source>
	<size>
		<width>600</width>
		<height>600</height>
		<depth>3</depth>
	</size>
	<segmented>0</segmented>
	<object>
		<name>0</name>
		<pose>Unspecified</pose>
		<truncated>0</truncated>
		<difficult>0</difficult>
		<occluded>0</occluded>
		<bndbox>
			<xmin>309</xmin>
			<xmax>313</xmax>
			<ymin>228</ymin>
			<ymax>280</ymax>
		</bndbox>
	</object>
</annotation>
