<annotation>
	<folder></folder>
	<filename>0000000624-1-Image_jpeg.rf.24a1f85846a81bafbf98903c43cacdfd.jpg</filename>
	<path>0000000624-1-Image_jpeg.rf.24a1f85846a81bafbf98903c43cacdfd.jpg</path>
	<source>
		<database>roboflow.ai</database>
	</source>
	<size>
		<width>600</width>
		<height>600</height>
		<depth>3</depth>
	</size>
	<segmented>0</segmented>
	<object>
		<name>0</name>
		<pose>Unspecified</pose>
		<truncated>0</truncated>
		<difficult>0</difficult>
		<occluded>0</occluded>
		<bndbox>
			<xmin>299</xmin>
			<xmax>301</xmax>
			<ymin>293</ymin>
			<ymax>301</ymax>
		</bndbox>
	</object>
</annotation>
