<annotation>
	<folder></folder>
	<filename>0000001297-1-Image_jpeg.rf.868d29ee457246ba2a2c4ca3bcf372e4.jpg</filename>
	<path>0000001297-1-Image_jpeg.rf.868d29ee457246ba2a2c4ca3bcf372e4.jpg</path>
	<source>
		<database>roboflow.ai</database>
	</source>
	<size>
		<width>600</width>
		<height>600</height>
		<depth>3</depth>
	</size>
	<segmented>0</segmented>
	<object>
		<name>0</name>
		<pose>Unspecified</pose>
		<truncated>0</truncated>
		<difficult>0</difficult>
		<occluded>0</occluded>
		<bndbox>
			<xmin>296</xmin>
			<xmax>298</xmax>
			<ymin>301</ymin>
			<ymax>309</ymax>
		</bndbox>
	</object>
	<object>
		<name>0</name>
		<pose>Unspecified</pose>
		<truncated>0</truncated>
		<difficult>0</difficult>
		<occluded>0</occluded>
		<bndbox>
			<xmin>301</xmin>
			<xmax>312</xmax>
			<ymin>235</ymin>
			<ymax>275</ymax>
		</bndbox>
	</object>
</annotation>
