<annotation>
	<folder></folder>
	<filename>0000001260-1-Image_jpeg.rf.72ef579b970761ac17aa5c44e7765df2.jpg</filename>
	<path>0000001260-1-Image_jpeg.rf.72ef579b970761ac17aa5c44e7765df2.jpg</path>
	<source>
		<database>roboflow.ai</database>
	</source>
	<size>
		<width>600</width>
		<height>600</height>
		<depth>3</depth>
	</size>
	<segmented>0</segmented>
	<object>
		<name>0</name>
		<pose>Unspecified</pose>
		<truncated>0</truncated>
		<difficult>0</difficult>
		<occluded>0</occluded>
		<bndbox>
			<xmin>296</xmin>
			<xmax>298</xmax>
			<ymin>297</ymin>
			<ymax>305</ymax>
		</bndbox>
	</object>
	<object>
		<name>0</name>
		<pose>Unspecified</pose>
		<truncated>0</truncated>
		<difficult>0</difficult>
		<occluded>0</occluded>
		<bndbox>
			<xmin>297</xmin>
			<xmax>299</xmax>
			<ymin>250</ymin>
			<ymax>275</ymax>
		</bndbox>
	</object>
</annotation>
