<annotation>
	<folder></folder>
	<filename>0000001199-1-Image_jpeg.rf.89eabab795e0303a5e672bf71a77e154.jpg</filename>
	<path>0000001199-1-Image_jpeg.rf.89eabab795e0303a5e672bf71a77e154.jpg</path>
	<source>
		<database>roboflow.ai</database>
	</source>
	<size>
		<width>600</width>
		<height>600</height>
		<depth>3</depth>
	</size>
	<segmented>0</segmented>
	<object>
		<name>0</name>
		<pose>Unspecified</pose>
		<truncated>0</truncated>
		<difficult>0</difficult>
		<occluded>0</occluded>
		<bndbox>
			<xmin>284</xmin>
			<xmax>286</xmax>
			<ymin>277</ymin>
			<ymax>282</ymax>
		</bndbox>
	</object>
	<object>
		<name>0</name>
		<pose>Unspecified</pose>
		<truncated>0</truncated>
		<difficult>0</difficult>
		<occluded>0</occluded>
		<bndbox>
			<xmin>286</xmin>
			<xmax>292</xmax>
			<ymin>226</ymin>
			<ymax>260</ymax>
		</bndbox>
	</object>
</annotation>
