<annotation>
	<folder></folder>
	<filename>0000000588-1-Image_jpeg.rf.1cb38411cbb8e917042ebd9b72ab453e.jpg</filename>
	<path>0000000588-1-Image_jpeg.rf.1cb38411cbb8e917042ebd9b72ab453e.jpg</path>
	<source>
		<database>roboflow.ai</database>
	</source>
	<size>
		<width>600</width>
		<height>600</height>
		<depth>3</depth>
	</size>
	<segmented>0</segmented>
	<object>
		<name>0</name>
		<pose>Unspecified</pose>
		<truncated>0</truncated>
		<difficult>0</difficult>
		<occluded>0</occluded>
		<bndbox>
			<xmin>301</xmin>
			<xmax>303</xmax>
			<ymin>286</ymin>
			<ymax>294</ymax>
		</bndbox>
	</object>
</annotation>
