<annotation>
	<folder></folder>
	<filename>0000001251-1-Image_jpeg.rf.fcf3157ac35c33179651ae65d78b922b.jpg</filename>
	<path>0000001251-1-Image_jpeg.rf.fcf3157ac35c33179651ae65d78b922b.jpg</path>
	<source>
		<database>roboflow.ai</database>
	</source>
	<size>
		<width>600</width>
		<height>600</height>
		<depth>3</depth>
	</size>
	<segmented>0</segmented>
	<object>
		<name>0</name>
		<pose>Unspecified</pose>
		<truncated>0</truncated>
		<difficult>0</difficult>
		<occluded>0</occluded>
		<bndbox>
			<xmin>286</xmin>
			<xmax>288</xmax>
			<ymin>301</ymin>
			<ymax>309</ymax>
		</bndbox>
	</object>
	<object>
		<name>0</name>
		<pose>Unspecified</pose>
		<truncated>0</truncated>
		<difficult>0</difficult>
		<occluded>0</occluded>
		<bndbox>
			<xmin>290</xmin>
			<xmax>297</xmax>
			<ymin>249</ymin>
			<ymax>290</ymax>
		</bndbox>
	</object>
</annotation>
