<annotation>
	<folder></folder>
	<filename>0000000631-1-Image_jpeg.rf.4f54913d85d51a04af8d1ecd9bb692ce.jpg</filename>
	<path>0000000631-1-Image_jpeg.rf.4f54913d85d51a04af8d1ecd9bb692ce.jpg</path>
	<source>
		<database>roboflow.ai</database>
	</source>
	<size>
		<width>600</width>
		<height>600</height>
		<depth>3</depth>
	</size>
	<segmented>0</segmented>
	<object>
		<name>0</name>
		<pose>Unspecified</pose>
		<truncated>0</truncated>
		<difficult>0</difficult>
		<occluded>0</occluded>
		<bndbox>
			<xmin>275</xmin>
			<xmax>288</xmax>
			<ymin>217</ymin>
			<ymax>279</ymax>
		</bndbox>
	</object>
</annotation>
