<annotation>
	<folder></folder>
	<filename>0000001346-1-Image_jpeg.rf.85df202096f031a10ab276a585f5292f.jpg</filename>
	<path>0000001346-1-Image_jpeg.rf.85df202096f031a10ab276a585f5292f.jpg</path>
	<source>
		<database>roboflow.ai</database>
	</source>
	<size>
		<width>600</width>
		<height>600</height>
		<depth>3</depth>
	</size>
	<segmented>0</segmented>
	<object>
		<name>0</name>
		<pose>Unspecified</pose>
		<truncated>0</truncated>
		<difficult>0</difficult>
		<occluded>0</occluded>
		<bndbox>
			<xmin>279</xmin>
			<xmax>283</xmax>
			<ymin>232</ymin>
			<ymax>273</ymax>
		</bndbox>
	</object>
</annotation>
