<annotation>
	<folder></folder>
	<filename>0000000723-1-Image_jpeg.rf.f2215f036bd9073da3c0d4a1349a5ef9.jpg</filename>
	<path>0000000723-1-Image_jpeg.rf.f2215f036bd9073da3c0d4a1349a5ef9.jpg</path>
	<source>
		<database>roboflow.ai</database>
	</source>
	<size>
		<width>600</width>
		<height>600</height>
		<depth>3</depth>
	</size>
	<segmented>0</segmented>
	<object>
		<name>0</name>
		<pose>Unspecified</pose>
		<truncated>0</truncated>
		<difficult>0</difficult>
		<occluded>0</occluded>
		<bndbox>
			<xmin>301</xmin>
			<xmax>310</xmax>
			<ymin>235</ymin>
			<ymax>290</ymax>
		</bndbox>
	</object>
</annotation>
