<annotation>
	<folder></folder>
	<filename>0000000709-1-Image_jpeg.rf.d006bbbe1320e0cc68d00f45fb5bfc7f.jpg</filename>
	<path>0000000709-1-Image_jpeg.rf.d006bbbe1320e0cc68d00f45fb5bfc7f.jpg</path>
	<source>
		<database>roboflow.ai</database>
	</source>
	<size>
		<width>600</width>
		<height>600</height>
		<depth>3</depth>
	</size>
	<segmented>0</segmented>
	<object>
		<name>0</name>
		<pose>Unspecified</pose>
		<truncated>0</truncated>
		<difficult>0</difficult>
		<occluded>0</occluded>
		<bndbox>
			<xmin>303</xmin>
			<xmax>305</xmax>
			<ymin>314</ymin>
			<ymax>322</ymax>
		</bndbox>
	</object>
</annotation>
