<annotation>
	<folder></folder>
	<filename>0000000935-1-Image_jpeg.rf.62c0ef8db8684f9aeb1dddcac181b51f.jpg</filename>
	<path>0000000935-1-Image_jpeg.rf.62c0ef8db8684f9aeb1dddcac181b51f.jpg</path>
	<source>
		<database>roboflow.ai</database>
	</source>
	<size>
		<width>600</width>
		<height>600</height>
		<depth>3</depth>
	</size>
	<segmented>0</segmented>
	<object>
		<name>0</name>
		<pose>Unspecified</pose>
		<truncated>0</truncated>
		<difficult>0</difficult>
		<occluded>0</occluded>
		<bndbox>
			<xmin>296</xmin>
			<xmax>298</xmax>
			<ymin>293</ymin>
			<ymax>301</ymax>
		</bndbox>
	</object>
	<object>
		<name>0</name>
		<pose>Unspecified</pose>
		<truncated>0</truncated>
		<difficult>0</difficult>
		<occluded>0</occluded>
		<bndbox>
			<xmin>301</xmin>
			<xmax>309</xmax>
			<ymin>228</ymin>
			<ymax>258</ymax>
		</bndbox>
	</object>
</annotation>
