<annotation>
	<folder></folder>
	<filename>0000001431-1-Image_jpeg.rf.9a3bb9a90bb9fe06b32e10f2a6b47961.jpg</filename>
	<path>0000001431-1-Image_jpeg.rf.9a3bb9a90bb9fe06b32e10f2a6b47961.jpg</path>
	<source>
		<database>roboflow.ai</database>
	</source>
	<size>
		<width>600</width>
		<height>600</height>
		<depth>3</depth>
	</size>
	<segmented>0</segmented>
	<object>
		<name>0</name>
		<pose>Unspecified</pose>
		<truncated>0</truncated>
		<difficult>0</difficult>
		<occluded>0</occluded>
		<bndbox>
			<xmin>303</xmin>
			<xmax>305</xmax>
			<ymin>297</ymin>
			<ymax>303</ymax>
		</bndbox>
	</object>
</annotation>
