<annotation>
	<folder></folder>
	<filename>0000001048-1-Image_jpeg.rf.83fa54602e75069c33d9d5f87657c97b.jpg</filename>
	<path>0000001048-1-Image_jpeg.rf.83fa54602e75069c33d9d5f87657c97b.jpg</path>
	<source>
		<database>roboflow.ai</database>
	</source>
	<size>
		<width>600</width>
		<height>600</height>
		<depth>3</depth>
	</size>
	<segmented>0</segmented>
	<object>
		<name>0</name>
		<pose>Unspecified</pose>
		<truncated>0</truncated>
		<difficult>0</difficult>
		<occluded>0</occluded>
		<bndbox>
			<xmin>301</xmin>
			<xmax>303</xmax>
			<ymin>299</ymin>
			<ymax>305</ymax>
		</bndbox>
	</object>
	<object>
		<name>0</name>
		<pose>Unspecified</pose>
		<truncated>0</truncated>
		<difficult>0</difficult>
		<occluded>0</occluded>
		<bndbox>
			<xmin>303</xmin>
			<xmax>308</xmax>
			<ymin>245</ymin>
			<ymax>297</ymax>
		</bndbox>
	</object>
</annotation>
