<annotation>
	<folder></folder>
	<filename>0000001154-1-Image_jpeg.rf.d2972f446717cbf5ec1c6941aa6c239c.jpg</filename>
	<path>0000001154-1-Image_jpeg.rf.d2972f446717cbf5ec1c6941aa6c239c.jpg</path>
	<source>
		<database>roboflow.ai</database>
	</source>
	<size>
		<width>600</width>
		<height>600</height>
		<depth>3</depth>
	</size>
	<segmented>0</segmented>
	<object>
		<name>0</name>
		<pose>Unspecified</pose>
		<truncated>0</truncated>
		<difficult>0</difficult>
		<occluded>0</occluded>
		<bndbox>
			<xmin>311</xmin>
			<xmax>313</xmax>
			<ymin>277</ymin>
			<ymax>282</ymax>
		</bndbox>
	</object>
</annotation>
