<annotation>
	<folder></folder>
	<filename>0000000679-1-Image_jpeg.rf.7d2531f59293533588cafadd5e87d62d.jpg</filename>
	<path>0000000679-1-Image_jpeg.rf.7d2531f59293533588cafadd5e87d62d.jpg</path>
	<source>
		<database>roboflow.ai</database>
	</source>
	<size>
		<width>600</width>
		<height>600</height>
		<depth>3</depth>
	</size>
	<segmented>0</segmented>
	<object>
		<name>0</name>
		<pose>Unspecified</pose>
		<truncated>0</truncated>
		<difficult>0</difficult>
		<occluded>0</occluded>
		<bndbox>
			<xmin>339</xmin>
			<xmax>341</xmax>
			<ymin>260</ymin>
			<ymax>267</ymax>
		</bndbox>
	</object>
	<object>
		<name>0</name>
		<pose>Unspecified</pose>
		<truncated>0</truncated>
		<difficult>0</difficult>
		<occluded>0</occluded>
		<bndbox>
			<xmin>326</xmin>
			<xmax>339</xmax>
			<ymin>198</ymin>
			<ymax>248</ymax>
		</bndbox>
	</object>
</annotation>
