<annotation>
	<folder></folder>
	<filename>0000001185-1-Image_jpeg.rf.9a57f9e28e462853570ab5f178a5c222.jpg</filename>
	<path>0000001185-1-Image_jpeg.rf.9a57f9e28e462853570ab5f178a5c222.jpg</path>
	<source>
		<database>roboflow.ai</database>
	</source>
	<size>
		<width>600</width>
		<height>600</height>
		<depth>3</depth>
	</size>
	<segmented>0</segmented>
	<object>
		<name>0</name>
		<pose>Unspecified</pose>
		<truncated>0</truncated>
		<difficult>0</difficult>
		<occluded>0</occluded>
		<bndbox>
			<xmin>342</xmin>
			<xmax>344</xmax>
			<ymin>346</ymin>
			<ymax>354</ymax>
		</bndbox>
	</object>
</annotation>
