<annotation>
	<folder></folder>
	<filename>0000000184-1-Image_jpeg.rf.b5c88dc326c2d67ff8ce61c9761f019b.jpg</filename>
	<path>0000000184-1-Image_jpeg.rf.b5c88dc326c2d67ff8ce61c9761f019b.jpg</path>
	<source>
		<database>roboflow.ai</database>
	</source>
	<size>
		<width>600</width>
		<height>600</height>
		<depth>3</depth>
	</size>
	<segmented>0</segmented>
	<object>
		<name>0</name>
		<pose>Unspecified</pose>
		<truncated>0</truncated>
		<difficult>0</difficult>
		<occluded>0</occluded>
		<bndbox>
			<xmin>307</xmin>
			<xmax>312</xmax>
			<ymin>238</ymin>
			<ymax>296</ymax>
		</bndbox>
	</object>
</annotation>
