<annotation>
	<folder></folder>
	<filename>0000000255-1-Image_jpeg.rf.11d050e5ae34e994bd984f64d9bb2007.jpg</filename>
	<path>0000000255-1-Image_jpeg.rf.11d050e5ae34e994bd984f64d9bb2007.jpg</path>
	<source>
		<database>roboflow.ai</database>
	</source>
	<size>
		<width>600</width>
		<height>600</height>
		<depth>3</depth>
	</size>
	<segmented>0</segmented>
	<object>
		<name>0</name>
		<pose>Unspecified</pose>
		<truncated>0</truncated>
		<difficult>0</difficult>
		<occluded>0</occluded>
		<bndbox>
			<xmin>301</xmin>
			<xmax>303</xmax>
			<ymin>286</ymin>
			<ymax>292</ymax>
		</bndbox>
	</object>
	<object>
		<name>0</name>
		<pose>Unspecified</pose>
		<truncated>0</truncated>
		<difficult>0</difficult>
		<occluded>0</occluded>
		<bndbox>
			<xmin>299</xmin>
			<xmax>303</xmax>
			<ymin>236</ymin>
			<ymax>285</ymax>
		</bndbox>
	</object>
</annotation>
