<annotation>
	<folder></folder>
	<filename>0000001194-1-Image_jpeg.rf.119fdfebed1fa02c035b3cd2735f406f.jpg</filename>
	<path>0000001194-1-Image_jpeg.rf.119fdfebed1fa02c035b3cd2735f406f.jpg</path>
	<source>
		<database>roboflow.ai</database>
	</source>
	<size>
		<width>600</width>
		<height>600</height>
		<depth>3</depth>
	</size>
	<segmented>0</segmented>
	<object>
		<name>0</name>
		<pose>Unspecified</pose>
		<truncated>0</truncated>
		<difficult>0</difficult>
		<occluded>0</occluded>
		<bndbox>
			<xmin>305</xmin>
			<xmax>307</xmax>
			<ymin>307</ymin>
			<ymax>314</ymax>
		</bndbox>
	</object>
	<object>
		<name>0</name>
		<pose>Unspecified</pose>
		<truncated>0</truncated>
		<difficult>0</difficult>
		<occluded>0</occluded>
		<bndbox>
			<xmin>297</xmin>
			<xmax>301</xmax>
			<ymin>247</ymin>
			<ymax>260</ymax>
		</bndbox>
	</object>
</annotation>
