<annotation>
	<folder></folder>
	<filename>0000000048-1-Image_jpeg.rf.651a8cad1f307269aca58d4abbed796f.jpg</filename>
	<path>0000000048-1-Image_jpeg.rf.651a8cad1f307269aca58d4abbed796f.jpg</path>
	<source>
		<database>roboflow.ai</database>
	</source>
	<size>
		<width>600</width>
		<height>600</height>
		<depth>3</depth>
	</size>
	<segmented>0</segmented>
	<object>
		<name>0</name>
		<pose>Unspecified</pose>
		<truncated>0</truncated>
		<difficult>0</difficult>
		<occluded>0</occluded>
		<bndbox>
			<xmin>318</xmin>
			<xmax>320</xmax>
			<ymin>288</ymin>
			<ymax>293</ymax>
		</bndbox>
	</object>
</annotation>
