<annotation>
	<folder></folder>
	<filename>0000000512-1-Image_jpeg.rf.2513b9ef4eac1afc970f08177057f7c8.jpg</filename>
	<path>0000000512-1-Image_jpeg.rf.2513b9ef4eac1afc970f08177057f7c8.jpg</path>
	<source>
		<database>roboflow.ai</database>
	</source>
	<size>
		<width>600</width>
		<height>600</height>
		<depth>3</depth>
	</size>
	<segmented>0</segmented>
	<object>
		<name>0</name>
		<pose>Unspecified</pose>
		<truncated>0</truncated>
		<difficult>0</difficult>
		<occluded>0</occluded>
		<bndbox>
			<xmin>337</xmin>
			<xmax>339</xmax>
			<ymin>301</ymin>
			<ymax>305</ymax>
		</bndbox>
	</object>
	<object>
		<name>0</name>
		<pose>Unspecified</pose>
		<truncated>0</truncated>
		<difficult>0</difficult>
		<occluded>0</occluded>
		<bndbox>
			<xmin>335</xmin>
			<xmax>337</xmax>
			<ymin>235</ymin>
			<ymax>243</ymax>
		</bndbox>
	</object>
</annotation>
