<annotation>
	<folder></folder>
	<filename>0000001007-1-Image_jpeg.rf.205b2e25b1c27fdcfe1a2b686cb72eb8.jpg</filename>
	<path>0000001007-1-Image_jpeg.rf.205b2e25b1c27fdcfe1a2b686cb72eb8.jpg</path>
	<source>
		<database>roboflow.ai</database>
	</source>
	<size>
		<width>600</width>
		<height>600</height>
		<depth>3</depth>
	</size>
	<segmented>0</segmented>
	<object>
		<name>0</name>
		<pose>Unspecified</pose>
		<truncated>0</truncated>
		<difficult>0</difficult>
		<occluded>0</occluded>
		<bndbox>
			<xmin>296</xmin>
			<xmax>298</xmax>
			<ymin>323</ymin>
			<ymax>331</ymax>
		</bndbox>
	</object>
</annotation>
