<annotation>
	<folder></folder>
	<filename>0000000104-1-Image_jpeg.rf.7b6f9a4c6b5c216cc863e64780acc956.jpg</filename>
	<path>0000000104-1-Image_jpeg.rf.7b6f9a4c6b5c216cc863e64780acc956.jpg</path>
	<source>
		<database>roboflow.ai</database>
	</source>
	<size>
		<width>600</width>
		<height>600</height>
		<depth>3</depth>
	</size>
	<segmented>0</segmented>
	<object>
		<name>0</name>
		<pose>Unspecified</pose>
		<truncated>0</truncated>
		<difficult>0</difficult>
		<occluded>0</occluded>
		<bndbox>
			<xmin>288</xmin>
			<xmax>290</xmax>
			<ymin>320</ymin>
			<ymax>327</ymax>
		</bndbox>
	</object>
</annotation>
