<annotation>
	<folder></folder>
	<filename>0000000574-1-Image_jpeg.rf.319991adf630103861193c62f4389f7a.jpg</filename>
	<path>0000000574-1-Image_jpeg.rf.319991adf630103861193c62f4389f7a.jpg</path>
	<source>
		<database>roboflow.ai</database>
	</source>
	<size>
		<width>600</width>
		<height>600</height>
		<depth>3</depth>
	</size>
	<segmented>0</segmented>
	<object>
		<name>0</name>
		<pose>Unspecified</pose>
		<truncated>0</truncated>
		<difficult>0</difficult>
		<occluded>0</occluded>
		<bndbox>
			<xmin>294</xmin>
			<xmax>296</xmax>
			<ymin>286</ymin>
			<ymax>292</ymax>
		</bndbox>
	</object>
	<object>
		<name>0</name>
		<pose>Unspecified</pose>
		<truncated>0</truncated>
		<difficult>0</difficult>
		<occluded>0</occluded>
		<bndbox>
			<xmin>295</xmin>
			<xmax>303</xmax>
			<ymin>215</ymin>
			<ymax>284</ymax>
		</bndbox>
	</object>
</annotation>
