<annotation>
	<folder></folder>
	<filename>0000000811-1-Image_jpeg.rf.f836e08ccdde29c80bf38a9bb720bc7c.jpg</filename>
	<path>0000000811-1-Image_jpeg.rf.f836e08ccdde29c80bf38a9bb720bc7c.jpg</path>
	<source>
		<database>roboflow.ai</database>
	</source>
	<size>
		<width>600</width>
		<height>600</height>
		<depth>3</depth>
	</size>
	<segmented>0</segmented>
	<object>
		<name>0</name>
		<pose>Unspecified</pose>
		<truncated>0</truncated>
		<difficult>0</difficult>
		<occluded>0</occluded>
		<bndbox>
			<xmin>292</xmin>
			<xmax>301</xmax>
			<ymin>226</ymin>
			<ymax>295</ymax>
		</bndbox>
	</object>
</annotation>
