<annotation>
	<folder></folder>
	<filename>0000001192-1-Image_jpeg.rf.f2b60cd1f1737cfc0f4bc2b222764700.jpg</filename>
	<path>0000001192-1-Image_jpeg.rf.f2b60cd1f1737cfc0f4bc2b222764700.jpg</path>
	<source>
		<database>roboflow.ai</database>
	</source>
	<size>
		<width>600</width>
		<height>600</height>
		<depth>3</depth>
	</size>
	<segmented>0</segmented>
	<object>
		<name>0</name>
		<pose>Unspecified</pose>
		<truncated>0</truncated>
		<difficult>0</difficult>
		<occluded>0</occluded>
		<bndbox>
			<xmin>318</xmin>
			<xmax>320</xmax>
			<ymin>305</ymin>
			<ymax>312</ymax>
		</bndbox>
	</object>
</annotation>
