<annotation>
	<folder></folder>
	<filename>0000000241-1-Image_jpeg.rf.814b809c1588896649f817b57b069d7f.jpg</filename>
	<path>0000000241-1-Image_jpeg.rf.814b809c1588896649f817b57b069d7f.jpg</path>
	<source>
		<database>roboflow.ai</database>
	</source>
	<size>
		<width>600</width>
		<height>600</height>
		<depth>3</depth>
	</size>
	<segmented>0</segmented>
	<object>
		<name>0</name>
		<pose>Unspecified</pose>
		<truncated>0</truncated>
		<difficult>0</difficult>
		<occluded>0</occluded>
		<bndbox>
			<xmin>322</xmin>
			<xmax>324</xmax>
			<ymin>303</ymin>
			<ymax>310</ymax>
		</bndbox>
	</object>
	<object>
		<name>0</name>
		<pose>Unspecified</pose>
		<truncated>0</truncated>
		<difficult>0</difficult>
		<occluded>0</occluded>
		<bndbox>
			<xmin>324</xmin>
			<xmax>326</xmax>
			<ymin>267</ymin>
			<ymax>303</ymax>
		</bndbox>
	</object>
</annotation>
