<annotation>
	<folder></folder>
	<filename>0000001401-1-Image_jpeg.rf.cc1a37f762fa319027484ea94cd1c43c.jpg</filename>
	<path>0000001401-1-Image_jpeg.rf.cc1a37f762fa319027484ea94cd1c43c.jpg</path>
	<source>
		<database>roboflow.ai</database>
	</source>
	<size>
		<width>600</width>
		<height>600</height>
		<depth>3</depth>
	</size>
	<segmented>0</segmented>
	<object>
		<name>0</name>
		<pose>Unspecified</pose>
		<truncated>0</truncated>
		<difficult>0</difficult>
		<occluded>0</occluded>
		<bndbox>
			<xmin>295</xmin>
			<xmax>303</xmax>
			<ymin>235</ymin>
			<ymax>288</ymax>
		</bndbox>
	</object>
</annotation>
