<annotation>
	<folder></folder>
	<filename>0000000497-1-Image_jpeg.rf.8dbf4e180fcaebf9d00a7f75796e2351.jpg</filename>
	<path>0000000497-1-Image_jpeg.rf.8dbf4e180fcaebf9d00a7f75796e2351.jpg</path>
	<source>
		<database>roboflow.ai</database>
	</source>
	<size>
		<width>600</width>
		<height>600</height>
		<depth>3</depth>
	</size>
	<segmented>0</segmented>
	<object>
		<name>0</name>
		<pose>Unspecified</pose>
		<truncated>0</truncated>
		<difficult>0</difficult>
		<occluded>0</occluded>
		<bndbox>
			<xmin>309</xmin>
			<xmax>311</xmax>
			<ymin>310</ymin>
			<ymax>318</ymax>
		</bndbox>
	</object>
</annotation>
