<annotation>
	<folder></folder>
	<filename>0000000701-1-Image_jpeg.rf.6472e928542baec7f045496ae5f6615b.jpg</filename>
	<path>0000000701-1-Image_jpeg.rf.6472e928542baec7f045496ae5f6615b.jpg</path>
	<source>
		<database>roboflow.ai</database>
	</source>
	<size>
		<width>600</width>
		<height>600</height>
		<depth>3</depth>
	</size>
	<segmented>0</segmented>
	<object>
		<name>0</name>
		<pose>Unspecified</pose>
		<truncated>0</truncated>
		<difficult>0</difficult>
		<occluded>0</occluded>
		<bndbox>
			<xmin>307</xmin>
			<xmax>309</xmax>
			<ymin>288</ymin>
			<ymax>292</ymax>
		</bndbox>
	</object>
	<object>
		<name>0</name>
		<pose>Unspecified</pose>
		<truncated>0</truncated>
		<difficult>0</difficult>
		<occluded>0</occluded>
		<bndbox>
			<xmin>308</xmin>
			<xmax>316</xmax>
			<ymin>224</ymin>
			<ymax>282</ymax>
		</bndbox>
	</object>
</annotation>
