<annotation>
	<folder></folder>
	<filename>0000001063-1-Image_jpeg.rf.1d135969eb5c6cde908a4b23b9fa1d2d.jpg</filename>
	<path>0000001063-1-Image_jpeg.rf.1d135969eb5c6cde908a4b23b9fa1d2d.jpg</path>
	<source>
		<database>roboflow.ai</database>
	</source>
	<size>
		<width>600</width>
		<height>600</height>
		<depth>3</depth>
	</size>
	<segmented>0</segmented>
	<object>
		<name>0</name>
		<pose>Unspecified</pose>
		<truncated>0</truncated>
		<difficult>0</difficult>
		<occluded>0</occluded>
		<bndbox>
			<xmin>337</xmin>
			<xmax>339</xmax>
			<ymin>275</ymin>
			<ymax>282</ymax>
		</bndbox>
	</object>
	<object>
		<name>0</name>
		<pose>Unspecified</pose>
		<truncated>0</truncated>
		<difficult>0</difficult>
		<occluded>0</occluded>
		<bndbox>
			<xmin>337</xmin>
			<xmax>339</xmax>
			<ymin>221</ymin>
			<ymax>270</ymax>
		</bndbox>
	</object>
</annotation>
