<annotation>
	<folder></folder>
	<filename>0000000258-1-Image_jpeg.rf.0152dc7ef477195e9301965f61723143.jpg</filename>
	<path>0000000258-1-Image_jpeg.rf.0152dc7ef477195e9301965f61723143.jpg</path>
	<source>
		<database>roboflow.ai</database>
	</source>
	<size>
		<width>600</width>
		<height>600</height>
		<depth>3</depth>
	</size>
	<segmented>0</segmented>
	<object>
		<name>0</name>
		<pose>Unspecified</pose>
		<truncated>0</truncated>
		<difficult>0</difficult>
		<occluded>0</occluded>
		<bndbox>
			<xmin>279</xmin>
			<xmax>281</xmax>
			<ymin>290</ymin>
			<ymax>295</ymax>
		</bndbox>
	</object>
	<object>
		<name>0</name>
		<pose>Unspecified</pose>
		<truncated>0</truncated>
		<difficult>0</difficult>
		<occluded>0</occluded>
		<bndbox>
			<xmin>281</xmin>
			<xmax>283</xmax>
			<ymin>267</ymin>
			<ymax>288</ymax>
		</bndbox>
	</object>
</annotation>
