<annotation>
	<folder></folder>
	<filename>0000000484-1-Image_jpeg.rf.f4695c215a33465de6a8a8e0d3260de2.jpg</filename>
	<path>0000000484-1-Image_jpeg.rf.f4695c215a33465de6a8a8e0d3260de2.jpg</path>
	<source>
		<database>roboflow.ai</database>
	</source>
	<size>
		<width>600</width>
		<height>600</height>
		<depth>3</depth>
	</size>
	<segmented>0</segmented>
	<object>
		<name>0</name>
		<pose>Unspecified</pose>
		<truncated>0</truncated>
		<difficult>0</difficult>
		<occluded>0</occluded>
		<bndbox>
			<xmin>296</xmin>
			<xmax>298</xmax>
			<ymin>292</ymin>
			<ymax>297</ymax>
		</bndbox>
	</object>
	<object>
		<name>0</name>
		<pose>Unspecified</pose>
		<truncated>0</truncated>
		<difficult>0</difficult>
		<occluded>0</occluded>
		<bndbox>
			<xmin>297</xmin>
			<xmax>305</xmax>
			<ymin>228</ymin>
			<ymax>290</ymax>
		</bndbox>
	</object>
</annotation>
