<annotation>
	<folder></folder>
	<filename>0000000229-1-Image_jpeg.rf.4ff0202f3937a7b6f61062326a8d9491.jpg</filename>
	<path>0000000229-1-Image_jpeg.rf.4ff0202f3937a7b6f61062326a8d9491.jpg</path>
	<source>
		<database>roboflow.ai</database>
	</source>
	<size>
		<width>600</width>
		<height>600</height>
		<depth>3</depth>
	</size>
	<segmented>0</segmented>
	<object>
		<name>0</name>
		<pose>Unspecified</pose>
		<truncated>0</truncated>
		<difficult>0</difficult>
		<occluded>0</occluded>
		<bndbox>
			<xmin>301</xmin>
			<xmax>303</xmax>
			<ymin>305</ymin>
			<ymax>312</ymax>
		</bndbox>
	</object>
</annotation>
