<annotation>
	<folder></folder>
	<filename>0000000135-1-Image_jpeg.rf.793f511d7f93f7fede4b43b4d2bf4948.jpg</filename>
	<path>0000000135-1-Image_jpeg.rf.793f511d7f93f7fede4b43b4d2bf4948.jpg</path>
	<source>
		<database>roboflow.ai</database>
	</source>
	<size>
		<width>600</width>
		<height>600</height>
		<depth>3</depth>
	</size>
	<segmented>0</segmented>
	<object>
		<name>0</name>
		<pose>Unspecified</pose>
		<truncated>0</truncated>
		<difficult>0</difficult>
		<occluded>0</occluded>
		<bndbox>
			<xmin>301</xmin>
			<xmax>303</xmax>
			<ymin>299</ymin>
			<ymax>307</ymax>
		</bndbox>
	</object>
	<object>
		<name>0</name>
		<pose>Unspecified</pose>
		<truncated>0</truncated>
		<difficult>0</difficult>
		<occluded>0</occluded>
		<bndbox>
			<xmin>301</xmin>
			<xmax>310</xmax>
			<ymin>232</ymin>
			<ymax>297</ymax>
		</bndbox>
	</object>
</annotation>
