<annotation>
	<folder></folder>
	<filename>0000000470-1-Image_jpeg.rf.4f068f80ce39aa984c95a1cc3816eb64.jpg</filename>
	<path>0000000470-1-Image_jpeg.rf.4f068f80ce39aa984c95a1cc3816eb64.jpg</path>
	<source>
		<database>roboflow.ai</database>
	</source>
	<size>
		<width>600</width>
		<height>600</height>
		<depth>3</depth>
	</size>
	<segmented>0</segmented>
	<object>
		<name>0</name>
		<pose>Unspecified</pose>
		<truncated>0</truncated>
		<difficult>0</difficult>
		<occluded>0</occluded>
		<bndbox>
			<xmin>314</xmin>
			<xmax>324</xmax>
			<ymin>249</ymin>
			<ymax>290</ymax>
		</bndbox>
	</object>
</annotation>
