<annotation>
	<folder></folder>
	<filename>0000000043-1-Image_jpeg.rf.fe93418a5629e0b1dae87c19d19ea1b9.jpg</filename>
	<path>0000000043-1-Image_jpeg.rf.fe93418a5629e0b1dae87c19d19ea1b9.jpg</path>
	<source>
		<database>roboflow.ai</database>
	</source>
	<size>
		<width>600</width>
		<height>600</height>
		<depth>3</depth>
	</size>
	<segmented>0</segmented>
	<object>
		<name>0</name>
		<pose>Unspecified</pose>
		<truncated>0</truncated>
		<difficult>0</difficult>
		<occluded>0</occluded>
		<bndbox>
			<xmin>311</xmin>
			<xmax>313</xmax>
			<ymin>288</ymin>
			<ymax>295</ymax>
		</bndbox>
	</object>
</annotation>
