<annotation>
	<folder></folder>
	<filename>0000000283-1-Image_jpeg.rf.fe864ba8219b8f980f0f36315868ed98.jpg</filename>
	<path>0000000283-1-Image_jpeg.rf.fe864ba8219b8f980f0f36315868ed98.jpg</path>
	<source>
		<database>roboflow.ai</database>
	</source>
	<size>
		<width>600</width>
		<height>600</height>
		<depth>3</depth>
	</size>
	<segmented>0</segmented>
	<object>
		<name>0</name>
		<pose>Unspecified</pose>
		<truncated>0</truncated>
		<difficult>0</difficult>
		<occluded>0</occluded>
		<bndbox>
			<xmin>286</xmin>
			<xmax>288</xmax>
			<ymin>303</ymin>
			<ymax>310</ymax>
		</bndbox>
	</object>
	<object>
		<name>0</name>
		<pose>Unspecified</pose>
		<truncated>0</truncated>
		<difficult>0</difficult>
		<occluded>0</occluded>
		<bndbox>
			<xmin>288</xmin>
			<xmax>293</xmax>
			<ymin>256</ymin>
			<ymax>297</ymax>
		</bndbox>
	</object>
</annotation>
