<annotation>
	<folder></folder>
	<filename>0000000461-1-Image_jpeg.rf.ac9832f113cf96fecefdebf271aa3a20.jpg</filename>
	<path>0000000461-1-Image_jpeg.rf.ac9832f113cf96fecefdebf271aa3a20.jpg</path>
	<source>
		<database>roboflow.ai</database>
	</source>
	<size>
		<width>600</width>
		<height>600</height>
		<depth>3</depth>
	</size>
	<segmented>0</segmented>
	<object>
		<name>0</name>
		<pose>Unspecified</pose>
		<truncated>0</truncated>
		<difficult>0</difficult>
		<occluded>0</occluded>
		<bndbox>
			<xmin>322</xmin>
			<xmax>326</xmax>
			<ymin>206</ymin>
			<ymax>255</ymax>
		</bndbox>
	</object>
</annotation>
