<annotation>
	<folder></folder>
	<filename>0000000559-1-Image_jpeg.rf.3a71b2f11dbe9d7eb86cb8c5d9f33cc5.jpg</filename>
	<path>0000000559-1-Image_jpeg.rf.3a71b2f11dbe9d7eb86cb8c5d9f33cc5.jpg</path>
	<source>
		<database>roboflow.ai</database>
	</source>
	<size>
		<width>600</width>
		<height>600</height>
		<depth>3</depth>
	</size>
	<segmented>0</segmented>
	<object>
		<name>0</name>
		<pose>Unspecified</pose>
		<truncated>0</truncated>
		<difficult>0</difficult>
		<occluded>0</occluded>
		<bndbox>
			<xmin>299</xmin>
			<xmax>301</xmax>
			<ymin>297</ymin>
			<ymax>303</ymax>
		</bndbox>
	</object>
	<object>
		<name>0</name>
		<pose>Unspecified</pose>
		<truncated>0</truncated>
		<difficult>0</difficult>
		<occluded>0</occluded>
		<bndbox>
			<xmin>290</xmin>
			<xmax>299</xmax>
			<ymin>226</ymin>
			<ymax>271</ymax>
		</bndbox>
	</object>
</annotation>
