<annotation>
	<folder></folder>
	<filename>0000001411-1-Image_jpeg.rf.9cfd4ef5f2a56749606eb31fb250c246.jpg</filename>
	<path>0000001411-1-Image_jpeg.rf.9cfd4ef5f2a56749606eb31fb250c246.jpg</path>
	<source>
		<database>roboflow.ai</database>
	</source>
	<size>
		<width>600</width>
		<height>600</height>
		<depth>3</depth>
	</size>
	<segmented>0</segmented>
	<object>
		<name>0</name>
		<pose>Unspecified</pose>
		<truncated>0</truncated>
		<difficult>0</difficult>
		<occluded>0</occluded>
		<bndbox>
			<xmin>241</xmin>
			<xmax>243</xmax>
			<ymin>348</ymin>
			<ymax>353</ymax>
		</bndbox>
	</object>
</annotation>
