<annotation>
	<folder></folder>
	<filename>0000000263-1-Image_jpeg.rf.674235308c839c72298a98cc545fd298.jpg</filename>
	<path>0000000263-1-Image_jpeg.rf.674235308c839c72298a98cc545fd298.jpg</path>
	<source>
		<database>roboflow.ai</database>
	</source>
	<size>
		<width>600</width>
		<height>600</height>
		<depth>3</depth>
	</size>
	<segmented>0</segmented>
	<object>
		<name>0</name>
		<pose>Unspecified</pose>
		<truncated>0</truncated>
		<difficult>0</difficult>
		<occluded>0</occluded>
		<bndbox>
			<xmin>281</xmin>
			<xmax>283</xmax>
			<ymin>280</ymin>
			<ymax>286</ymax>
		</bndbox>
	</object>
	<object>
		<name>0</name>
		<pose>Unspecified</pose>
		<truncated>0</truncated>
		<difficult>0</difficult>
		<occluded>0</occluded>
		<bndbox>
			<xmin>283</xmin>
			<xmax>296</xmax>
			<ymin>215</ymin>
			<ymax>279</ymax>
		</bndbox>
	</object>
</annotation>
