<annotation>
	<folder></folder>
	<filename>0000000312-1-Image_jpeg.rf.f106772f1e6468072b0b2328105391fd.jpg</filename>
	<path>0000000312-1-Image_jpeg.rf.f106772f1e6468072b0b2328105391fd.jpg</path>
	<source>
		<database>roboflow.ai</database>
	</source>
	<size>
		<width>600</width>
		<height>600</height>
		<depth>3</depth>
	</size>
	<segmented>0</segmented>
	<object>
		<name>0</name>
		<pose>Unspecified</pose>
		<truncated>0</truncated>
		<difficult>0</difficult>
		<occluded>0</occluded>
		<bndbox>
			<xmin>333</xmin>
			<xmax>335</xmax>
			<ymin>305</ymin>
			<ymax>310</ymax>
		</bndbox>
	</object>
	<object>
		<name>0</name>
		<pose>Unspecified</pose>
		<truncated>0</truncated>
		<difficult>0</difficult>
		<occluded>0</occluded>
		<bndbox>
			<xmin>337</xmin>
			<xmax>339</xmax>
			<ymin>241</ymin>
			<ymax>262</ymax>
		</bndbox>
	</object>
</annotation>
