<annotation>
	<folder></folder>
	<filename>0000000670-1-Image_jpeg.rf.9950859004e731aa8acbb1f68a30b9c6.jpg</filename>
	<path>0000000670-1-Image_jpeg.rf.9950859004e731aa8acbb1f68a30b9c6.jpg</path>
	<source>
		<database>roboflow.ai</database>
	</source>
	<size>
		<width>600</width>
		<height>600</height>
		<depth>3</depth>
	</size>
	<segmented>0</segmented>
	<object>
		<name>0</name>
		<pose>Unspecified</pose>
		<truncated>0</truncated>
		<difficult>0</difficult>
		<occluded>0</occluded>
		<bndbox>
			<xmin>294</xmin>
			<xmax>296</xmax>
			<ymin>305</ymin>
			<ymax>310</ymax>
		</bndbox>
	</object>
	<object>
		<name>0</name>
		<pose>Unspecified</pose>
		<truncated>0</truncated>
		<difficult>0</difficult>
		<occluded>0</occluded>
		<bndbox>
			<xmin>294</xmin>
			<xmax>296</xmax>
			<ymin>282</ymin>
			<ymax>303</ymax>
		</bndbox>
	</object>
</annotation>
