<annotation>
	<folder></folder>
	<filename>0000000501-1-Image_jpeg.rf.277c3b6269816ffc44ea35e0dc0cb778.jpg</filename>
	<path>0000000501-1-Image_jpeg.rf.277c3b6269816ffc44ea35e0dc0cb778.jpg</path>
	<source>
		<database>roboflow.ai</database>
	</source>
	<size>
		<width>600</width>
		<height>600</height>
		<depth>3</depth>
	</size>
	<segmented>0</segmented>
	<object>
		<name>0</name>
		<pose>Unspecified</pose>
		<truncated>0</truncated>
		<difficult>0</difficult>
		<occluded>0</occluded>
		<bndbox>
			<xmin>281</xmin>
			<xmax>283</xmax>
			<ymin>282</ymin>
			<ymax>288</ymax>
		</bndbox>
	</object>
</annotation>
