<annotation>
	<folder></folder>
	<filename>0000000446-1-Image_jpeg.rf.f49c13f10f55b5fcdffb276229202fb8.jpg</filename>
	<path>0000000446-1-Image_jpeg.rf.f49c13f10f55b5fcdffb276229202fb8.jpg</path>
	<source>
		<database>roboflow.ai</database>
	</source>
	<size>
		<width>600</width>
		<height>600</height>
		<depth>3</depth>
	</size>
	<segmented>0</segmented>
	<object>
		<name>0</name>
		<pose>Unspecified</pose>
		<truncated>0</truncated>
		<difficult>0</difficult>
		<occluded>0</occluded>
		<bndbox>
			<xmin>294</xmin>
			<xmax>296</xmax>
			<ymin>314</ymin>
			<ymax>322</ymax>
		</bndbox>
	</object>
</annotation>
