<annotation>
	<folder></folder>
	<filename>0000001370-1-Image_jpeg.rf.b7881a99196a6079eda696d6f0ed16ae.jpg</filename>
	<path>0000001370-1-Image_jpeg.rf.b7881a99196a6079eda696d6f0ed16ae.jpg</path>
	<source>
		<database>roboflow.ai</database>
	</source>
	<size>
		<width>600</width>
		<height>600</height>
		<depth>3</depth>
	</size>
	<segmented>0</segmented>
	<object>
		<name>0</name>
		<pose>Unspecified</pose>
		<truncated>0</truncated>
		<difficult>0</difficult>
		<occluded>0</occluded>
		<bndbox>
			<xmin>281</xmin>
			<xmax>283</xmax>
			<ymin>323</ymin>
			<ymax>331</ymax>
		</bndbox>
	</object>
</annotation>
