<annotation>
	<folder></folder>
	<filename>0000001371-1-Image_jpeg.rf.b51f3d9d05dfa669bf68c2bc51ab60ee.jpg</filename>
	<path>0000001371-1-Image_jpeg.rf.b51f3d9d05dfa669bf68c2bc51ab60ee.jpg</path>
	<source>
		<database>roboflow.ai</database>
	</source>
	<size>
		<width>600</width>
		<height>600</height>
		<depth>3</depth>
	</size>
	<segmented>0</segmented>
	<object>
		<name>0</name>
		<pose>Unspecified</pose>
		<truncated>0</truncated>
		<difficult>0</difficult>
		<occluded>0</occluded>
		<bndbox>
			<xmin>299</xmin>
			<xmax>301</xmax>
			<ymin>282</ymin>
			<ymax>290</ymax>
		</bndbox>
	</object>
	<object>
		<name>0</name>
		<pose>Unspecified</pose>
		<truncated>0</truncated>
		<difficult>0</difficult>
		<occluded>0</occluded>
		<bndbox>
			<xmin>295</xmin>
			<xmax>301</xmax>
			<ymin>219</ymin>
			<ymax>271</ymax>
		</bndbox>
	</object>
</annotation>
