<annotation>
	<folder></folder>
	<filename>0000000785-1-Image_jpeg.rf.1f41cd1dc0f39e9f0d8d8609bc0ba0f7.jpg</filename>
	<path>0000000785-1-Image_jpeg.rf.1f41cd1dc0f39e9f0d8d8609bc0ba0f7.jpg</path>
	<source>
		<database>roboflow.ai</database>
	</source>
	<size>
		<width>600</width>
		<height>600</height>
		<depth>3</depth>
	</size>
	<segmented>0</segmented>
	<object>
		<name>0</name>
		<pose>Unspecified</pose>
		<truncated>0</truncated>
		<difficult>0</difficult>
		<occluded>0</occluded>
		<bndbox>
			<xmin>286</xmin>
			<xmax>288</xmax>
			<ymin>305</ymin>
			<ymax>312</ymax>
		</bndbox>
	</object>
	<object>
		<name>0</name>
		<pose>Unspecified</pose>
		<truncated>0</truncated>
		<difficult>0</difficult>
		<occluded>0</occluded>
		<bndbox>
			<xmin>288</xmin>
			<xmax>292</xmax>
			<ymin>252</ymin>
			<ymax>290</ymax>
		</bndbox>
	</object>
</annotation>
