<annotation>
	<folder></folder>
	<filename>0000000006-1-Image_jpeg.rf.4208e8159ceb6cea9ea420d1a0c4bba4.jpg</filename>
	<path>0000000006-1-Image_jpeg.rf.4208e8159ceb6cea9ea420d1a0c4bba4.jpg</path>
	<source>
		<database>roboflow.ai</database>
	</source>
	<size>
		<width>600</width>
		<height>600</height>
		<depth>3</depth>
	</size>
	<segmented>0</segmented>
	<object>
		<name>0</name>
		<pose>Unspecified</pose>
		<truncated>0</truncated>
		<difficult>0</difficult>
		<occluded>0</occluded>
		<bndbox>
			<xmin>252</xmin>
			<xmax>254</xmax>
			<ymin>264</ymin>
			<ymax>268</ymax>
		</bndbox>
	</object>
	<object>
		<name>0</name>
		<pose>Unspecified</pose>
		<truncated>0</truncated>
		<difficult>0</difficult>
		<occluded>0</occluded>
		<bndbox>
			<xmin>239</xmin>
			<xmax>252</xmax>
			<ymin>200</ymin>
			<ymax>254</ymax>
		</bndbox>
	</object>
</annotation>
