<annotation>
	<folder></folder>
	<filename>0000001356-1-Image_jpeg.rf.4201722c6e6de3121b61fd2fe15bedee.jpg</filename>
	<path>0000001356-1-Image_jpeg.rf.4201722c6e6de3121b61fd2fe15bedee.jpg</path>
	<source>
		<database>roboflow.ai</database>
	</source>
	<size>
		<width>600</width>
		<height>600</height>
		<depth>3</depth>
	</size>
	<segmented>0</segmented>
	<object>
		<name>0</name>
		<pose>Unspecified</pose>
		<truncated>0</truncated>
		<difficult>0</difficult>
		<occluded>0</occluded>
		<bndbox>
			<xmin>309</xmin>
			<xmax>311</xmax>
			<ymin>271</ymin>
			<ymax>277</ymax>
		</bndbox>
	</object>
	<object>
		<name>0</name>
		<pose>Unspecified</pose>
		<truncated>0</truncated>
		<difficult>0</difficult>
		<occluded>0</occluded>
		<bndbox>
			<xmin>305</xmin>
			<xmax>310</xmax>
			<ymin>217</ymin>
			<ymax>269</ymax>
		</bndbox>
	</object>
</annotation>
