<annotation>
	<folder></folder>
	<filename>0000001228-1-Image_jpeg.rf.5c04259f447c18f93324cbb6aa3e7d5a.jpg</filename>
	<path>0000001228-1-Image_jpeg.rf.5c04259f447c18f93324cbb6aa3e7d5a.jpg</path>
	<source>
		<database>roboflow.ai</database>
	</source>
	<size>
		<width>600</width>
		<height>600</height>
		<depth>3</depth>
	</size>
	<segmented>0</segmented>
	<object>
		<name>0</name>
		<pose>Unspecified</pose>
		<truncated>0</truncated>
		<difficult>0</difficult>
		<occluded>0</occluded>
		<bndbox>
			<xmin>297</xmin>
			<xmax>299</xmax>
			<ymin>340</ymin>
			<ymax>348</ymax>
		</bndbox>
	</object>
</annotation>
