<annotation>
	<folder></folder>
	<filename>0000001280-1-Image_jpeg.rf.f54bae2a7a06521349f7340c7e27b902.jpg</filename>
	<path>0000001280-1-Image_jpeg.rf.f54bae2a7a06521349f7340c7e27b902.jpg</path>
	<source>
		<database>roboflow.ai</database>
	</source>
	<size>
		<width>600</width>
		<height>600</height>
		<depth>3</depth>
	</size>
	<segmented>0</segmented>
	<object>
		<name>0</name>
		<pose>Unspecified</pose>
		<truncated>0</truncated>
		<difficult>0</difficult>
		<occluded>0</occluded>
		<bndbox>
			<xmin>297</xmin>
			<xmax>299</xmax>
			<ymin>288</ymin>
			<ymax>293</ymax>
		</bndbox>
	</object>
	<object>
		<name>0</name>
		<pose>Unspecified</pose>
		<truncated>0</truncated>
		<difficult>0</difficult>
		<occluded>0</occluded>
		<bndbox>
			<xmin>292</xmin>
			<xmax>297</xmax>
			<ymin>241</ymin>
			<ymax>279</ymax>
		</bndbox>
	</object>
</annotation>
