<annotation>
	<folder></folder>
	<filename>0000000956-1-Image_jpeg.rf.6c6d43262ba6f3d38411dc1d0b9b65ec.jpg</filename>
	<path>0000000956-1-Image_jpeg.rf.6c6d43262ba6f3d38411dc1d0b9b65ec.jpg</path>
	<source>
		<database>roboflow.ai</database>
	</source>
	<size>
		<width>600</width>
		<height>600</height>
		<depth>3</depth>
	</size>
	<segmented>0</segmented>
	<object>
		<name>0</name>
		<pose>Unspecified</pose>
		<truncated>0</truncated>
		<difficult>0</difficult>
		<occluded>0</occluded>
		<bndbox>
			<xmin>307</xmin>
			<xmax>309</xmax>
			<ymin>305</ymin>
			<ymax>312</ymax>
		</bndbox>
	</object>
</annotation>
