<annotation>
	<folder></folder>
	<filename>0000000566-1-Image_jpeg.rf.c8e8607c5474cdd574eba8bbacbba0dd.jpg</filename>
	<path>0000000566-1-Image_jpeg.rf.c8e8607c5474cdd574eba8bbacbba0dd.jpg</path>
	<source>
		<database>roboflow.ai</database>
	</source>
	<size>
		<width>600</width>
		<height>600</height>
		<depth>3</depth>
	</size>
	<segmented>0</segmented>
	<object>
		<name>0</name>
		<pose>Unspecified</pose>
		<truncated>0</truncated>
		<difficult>0</difficult>
		<occluded>0</occluded>
		<bndbox>
			<xmin>292</xmin>
			<xmax>294</xmax>
			<ymin>348</ymin>
			<ymax>355</ymax>
		</bndbox>
	</object>
</annotation>
