<annotation>
	<folder></folder>
	<filename>0000000121-1-Image_jpeg.rf.d1df572e276d53a04afd108611952bc7.jpg</filename>
	<path>0000000121-1-Image_jpeg.rf.d1df572e276d53a04afd108611952bc7.jpg</path>
	<source>
		<database>roboflow.ai</database>
	</source>
	<size>
		<width>600</width>
		<height>600</height>
		<depth>3</depth>
	</size>
	<segmented>0</segmented>
	<object>
		<name>0</name>
		<pose>Unspecified</pose>
		<truncated>0</truncated>
		<difficult>0</difficult>
		<occluded>0</occluded>
		<bndbox>
			<xmin>296</xmin>
			<xmax>298</xmax>
			<ymin>235</ymin>
			<ymax>243</ymax>
		</bndbox>
	</object>
	<object>
		<name>0</name>
		<pose>Unspecified</pose>
		<truncated>0</truncated>
		<difficult>0</difficult>
		<occluded>0</occluded>
		<bndbox>
			<xmin>286</xmin>
			<xmax>295</xmax>
			<ymin>187</ymin>
			<ymax>232</ymax>
		</bndbox>
	</object>
</annotation>
