<annotation>
	<folder></folder>
	<filename>0000000381-1-Image_jpeg.rf.46223d4d6dd74faa808e04d55cd9d694.jpg</filename>
	<path>0000000381-1-Image_jpeg.rf.46223d4d6dd74faa808e04d55cd9d694.jpg</path>
	<source>
		<database>roboflow.ai</database>
	</source>
	<size>
		<width>600</width>
		<height>600</height>
		<depth>3</depth>
	</size>
	<segmented>0</segmented>
	<object>
		<name>0</name>
		<pose>Unspecified</pose>
		<truncated>0</truncated>
		<difficult>0</difficult>
		<occluded>0</occluded>
		<bndbox>
			<xmin>234</xmin>
			<xmax>236</xmax>
			<ymin>277</ymin>
			<ymax>284</ymax>
		</bndbox>
	</object>
	<object>
		<name>0</name>
		<pose>Unspecified</pose>
		<truncated>0</truncated>
		<difficult>0</difficult>
		<occluded>0</occluded>
		<bndbox>
			<xmin>226</xmin>
			<xmax>234</xmax>
			<ymin>209</ymin>
			<ymax>275</ymax>
		</bndbox>
	</object>
</annotation>
