<annotation>
	<folder></folder>
	<filename>0000000088-1-Image_jpeg.rf.9f424b6f2480f6f0a9d762b08d148f9b.jpg</filename>
	<path>0000000088-1-Image_jpeg.rf.9f424b6f2480f6f0a9d762b08d148f9b.jpg</path>
	<source>
		<database>roboflow.ai</database>
	</source>
	<size>
		<width>600</width>
		<height>600</height>
		<depth>3</depth>
	</size>
	<segmented>0</segmented>
	<object>
		<name>0</name>
		<pose>Unspecified</pose>
		<truncated>0</truncated>
		<difficult>0</difficult>
		<occluded>0</occluded>
		<bndbox>
			<xmin>301</xmin>
			<xmax>303</xmax>
			<ymin>295</ymin>
			<ymax>303</ymax>
		</bndbox>
	</object>
	<object>
		<name>0</name>
		<pose>Unspecified</pose>
		<truncated>0</truncated>
		<difficult>0</difficult>
		<occluded>0</occluded>
		<bndbox>
			<xmin>301</xmin>
			<xmax>318</xmax>
			<ymin>228</ymin>
			<ymax>293</ymax>
		</bndbox>
	</object>
</annotation>
