<annotation>
	<folder></folder>
	<filename>0000000854-1-Image_jpeg.rf.ceb807bbba8d426d96278c82e65b6dea.jpg</filename>
	<path>0000000854-1-Image_jpeg.rf.ceb807bbba8d426d96278c82e65b6dea.jpg</path>
	<source>
		<database>roboflow.ai</database>
	</source>
	<size>
		<width>600</width>
		<height>600</height>
		<depth>3</depth>
	</size>
	<segmented>0</segmented>
	<object>
		<name>0</name>
		<pose>Unspecified</pose>
		<truncated>0</truncated>
		<difficult>0</difficult>
		<occluded>0</occluded>
		<bndbox>
			<xmin>324</xmin>
			<xmax>326</xmax>
			<ymin>293</ymin>
			<ymax>301</ymax>
		</bndbox>
	</object>
</annotation>
