<annotation>
	<folder></folder>
	<filename>0000001413-1-Image_jpeg.rf.f54b3ae9c59caa2c0413658e3de6765d.jpg</filename>
	<path>0000001413-1-Image_jpeg.rf.f54b3ae9c59caa2c0413658e3de6765d.jpg</path>
	<source>
		<database>roboflow.ai</database>
	</source>
	<size>
		<width>600</width>
		<height>600</height>
		<depth>3</depth>
	</size>
	<segmented>0</segmented>
	<object>
		<name>0</name>
		<pose>Unspecified</pose>
		<truncated>0</truncated>
		<difficult>0</difficult>
		<occluded>0</occluded>
		<bndbox>
			<xmin>282</xmin>
			<xmax>288</xmax>
			<ymin>241</ymin>
			<ymax>258</ymax>
		</bndbox>
	</object>
</annotation>
