<annotation>
	<folder></folder>
	<filename>0000000966-1-Image_jpeg.rf.69f43e62d1f58d73cf22901689b13c64.jpg</filename>
	<path>0000000966-1-Image_jpeg.rf.69f43e62d1f58d73cf22901689b13c64.jpg</path>
	<source>
		<database>roboflow.ai</database>
	</source>
	<size>
		<width>600</width>
		<height>600</height>
		<depth>3</depth>
	</size>
	<segmented>0</segmented>
	<object>
		<name>0</name>
		<pose>Unspecified</pose>
		<truncated>0</truncated>
		<difficult>0</difficult>
		<occluded>0</occluded>
		<bndbox>
			<xmin>299</xmin>
			<xmax>301</xmax>
			<ymin>314</ymin>
			<ymax>320</ymax>
		</bndbox>
	</object>
</annotation>
