<annotation>
	<folder></folder>
	<filename>0000000200-1-Image_jpeg.rf.2978d7a8556931189b1dde2373f53936.jpg</filename>
	<path>0000000200-1-Image_jpeg.rf.2978d7a8556931189b1dde2373f53936.jpg</path>
	<source>
		<database>roboflow.ai</database>
	</source>
	<size>
		<width>600</width>
		<height>600</height>
		<depth>3</depth>
	</size>
	<segmented>0</segmented>
	<object>
		<name>0</name>
		<pose>Unspecified</pose>
		<truncated>0</truncated>
		<difficult>0</difficult>
		<occluded>0</occluded>
		<bndbox>
			<xmin>322</xmin>
			<xmax>324</xmax>
			<ymin>294</ymin>
			<ymax>299</ymax>
		</bndbox>
	</object>
	<object>
		<name>0</name>
		<pose>Unspecified</pose>
		<truncated>0</truncated>
		<difficult>0</difficult>
		<occluded>0</occluded>
		<bndbox>
			<xmin>324</xmin>
			<xmax>337</xmax>
			<ymin>224</ymin>
			<ymax>280</ymax>
		</bndbox>
	</object>
</annotation>
