<annotation>
	<folder></folder>
	<filename>0000001197-1-Image_jpeg.rf.a7198263f75cd79e4c2f59975aeec1d0.jpg</filename>
	<path>0000001197-1-Image_jpeg.rf.a7198263f75cd79e4c2f59975aeec1d0.jpg</path>
	<source>
		<database>roboflow.ai</database>
	</source>
	<size>
		<width>600</width>
		<height>600</height>
		<depth>3</depth>
	</size>
	<segmented>0</segmented>
	<object>
		<name>0</name>
		<pose>Unspecified</pose>
		<truncated>0</truncated>
		<difficult>0</difficult>
		<occluded>0</occluded>
		<bndbox>
			<xmin>299</xmin>
			<xmax>301</xmax>
			<ymin>295</ymin>
			<ymax>305</ymax>
		</bndbox>
	</object>
	<object>
		<name>0</name>
		<pose>Unspecified</pose>
		<truncated>0</truncated>
		<difficult>0</difficult>
		<occluded>0</occluded>
		<bndbox>
			<xmin>303</xmin>
			<xmax>308</xmax>
			<ymin>230</ymin>
			<ymax>267</ymax>
		</bndbox>
	</object>
</annotation>
