<annotation>
	<folder></folder>
	<filename>0000000665-1-Image_jpeg.rf.9c830aca89bae3f2dae86f4f9756a018.jpg</filename>
	<path>0000000665-1-Image_jpeg.rf.9c830aca89bae3f2dae86f4f9756a018.jpg</path>
	<source>
		<database>roboflow.ai</database>
	</source>
	<size>
		<width>600</width>
		<height>600</height>
		<depth>3</depth>
	</size>
	<segmented>0</segmented>
	<object>
		<name>0</name>
		<pose>Unspecified</pose>
		<truncated>0</truncated>
		<difficult>0</difficult>
		<occluded>0</occluded>
		<bndbox>
			<xmin>309</xmin>
			<xmax>311</xmax>
			<ymin>277</ymin>
			<ymax>284</ymax>
		</bndbox>
	</object>
	<object>
		<name>0</name>
		<pose>Unspecified</pose>
		<truncated>0</truncated>
		<difficult>0</difficult>
		<occluded>0</occluded>
		<bndbox>
			<xmin>308</xmin>
			<xmax>316</xmax>
			<ymin>205</ymin>
			<ymax>275</ymax>
		</bndbox>
	</object>
</annotation>
