<annotation>
	<folder></folder>
	<filename>0000000826-1-Image_jpeg.rf.df02f877547639ec86ef7cd9378c06fd.jpg</filename>
	<path>0000000826-1-Image_jpeg.rf.df02f877547639ec86ef7cd9378c06fd.jpg</path>
	<source>
		<database>roboflow.ai</database>
	</source>
	<size>
		<width>600</width>
		<height>600</height>
		<depth>3</depth>
	</size>
	<segmented>0</segmented>
	<object>
		<name>0</name>
		<pose>Unspecified</pose>
		<truncated>0</truncated>
		<difficult>0</difficult>
		<occluded>0</occluded>
		<bndbox>
			<xmin>258</xmin>
			<xmax>260</xmax>
			<ymin>288</ymin>
			<ymax>293</ymax>
		</bndbox>
	</object>
</annotation>
