<annotation>
	<folder></folder>
	<filename>0000000988-1-Image_jpeg.rf.6aa8e061fdd40908ee2b8d8fc669ffed.jpg</filename>
	<path>0000000988-1-Image_jpeg.rf.6aa8e061fdd40908ee2b8d8fc669ffed.jpg</path>
	<source>
		<database>roboflow.ai</database>
	</source>
	<size>
		<width>600</width>
		<height>600</height>
		<depth>3</depth>
	</size>
	<segmented>0</segmented>
	<object>
		<name>0</name>
		<pose>Unspecified</pose>
		<truncated>0</truncated>
		<difficult>0</difficult>
		<occluded>0</occluded>
		<bndbox>
			<xmin>296</xmin>
			<xmax>298</xmax>
			<ymin>293</ymin>
			<ymax>301</ymax>
		</bndbox>
	</object>
	<object>
		<name>0</name>
		<pose>Unspecified</pose>
		<truncated>0</truncated>
		<difficult>0</difficult>
		<occluded>0</occluded>
		<bndbox>
			<xmin>297</xmin>
			<xmax>299</xmax>
			<ymin>226</ymin>
			<ymax>282</ymax>
		</bndbox>
	</object>
</annotation>
