<annotation>
	<folder></folder>
	<filename>0000000714-1-Image_jpeg.rf.b9341c9c242a72d26c2ed2ee0900218f.jpg</filename>
	<path>0000000714-1-Image_jpeg.rf.b9341c9c242a72d26c2ed2ee0900218f.jpg</path>
	<source>
		<database>roboflow.ai</database>
	</source>
	<size>
		<width>600</width>
		<height>600</height>
		<depth>3</depth>
	</size>
	<segmented>0</segmented>
	<object>
		<name>0</name>
		<pose>Unspecified</pose>
		<truncated>0</truncated>
		<difficult>0</difficult>
		<occluded>0</occluded>
		<bndbox>
			<xmin>303</xmin>
			<xmax>312</xmax>
			<ymin>238</ymin>
			<ymax>296</ymax>
		</bndbox>
	</object>
</annotation>
