<annotation>
	<folder></folder>
	<filename>0000000532-1-Image_jpeg.rf.d923828068704a60db2b49abb960a9c2.jpg</filename>
	<path>0000000532-1-Image_jpeg.rf.d923828068704a60db2b49abb960a9c2.jpg</path>
	<source>
		<database>roboflow.ai</database>
	</source>
	<size>
		<width>600</width>
		<height>600</height>
		<depth>3</depth>
	</size>
	<segmented>0</segmented>
	<object>
		<name>0</name>
		<pose>Unspecified</pose>
		<truncated>0</truncated>
		<difficult>0</difficult>
		<occluded>0</occluded>
		<bndbox>
			<xmin>309</xmin>
			<xmax>311</xmax>
			<ymin>286</ymin>
			<ymax>294</ymax>
		</bndbox>
	</object>
	<object>
		<name>0</name>
		<pose>Unspecified</pose>
		<truncated>0</truncated>
		<difficult>0</difficult>
		<occluded>0</occluded>
		<bndbox>
			<xmin>311</xmin>
			<xmax>322</xmax>
			<ymin>230</ymin>
			<ymax>284</ymax>
		</bndbox>
	</object>
</annotation>
