<annotation>
	<folder></folder>
	<filename>0000000974-1-Image_jpeg.rf.ffeba175b61f3e8c164775d6d10c5f34.jpg</filename>
	<path>0000000974-1-Image_jpeg.rf.ffeba175b61f3e8c164775d6d10c5f34.jpg</path>
	<source>
		<database>roboflow.ai</database>
	</source>
	<size>
		<width>600</width>
		<height>600</height>
		<depth>3</depth>
	</size>
	<segmented>0</segmented>
	<object>
		<name>0</name>
		<pose>Unspecified</pose>
		<truncated>0</truncated>
		<difficult>0</difficult>
		<occluded>0</occluded>
		<bndbox>
			<xmin>309</xmin>
			<xmax>311</xmax>
			<ymin>278</ymin>
			<ymax>286</ymax>
		</bndbox>
	</object>
	<object>
		<name>0</name>
		<pose>Unspecified</pose>
		<truncated>0</truncated>
		<difficult>0</difficult>
		<occluded>0</occluded>
		<bndbox>
			<xmin>299</xmin>
			<xmax>309</xmax>
			<ymin>223</ymin>
			<ymax>268</ymax>
		</bndbox>
	</object>
</annotation>
