<annotation>
	<folder></folder>
	<filename>0000001276-1-Image_jpeg.rf.151f9b46f5797f96f9fcd333031170bc.jpg</filename>
	<path>0000001276-1-Image_jpeg.rf.151f9b46f5797f96f9fcd333031170bc.jpg</path>
	<source>
		<database>roboflow.ai</database>
	</source>
	<size>
		<width>600</width>
		<height>600</height>
		<depth>3</depth>
	</size>
	<segmented>0</segmented>
	<object>
		<name>0</name>
		<pose>Unspecified</pose>
		<truncated>0</truncated>
		<difficult>0</difficult>
		<occluded>0</occluded>
		<bndbox>
			<xmin>295</xmin>
			<xmax>299</xmax>
			<ymin>232</ymin>
			<ymax>249</ymax>
		</bndbox>
	</object>
</annotation>
