<annotation>
	<folder></folder>
	<filename>0000000126-1-Image_jpeg.rf.608aaa9df461befa44e18711a8626565.jpg</filename>
	<path>0000000126-1-Image_jpeg.rf.608aaa9df461befa44e18711a8626565.jpg</path>
	<source>
		<database>roboflow.ai</database>
	</source>
	<size>
		<width>600</width>
		<height>600</height>
		<depth>3</depth>
	</size>
	<segmented>0</segmented>
	<object>
		<name>0</name>
		<pose>Unspecified</pose>
		<truncated>0</truncated>
		<difficult>0</difficult>
		<occluded>0</occluded>
		<bndbox>
			<xmin>357</xmin>
			<xmax>359</xmax>
			<ymin>325</ymin>
			<ymax>333</ymax>
		</bndbox>
	</object>
</annotation>
