<annotation>
	<folder></folder>
	<filename>0000001308-1-Image_jpeg.rf.b7bce3ccd5e692f02312140ca591de51.jpg</filename>
	<path>0000001308-1-Image_jpeg.rf.b7bce3ccd5e692f02312140ca591de51.jpg</path>
	<source>
		<database>roboflow.ai</database>
	</source>
	<size>
		<width>600</width>
		<height>600</height>
		<depth>3</depth>
	</size>
	<segmented>0</segmented>
	<object>
		<name>0</name>
		<pose>Unspecified</pose>
		<truncated>0</truncated>
		<difficult>0</difficult>
		<occluded>0</occluded>
		<bndbox>
			<xmin>301</xmin>
			<xmax>303</xmax>
			<ymin>290</ymin>
			<ymax>297</ymax>
		</bndbox>
	</object>
	<object>
		<name>0</name>
		<pose>Unspecified</pose>
		<truncated>0</truncated>
		<difficult>0</difficult>
		<occluded>0</occluded>
		<bndbox>
			<xmin>303</xmin>
			<xmax>307</xmax>
			<ymin>247</ymin>
			<ymax>288</ymax>
		</bndbox>
	</object>
</annotation>
