<annotation>
	<folder></folder>
	<filename>0000000072-1-Image_jpeg.rf.6534776117aaa6f28ed62f7a1da94210.jpg</filename>
	<path>0000000072-1-Image_jpeg.rf.6534776117aaa6f28ed62f7a1da94210.jpg</path>
	<source>
		<database>roboflow.ai</database>
	</source>
	<size>
		<width>600</width>
		<height>600</height>
		<depth>3</depth>
	</size>
	<segmented>0</segmented>
	<object>
		<name>0</name>
		<pose>Unspecified</pose>
		<truncated>0</truncated>
		<difficult>0</difficult>
		<occluded>0</occluded>
		<bndbox>
			<xmin>284</xmin>
			<xmax>286</xmax>
			<ymin>305</ymin>
			<ymax>310</ymax>
		</bndbox>
	</object>
</annotation>
