<annotation>
	<folder></folder>
	<filename>0000000134-1-Image_jpeg.rf.d44e993b266a61e091b63528983ec39d.jpg</filename>
	<path>0000000134-1-Image_jpeg.rf.d44e993b266a61e091b63528983ec39d.jpg</path>
	<source>
		<database>roboflow.ai</database>
	</source>
	<size>
		<width>600</width>
		<height>600</height>
		<depth>3</depth>
	</size>
	<segmented>0</segmented>
	<object>
		<name>0</name>
		<pose>Unspecified</pose>
		<truncated>0</truncated>
		<difficult>0</difficult>
		<occluded>0</occluded>
		<bndbox>
			<xmin>318</xmin>
			<xmax>320</xmax>
			<ymin>314</ymin>
			<ymax>320</ymax>
		</bndbox>
	</object>
	<object>
		<name>0</name>
		<pose>Unspecified</pose>
		<truncated>0</truncated>
		<difficult>0</difficult>
		<occluded>0</occluded>
		<bndbox>
			<xmin>325</xmin>
			<xmax>329</xmax>
			<ymin>254</ymin>
			<ymax>267</ymax>
		</bndbox>
	</object>
</annotation>
