<annotation>
	<folder></folder>
	<filename>0000001323-1-Image_jpeg.rf.f977d46706929fb0dbac1f8e4a0c7e24.jpg</filename>
	<path>0000001323-1-Image_jpeg.rf.f977d46706929fb0dbac1f8e4a0c7e24.jpg</path>
	<source>
		<database>roboflow.ai</database>
	</source>
	<size>
		<width>600</width>
		<height>600</height>
		<depth>3</depth>
	</size>
	<segmented>0</segmented>
	<object>
		<name>0</name>
		<pose>Unspecified</pose>
		<truncated>0</truncated>
		<difficult>0</difficult>
		<occluded>0</occluded>
		<bndbox>
			<xmin>316</xmin>
			<xmax>318</xmax>
			<ymin>282</ymin>
			<ymax>303</ymax>
		</bndbox>
	</object>
</annotation>
