<annotation>
	<folder></folder>
	<filename>0000000329-1-Image_jpeg.rf.32f1eeeceb44c3c9b42cbfde1ab34f9a.jpg</filename>
	<path>0000000329-1-Image_jpeg.rf.32f1eeeceb44c3c9b42cbfde1ab34f9a.jpg</path>
	<source>
		<database>roboflow.ai</database>
	</source>
	<size>
		<width>600</width>
		<height>600</height>
		<depth>3</depth>
	</size>
	<segmented>0</segmented>
	<object>
		<name>0</name>
		<pose>Unspecified</pose>
		<truncated>0</truncated>
		<difficult>0</difficult>
		<occluded>0</occluded>
		<bndbox>
			<xmin>262</xmin>
			<xmax>264</xmax>
			<ymin>292</ymin>
			<ymax>297</ymax>
		</bndbox>
	</object>
</annotation>
