<annotation>
	<folder></folder>
	<filename>0000001350-1-Image_jpeg.rf.82b2db3c6400c748b4f38617c899da44.jpg</filename>
	<path>0000001350-1-Image_jpeg.rf.82b2db3c6400c748b4f38617c899da44.jpg</path>
	<source>
		<database>roboflow.ai</database>
	</source>
	<size>
		<width>600</width>
		<height>600</height>
		<depth>3</depth>
	</size>
	<segmented>0</segmented>
	<object>
		<name>0</name>
		<pose>Unspecified</pose>
		<truncated>0</truncated>
		<difficult>0</difficult>
		<occluded>0</occluded>
		<bndbox>
			<xmin>296</xmin>
			<xmax>298</xmax>
			<ymin>293</ymin>
			<ymax>301</ymax>
		</bndbox>
	</object>
</annotation>
