<annotation>
	<folder></folder>
	<filename>0000000499-1-Image_jpeg.rf.ef6807325354e3638480211488ca5663.jpg</filename>
	<path>0000000499-1-Image_jpeg.rf.ef6807325354e3638480211488ca5663.jpg</path>
	<source>
		<database>roboflow.ai</database>
	</source>
	<size>
		<width>600</width>
		<height>600</height>
		<depth>3</depth>
	</size>
	<segmented>0</segmented>
	<object>
		<name>0</name>
		<pose>Unspecified</pose>
		<truncated>0</truncated>
		<difficult>0</difficult>
		<occluded>0</occluded>
		<bndbox>
			<xmin>297</xmin>
			<xmax>299</xmax>
			<ymin>320</ymin>
			<ymax>325</ymax>
		</bndbox>
	</object>
	<object>
		<name>0</name>
		<pose>Unspecified</pose>
		<truncated>0</truncated>
		<difficult>0</difficult>
		<occluded>0</occluded>
		<bndbox>
			<xmin>294</xmin>
			<xmax>298</xmax>
			<ymin>260</ymin>
			<ymax>280</ymax>
		</bndbox>
	</object>
</annotation>
