<annotation>
	<folder></folder>
	<filename>0000000915-1-Image_jpeg.rf.da2aa9477f3983fef46071769fbca7e3.jpg</filename>
	<path>0000000915-1-Image_jpeg.rf.da2aa9477f3983fef46071769fbca7e3.jpg</path>
	<source>
		<database>roboflow.ai</database>
	</source>
	<size>
		<width>600</width>
		<height>600</height>
		<depth>3</depth>
	</size>
	<segmented>0</segmented>
	<object>
		<name>0</name>
		<pose>Unspecified</pose>
		<truncated>0</truncated>
		<difficult>0</difficult>
		<occluded>0</occluded>
		<bndbox>
			<xmin>311</xmin>
			<xmax>313</xmax>
			<ymin>230</ymin>
			<ymax>235</ymax>
		</bndbox>
	</object>
</annotation>
