<annotation>
	<folder></folder>
	<filename>0000000749-1-Image_jpeg.rf.98e14e1e8a04a5f5d39e9fbbbbcbf391.jpg</filename>
	<path>0000000749-1-Image_jpeg.rf.98e14e1e8a04a5f5d39e9fbbbbcbf391.jpg</path>
	<source>
		<database>roboflow.ai</database>
	</source>
	<size>
		<width>600</width>
		<height>600</height>
		<depth>3</depth>
	</size>
	<segmented>0</segmented>
	<object>
		<name>0</name>
		<pose>Unspecified</pose>
		<truncated>0</truncated>
		<difficult>0</difficult>
		<occluded>0</occluded>
		<bndbox>
			<xmin>281</xmin>
			<xmax>283</xmax>
			<ymin>327</ymin>
			<ymax>335</ymax>
		</bndbox>
	</object>
</annotation>
