<annotation>
	<folder></folder>
	<filename>0000001477-1-Image_jpeg.rf.e5e10ba7904936273554b10ae18f60d5.jpg</filename>
	<path>0000001477-1-Image_jpeg.rf.e5e10ba7904936273554b10ae18f60d5.jpg</path>
	<source>
		<database>roboflow.ai</database>
	</source>
	<size>
		<width>600</width>
		<height>600</height>
		<depth>3</depth>
	</size>
	<segmented>0</segmented>
	<object>
		<name>0</name>
		<pose>Unspecified</pose>
		<truncated>0</truncated>
		<difficult>0</difficult>
		<occluded>0</occluded>
		<bndbox>
			<xmin>303</xmin>
			<xmax>305</xmax>
			<ymin>232</ymin>
			<ymax>271</ymax>
		</bndbox>
	</object>
</annotation>
