<annotation>
	<folder></folder>
	<filename>0000001143-1-Image_jpeg.rf.a9d7a0077c4336fcc05113da7dbfd662.jpg</filename>
	<path>0000001143-1-Image_jpeg.rf.a9d7a0077c4336fcc05113da7dbfd662.jpg</path>
	<source>
		<database>roboflow.ai</database>
	</source>
	<size>
		<width>600</width>
		<height>600</height>
		<depth>3</depth>
	</size>
	<segmented>0</segmented>
	<object>
		<name>0</name>
		<pose>Unspecified</pose>
		<truncated>0</truncated>
		<difficult>0</difficult>
		<occluded>0</occluded>
		<bndbox>
			<xmin>266</xmin>
			<xmax>268</xmax>
			<ymin>288</ymin>
			<ymax>293</ymax>
		</bndbox>
	</object>
	<object>
		<name>0</name>
		<pose>Unspecified</pose>
		<truncated>0</truncated>
		<difficult>0</difficult>
		<occluded>0</occluded>
		<bndbox>
			<xmin>267</xmin>
			<xmax>273</xmax>
			<ymin>232</ymin>
			<ymax>266</ymax>
		</bndbox>
	</object>
</annotation>
