<annotation>
	<folder></folder>
	<filename>0000000117-1-Image_jpeg.rf.08cab03dc115bc69c05fd15f1757fbb1.jpg</filename>
	<path>0000000117-1-Image_jpeg.rf.08cab03dc115bc69c05fd15f1757fbb1.jpg</path>
	<source>
		<database>roboflow.ai</database>
	</source>
	<size>
		<width>600</width>
		<height>600</height>
		<depth>3</depth>
	</size>
	<segmented>0</segmented>
	<object>
		<name>0</name>
		<pose>Unspecified</pose>
		<truncated>0</truncated>
		<difficult>0</difficult>
		<occluded>0</occluded>
		<bndbox>
			<xmin>282</xmin>
			<xmax>286</xmax>
			<ymin>215</ymin>
			<ymax>260</ymax>
		</bndbox>
	</object>
</annotation>
