<annotation>
	<folder></folder>
	<filename>0000000599-1-Image_jpeg.rf.33400f2fdc9bb2a97e40e0dc086dc675.jpg</filename>
	<path>0000000599-1-Image_jpeg.rf.33400f2fdc9bb2a97e40e0dc086dc675.jpg</path>
	<source>
		<database>roboflow.ai</database>
	</source>
	<size>
		<width>600</width>
		<height>600</height>
		<depth>3</depth>
	</size>
	<segmented>0</segmented>
	<object>
		<name>0</name>
		<pose>Unspecified</pose>
		<truncated>0</truncated>
		<difficult>0</difficult>
		<occluded>0</occluded>
		<bndbox>
			<xmin>236</xmin>
			<xmax>238</xmax>
			<ymin>320</ymin>
			<ymax>325</ymax>
		</bndbox>
	</object>
</annotation>
