<annotation>
	<folder></folder>
	<filename>0000001336-1-Image_jpeg.rf.8081489b35d46189db40f136336032ec.jpg</filename>
	<path>0000001336-1-Image_jpeg.rf.8081489b35d46189db40f136336032ec.jpg</path>
	<source>
		<database>roboflow.ai</database>
	</source>
	<size>
		<width>600</width>
		<height>600</height>
		<depth>3</depth>
	</size>
	<segmented>0</segmented>
	<object>
		<name>0</name>
		<pose>Unspecified</pose>
		<truncated>0</truncated>
		<difficult>0</difficult>
		<occluded>0</occluded>
		<bndbox>
			<xmin>292</xmin>
			<xmax>294</xmax>
			<ymin>271</ymin>
			<ymax>279</ymax>
		</bndbox>
	</object>
	<object>
		<name>0</name>
		<pose>Unspecified</pose>
		<truncated>0</truncated>
		<difficult>0</difficult>
		<occluded>0</occluded>
		<bndbox>
			<xmin>295</xmin>
			<xmax>303</xmax>
			<ymin>219</ymin>
			<ymax>260</ymax>
		</bndbox>
	</object>
</annotation>
