<annotation>
	<folder></folder>
	<filename>0000000133-1-Image_jpeg.rf.eb05295fde71c03b1646dfd7831e2c29.jpg</filename>
	<path>0000000133-1-Image_jpeg.rf.eb05295fde71c03b1646dfd7831e2c29.jpg</path>
	<source>
		<database>roboflow.ai</database>
	</source>
	<size>
		<width>600</width>
		<height>600</height>
		<depth>3</depth>
	</size>
	<segmented>0</segmented>
	<object>
		<name>0</name>
		<pose>Unspecified</pose>
		<truncated>0</truncated>
		<difficult>0</difficult>
		<occluded>0</occluded>
		<bndbox>
			<xmin>296</xmin>
			<xmax>298</xmax>
			<ymin>284</ymin>
			<ymax>292</ymax>
		</bndbox>
	</object>
	<object>
		<name>0</name>
		<pose>Unspecified</pose>
		<truncated>0</truncated>
		<difficult>0</difficult>
		<occluded>0</occluded>
		<bndbox>
			<xmin>299</xmin>
			<xmax>309</xmax>
			<ymin>224</ymin>
			<ymax>273</ymax>
		</bndbox>
	</object>
</annotation>
