<annotation>
	<folder></folder>
	<filename>0000000980-1-Image_jpeg.rf.af4aa9e91f1a3ff45b67091ef86701bc.jpg</filename>
	<path>0000000980-1-Image_jpeg.rf.af4aa9e91f1a3ff45b67091ef86701bc.jpg</path>
	<source>
		<database>roboflow.ai</database>
	</source>
	<size>
		<width>600</width>
		<height>600</height>
		<depth>3</depth>
	</size>
	<segmented>0</segmented>
	<object>
		<name>0</name>
		<pose>Unspecified</pose>
		<truncated>0</truncated>
		<difficult>0</difficult>
		<occluded>0</occluded>
		<bndbox>
			<xmin>301</xmin>
			<xmax>303</xmax>
			<ymin>297</ymin>
			<ymax>303</ymax>
		</bndbox>
	</object>
	<object>
		<name>0</name>
		<pose>Unspecified</pose>
		<truncated>0</truncated>
		<difficult>0</difficult>
		<occluded>0</occluded>
		<bndbox>
			<xmin>303</xmin>
			<xmax>310</xmax>
			<ymin>234</ymin>
			<ymax>296</ymax>
		</bndbox>
	</object>
</annotation>
