<annotation>
	<folder></folder>
	<filename>0000000832-1-Image_jpeg.rf.098ecb57e6f71cffd10a68a2e9db3c05.jpg</filename>
	<path>0000000832-1-Image_jpeg.rf.098ecb57e6f71cffd10a68a2e9db3c05.jpg</path>
	<source>
		<database>roboflow.ai</database>
	</source>
	<size>
		<width>600</width>
		<height>600</height>
		<depth>3</depth>
	</size>
	<segmented>0</segmented>
	<object>
		<name>0</name>
		<pose>Unspecified</pose>
		<truncated>0</truncated>
		<difficult>0</difficult>
		<occluded>0</occluded>
		<bndbox>
			<xmin>279</xmin>
			<xmax>292</xmax>
			<ymin>226</ymin>
			<ymax>273</ymax>
		</bndbox>
	</object>
</annotation>
