<annotation>
	<folder></folder>
	<filename>0000001282-1-Image_jpeg.rf.163518c15155f3f4f8aa71d61244c235.jpg</filename>
	<path>0000001282-1-Image_jpeg.rf.163518c15155f3f4f8aa71d61244c235.jpg</path>
	<source>
		<database>roboflow.ai</database>
	</source>
	<size>
		<width>600</width>
		<height>600</height>
		<depth>3</depth>
	</size>
	<segmented>0</segmented>
	<object>
		<name>0</name>
		<pose>Unspecified</pose>
		<truncated>0</truncated>
		<difficult>0</difficult>
		<occluded>0</occluded>
		<bndbox>
			<xmin>301</xmin>
			<xmax>303</xmax>
			<ymin>297</ymin>
			<ymax>305</ymax>
		</bndbox>
	</object>
	<object>
		<name>0</name>
		<pose>Unspecified</pose>
		<truncated>0</truncated>
		<difficult>0</difficult>
		<occluded>0</occluded>
		<bndbox>
			<xmin>305</xmin>
			<xmax>320</xmax>
			<ymin>234</ymin>
			<ymax>286</ymax>
		</bndbox>
	</object>
</annotation>
