<annotation>
	<folder></folder>
	<filename>0000000675-1-Image_jpeg.rf.6082c2c6057b13a08c8af9d3eb9a78e7.jpg</filename>
	<path>0000000675-1-Image_jpeg.rf.6082c2c6057b13a08c8af9d3eb9a78e7.jpg</path>
	<source>
		<database>roboflow.ai</database>
	</source>
	<size>
		<width>600</width>
		<height>600</height>
		<depth>3</depth>
	</size>
	<segmented>0</segmented>
	<object>
		<name>0</name>
		<pose>Unspecified</pose>
		<truncated>0</truncated>
		<difficult>0</difficult>
		<occluded>0</occluded>
		<bndbox>
			<xmin>309</xmin>
			<xmax>311</xmax>
			<ymin>297</ymin>
			<ymax>301</ymax>
		</bndbox>
	</object>
	<object>
		<name>0</name>
		<pose>Unspecified</pose>
		<truncated>0</truncated>
		<difficult>0</difficult>
		<occluded>0</occluded>
		<bndbox>
			<xmin>310</xmin>
			<xmax>314</xmax>
			<ymin>247</ymin>
			<ymax>292</ymax>
		</bndbox>
	</object>
</annotation>
