<annotation>
	<folder></folder>
	<filename>0000000716-1-Image_jpeg.rf.e5fb880fb78bce4309b5e734f7072279.jpg</filename>
	<path>0000000716-1-Image_jpeg.rf.e5fb880fb78bce4309b5e734f7072279.jpg</path>
	<source>
		<database>roboflow.ai</database>
	</source>
	<size>
		<width>600</width>
		<height>600</height>
		<depth>3</depth>
	</size>
	<segmented>0</segmented>
	<object>
		<name>0</name>
		<pose>Unspecified</pose>
		<truncated>0</truncated>
		<difficult>0</difficult>
		<occluded>0</occluded>
		<bndbox>
			<xmin>309</xmin>
			<xmax>324</xmax>
			<ymin>226</ymin>
			<ymax>294</ymax>
		</bndbox>
	</object>
</annotation>
