<annotation>
	<folder></folder>
	<filename>0000000251-1-Image_jpeg.rf.b9ada056ae526383f6d606b4ea82dbef.jpg</filename>
	<path>0000000251-1-Image_jpeg.rf.b9ada056ae526383f6d606b4ea82dbef.jpg</path>
	<source>
		<database>roboflow.ai</database>
	</source>
	<size>
		<width>600</width>
		<height>600</height>
		<depth>3</depth>
	</size>
	<segmented>0</segmented>
	<object>
		<name>0</name>
		<pose>Unspecified</pose>
		<truncated>0</truncated>
		<difficult>0</difficult>
		<occluded>0</occluded>
		<bndbox>
			<xmin>314</xmin>
			<xmax>316</xmax>
			<ymin>271</ymin>
			<ymax>279</ymax>
		</bndbox>
	</object>
	<object>
		<name>0</name>
		<pose>Unspecified</pose>
		<truncated>0</truncated>
		<difficult>0</difficult>
		<occluded>0</occluded>
		<bndbox>
			<xmin>314</xmin>
			<xmax>316</xmax>
			<ymin>211</ymin>
			<ymax>260</ymax>
		</bndbox>
	</object>
</annotation>
