<annotation>
	<folder></folder>
	<filename>0000000445-1-Image_jpeg.rf.1c890debbbe9da2f0c2b7c50cbebd35c.jpg</filename>
	<path>0000000445-1-Image_jpeg.rf.1c890debbbe9da2f0c2b7c50cbebd35c.jpg</path>
	<source>
		<database>roboflow.ai</database>
	</source>
	<size>
		<width>600</width>
		<height>600</height>
		<depth>3</depth>
	</size>
	<segmented>0</segmented>
	<object>
		<name>0</name>
		<pose>Unspecified</pose>
		<truncated>0</truncated>
		<difficult>0</difficult>
		<occluded>0</occluded>
		<bndbox>
			<xmin>305</xmin>
			<xmax>307</xmax>
			<ymin>292</ymin>
			<ymax>297</ymax>
		</bndbox>
	</object>
</annotation>
