<annotation>
	<folder></folder>
	<filename>0000000751-1-Image_jpeg.rf.92b88e2206d0ff316ca9eeb2f3418d16.jpg</filename>
	<path>0000000751-1-Image_jpeg.rf.92b88e2206d0ff316ca9eeb2f3418d16.jpg</path>
	<source>
		<database>roboflow.ai</database>
	</source>
	<size>
		<width>600</width>
		<height>600</height>
		<depth>3</depth>
	</size>
	<segmented>0</segmented>
	<object>
		<name>0</name>
		<pose>Unspecified</pose>
		<truncated>0</truncated>
		<difficult>0</difficult>
		<occluded>0</occluded>
		<bndbox>
			<xmin>301</xmin>
			<xmax>303</xmax>
			<ymin>292</ymin>
			<ymax>297</ymax>
		</bndbox>
	</object>
	<object>
		<name>0</name>
		<pose>Unspecified</pose>
		<truncated>0</truncated>
		<difficult>0</difficult>
		<occluded>0</occluded>
		<bndbox>
			<xmin>292</xmin>
			<xmax>301</xmax>
			<ymin>241</ymin>
			<ymax>290</ymax>
		</bndbox>
	</object>
</annotation>
