<annotation>
	<folder></folder>
	<filename>0000000870-1-Image_jpeg.rf.4b7688754661be202b15b26894cba394.jpg</filename>
	<path>0000000870-1-Image_jpeg.rf.4b7688754661be202b15b26894cba394.jpg</path>
	<source>
		<database>roboflow.ai</database>
	</source>
	<size>
		<width>600</width>
		<height>600</height>
		<depth>3</depth>
	</size>
	<segmented>0</segmented>
	<object>
		<name>0</name>
		<pose>Unspecified</pose>
		<truncated>0</truncated>
		<difficult>0</difficult>
		<occluded>0</occluded>
		<bndbox>
			<xmin>305</xmin>
			<xmax>307</xmax>
			<ymin>292</ymin>
			<ymax>299</ymax>
		</bndbox>
	</object>
	<object>
		<name>0</name>
		<pose>Unspecified</pose>
		<truncated>0</truncated>
		<difficult>0</difficult>
		<occluded>0</occluded>
		<bndbox>
			<xmin>307</xmin>
			<xmax>314</xmax>
			<ymin>232</ymin>
			<ymax>273</ymax>
		</bndbox>
	</object>
</annotation>
