<annotation>
	<folder></folder>
	<filename>0000000435-1-Image_jpeg.rf.737efeafb73c514b4a6ce92220167ffb.jpg</filename>
	<path>0000000435-1-Image_jpeg.rf.737efeafb73c514b4a6ce92220167ffb.jpg</path>
	<source>
		<database>roboflow.ai</database>
	</source>
	<size>
		<width>600</width>
		<height>600</height>
		<depth>3</depth>
	</size>
	<segmented>0</segmented>
	<object>
		<name>0</name>
		<pose>Unspecified</pose>
		<truncated>0</truncated>
		<difficult>0</difficult>
		<occluded>0</occluded>
		<bndbox>
			<xmin>294</xmin>
			<xmax>296</xmax>
			<ymin>224</ymin>
			<ymax>230</ymax>
		</bndbox>
	</object>
</annotation>
