<annotation>
	<folder></folder>
	<filename>0000000900-1-Image_jpeg.rf.1c38bafab9f9604a68c422a840777189.jpg</filename>
	<path>0000000900-1-Image_jpeg.rf.1c38bafab9f9604a68c422a840777189.jpg</path>
	<source>
		<database>roboflow.ai</database>
	</source>
	<size>
		<width>600</width>
		<height>600</height>
		<depth>3</depth>
	</size>
	<segmented>0</segmented>
	<object>
		<name>0</name>
		<pose>Unspecified</pose>
		<truncated>0</truncated>
		<difficult>0</difficult>
		<occluded>0</occluded>
		<bndbox>
			<xmin>269</xmin>
			<xmax>271</xmax>
			<ymin>252</ymin>
			<ymax>260</ymax>
		</bndbox>
	</object>
	<object>
		<name>0</name>
		<pose>Unspecified</pose>
		<truncated>0</truncated>
		<difficult>0</difficult>
		<occluded>0</occluded>
		<bndbox>
			<xmin>262</xmin>
			<xmax>269</xmax>
			<ymin>193</ymin>
			<ymax>238</ymax>
		</bndbox>
	</object>
</annotation>
