<annotation>
	<folder></folder>
	<filename>0000000177-1-Image_jpeg.rf.e4129ef7631fccdf2f190fdfd21b8960.jpg</filename>
	<path>0000000177-1-Image_jpeg.rf.e4129ef7631fccdf2f190fdfd21b8960.jpg</path>
	<source>
		<database>roboflow.ai</database>
	</source>
	<size>
		<width>600</width>
		<height>600</height>
		<depth>3</depth>
	</size>
	<segmented>0</segmented>
	<object>
		<name>0</name>
		<pose>Unspecified</pose>
		<truncated>0</truncated>
		<difficult>0</difficult>
		<occluded>0</occluded>
		<bndbox>
			<xmin>299</xmin>
			<xmax>301</xmax>
			<ymin>301</ymin>
			<ymax>309</ymax>
		</bndbox>
	</object>
	<object>
		<name>0</name>
		<pose>Unspecified</pose>
		<truncated>0</truncated>
		<difficult>0</difficult>
		<occluded>0</occluded>
		<bndbox>
			<xmin>299</xmin>
			<xmax>305</xmax>
			<ymin>249</ymin>
			<ymax>299</ymax>
		</bndbox>
	</object>
</annotation>
