<annotation>
	<folder></folder>
	<filename>0000000972-1-Image_jpeg.rf.865d0922910aa28bb0a62dcde8938367.jpg</filename>
	<path>0000000972-1-Image_jpeg.rf.865d0922910aa28bb0a62dcde8938367.jpg</path>
	<source>
		<database>roboflow.ai</database>
	</source>
	<size>
		<width>600</width>
		<height>600</height>
		<depth>3</depth>
	</size>
	<segmented>0</segmented>
	<object>
		<name>0</name>
		<pose>Unspecified</pose>
		<truncated>0</truncated>
		<difficult>0</difficult>
		<occluded>0</occluded>
		<bndbox>
			<xmin>286</xmin>
			<xmax>288</xmax>
			<ymin>310</ymin>
			<ymax>318</ymax>
		</bndbox>
	</object>
	<object>
		<name>0</name>
		<pose>Unspecified</pose>
		<truncated>0</truncated>
		<difficult>0</difficult>
		<occluded>0</occluded>
		<bndbox>
			<xmin>284</xmin>
			<xmax>286</xmax>
			<ymin>252</ymin>
			<ymax>305</ymax>
		</bndbox>
	</object>
</annotation>
