<annotation>
	<folder></folder>
	<filename>0000000689-1-Image_jpeg.rf.e999daf3269e2102393eea6b84265dc3.jpg</filename>
	<path>0000000689-1-Image_jpeg.rf.e999daf3269e2102393eea6b84265dc3.jpg</path>
	<source>
		<database>roboflow.ai</database>
	</source>
	<size>
		<width>600</width>
		<height>600</height>
		<depth>3</depth>
	</size>
	<segmented>0</segmented>
	<object>
		<name>0</name>
		<pose>Unspecified</pose>
		<truncated>0</truncated>
		<difficult>0</difficult>
		<occluded>0</occluded>
		<bndbox>
			<xmin>307</xmin>
			<xmax>309</xmax>
			<ymin>301</ymin>
			<ymax>305</ymax>
		</bndbox>
	</object>
</annotation>
