<annotation>
	<folder></folder>
	<filename>0000000981-1-Image_jpeg.rf.609fd466bfbe5f9747634816ae7609f0.jpg</filename>
	<path>0000000981-1-Image_jpeg.rf.609fd466bfbe5f9747634816ae7609f0.jpg</path>
	<source>
		<database>roboflow.ai</database>
	</source>
	<size>
		<width>600</width>
		<height>600</height>
		<depth>3</depth>
	</size>
	<segmented>0</segmented>
	<object>
		<name>0</name>
		<pose>Unspecified</pose>
		<truncated>0</truncated>
		<difficult>0</difficult>
		<occluded>0</occluded>
		<bndbox>
			<xmin>292</xmin>
			<xmax>301</xmax>
			<ymin>207</ymin>
			<ymax>269</ymax>
		</bndbox>
	</object>
</annotation>
