<annotation>
	<folder></folder>
	<filename>0000001332-1-Image_jpeg.rf.271c210a7d6652fe0db5916d9f1f8f40.jpg</filename>
	<path>0000001332-1-Image_jpeg.rf.271c210a7d6652fe0db5916d9f1f8f40.jpg</path>
	<source>
		<database>roboflow.ai</database>
	</source>
	<size>
		<width>600</width>
		<height>600</height>
		<depth>3</depth>
	</size>
	<segmented>0</segmented>
	<object>
		<name>0</name>
		<pose>Unspecified</pose>
		<truncated>0</truncated>
		<difficult>0</difficult>
		<occluded>0</occluded>
		<bndbox>
			<xmin>295</xmin>
			<xmax>301</xmax>
			<ymin>224</ymin>
			<ymax>237</ymax>
		</bndbox>
	</object>
</annotation>
