<annotation>
	<folder></folder>
	<filename>0000000385-1-Image_jpeg.rf.ea2d8b0f1071b26d5f49bd5df5bb21ca.jpg</filename>
	<path>0000000385-1-Image_jpeg.rf.ea2d8b0f1071b26d5f49bd5df5bb21ca.jpg</path>
	<source>
		<database>roboflow.ai</database>
	</source>
	<size>
		<width>600</width>
		<height>600</height>
		<depth>3</depth>
	</size>
	<segmented>0</segmented>
	<object>
		<name>0</name>
		<pose>Unspecified</pose>
		<truncated>0</truncated>
		<difficult>0</difficult>
		<occluded>0</occluded>
		<bndbox>
			<xmin>292</xmin>
			<xmax>297</xmax>
			<ymin>294</ymin>
			<ymax>311</ymax>
		</bndbox>
	</object>
	<object>
		<name>0</name>
		<pose>Unspecified</pose>
		<truncated>0</truncated>
		<difficult>0</difficult>
		<occluded>0</occluded>
		<bndbox>
			<xmin>269</xmin>
			<xmax>294</xmax>
			<ymin>155</ymin>
			<ymax>290</ymax>
		</bndbox>
	</object>
</annotation>
