<annotation>
	<folder></folder>
	<filename>0000001363-1-Image-11-53-50-AM_jpeg.rf.cf5dd7c962080454ec7e6dfccf8a5fe4.jpg</filename>
	<path>0000001363-1-Image-11-53-50-AM_jpeg.rf.cf5dd7c962080454ec7e6dfccf8a5fe4.jpg</path>
	<source>
		<database>roboflow.ai</database>
	</source>
	<size>
		<width>600</width>
		<height>600</height>
		<depth>3</depth>
	</size>
	<segmented>0</segmented>
	<object>
		<name>0</name>
		<pose>Unspecified</pose>
		<truncated>0</truncated>
		<difficult>0</difficult>
		<occluded>0</occluded>
		<bndbox>
			<xmin>219</xmin>
			<xmax>224</xmax>
			<ymin>243</ymin>
			<ymax>258</ymax>
		</bndbox>
	</object>
	<object>
		<name>0</name>
		<pose>Unspecified</pose>
		<truncated>0</truncated>
		<difficult>0</difficult>
		<occluded>0</occluded>
		<bndbox>
			<xmin>226</xmin>
			<xmax>243</xmax>
			<ymin>118</ymin>
			<ymax>176</ymax>
		</bndbox>
	</object>
</annotation>
