<annotation>
	<folder></folder>
	<filename>0000000411-1-Image_jpeg.rf.4ea08d8510c80ae664b4baa4d49d226a.jpg</filename>
	<path>0000000411-1-Image_jpeg.rf.4ea08d8510c80ae664b4baa4d49d226a.jpg</path>
	<source>
		<database>roboflow.ai</database>
	</source>
	<size>
		<width>600</width>
		<height>600</height>
		<depth>3</depth>
	</size>
	<segmented>0</segmented>
	<object>
		<name>0</name>
		<pose>Unspecified</pose>
		<truncated>0</truncated>
		<difficult>0</difficult>
		<occluded>0</occluded>
		<bndbox>
			<xmin>247</xmin>
			<xmax>251</xmax>
			<ymin>234</ymin>
			<ymax>249</ymax>
		</bndbox>
	</object>
</annotation>
