<annotation>
	<folder></folder>
	<filename>0000000140-1-Image_jpeg.rf.6244c502a2f7f5456e1bba87999d0d29.jpg</filename>
	<path>0000000140-1-Image_jpeg.rf.6244c502a2f7f5456e1bba87999d0d29.jpg</path>
	<source>
		<database>roboflow.ai</database>
	</source>
	<size>
		<width>600</width>
		<height>600</height>
		<depth>3</depth>
	</size>
	<segmented>0</segmented>
	<object>
		<name>0</name>
		<pose>Unspecified</pose>
		<truncated>0</truncated>
		<difficult>0</difficult>
		<occluded>0</occluded>
		<bndbox>
			<xmin>237</xmin>
			<xmax>241</xmax>
			<ymin>251</ymin>
			<ymax>270</ymax>
		</bndbox>
	</object>
	<object>
		<name>0</name>
		<pose>Unspecified</pose>
		<truncated>0</truncated>
		<difficult>0</difficult>
		<occluded>0</occluded>
		<bndbox>
			<xmin>239</xmin>
			<xmax>252</xmax>
			<ymin>108</ymin>
			<ymax>248</ymax>
		</bndbox>
	</object>
</annotation>
