<annotation>
	<folder></folder>
	<filename>0000000968-1-Image_jpeg.rf.e56dd8c4b9c5c03f168ab7572cdad4a9.jpg</filename>
	<path>0000000968-1-Image_jpeg.rf.e56dd8c4b9c5c03f168ab7572cdad4a9.jpg</path>
	<source>
		<database>roboflow.ai</database>
	</source>
	<size>
		<width>600</width>
		<height>600</height>
		<depth>3</depth>
	</size>
	<segmented>0</segmented>
	<object>
		<name>0</name>
		<pose>Unspecified</pose>
		<truncated>0</truncated>
		<difficult>0</difficult>
		<occluded>0</occluded>
		<bndbox>
			<xmin>307</xmin>
			<xmax>312</xmax>
			<ymin>290</ymin>
			<ymax>305</ymax>
		</bndbox>
	</object>
	<object>
		<name>0</name>
		<pose>Unspecified</pose>
		<truncated>0</truncated>
		<difficult>0</difficult>
		<occluded>0</occluded>
		<bndbox>
			<xmin>309</xmin>
			<xmax>329</xmax>
			<ymin>149</ymin>
			<ymax>286</ymax>
		</bndbox>
	</object>
</annotation>
