<annotation>
	<folder></folder>
	<filename>0000000645-1-Image_jpeg.rf.e62be83f7cd699f7f2beaa6829a424ff.jpg</filename>
	<path>0000000645-1-Image_jpeg.rf.e62be83f7cd699f7f2beaa6829a424ff.jpg</path>
	<source>
		<database>roboflow.ai</database>
	</source>
	<size>
		<width>600</width>
		<height>600</height>
		<depth>3</depth>
	</size>
	<segmented>0</segmented>
	<object>
		<name>0</name>
		<pose>Unspecified</pose>
		<truncated>0</truncated>
		<difficult>0</difficult>
		<occluded>0</occluded>
		<bndbox>
			<xmin>243</xmin>
			<xmax>247</xmax>
			<ymin>305</ymin>
			<ymax>324</ymax>
		</bndbox>
	</object>
	<object>
		<name>0</name>
		<pose>Unspecified</pose>
		<truncated>0</truncated>
		<difficult>0</difficult>
		<occluded>0</occluded>
		<bndbox>
			<xmin>245</xmin>
			<xmax>254</xmax>
			<ymin>179</ymin>
			<ymax>254</ymax>
		</bndbox>
	</object>
</annotation>
