<annotation>
	<folder></folder>
	<filename>0000000112-1-Image_jpeg.rf.817d8d8e03acc479588dc1e21895907a.jpg</filename>
	<path>0000000112-1-Image_jpeg.rf.817d8d8e03acc479588dc1e21895907a.jpg</path>
	<source>
		<database>roboflow.ai</database>
	</source>
	<size>
		<width>600</width>
		<height>600</height>
		<depth>3</depth>
	</size>
	<segmented>0</segmented>
	<object>
		<name>0</name>
		<pose>Unspecified</pose>
		<truncated>0</truncated>
		<difficult>0</difficult>
		<occluded>0</occluded>
		<bndbox>
			<xmin>294</xmin>
			<xmax>298</xmax>
			<ymin>288</ymin>
			<ymax>305</ymax>
		</bndbox>
	</object>
	<object>
		<name>0</name>
		<pose>Unspecified</pose>
		<truncated>0</truncated>
		<difficult>0</difficult>
		<occluded>0</occluded>
		<bndbox>
			<xmin>271</xmin>
			<xmax>295</xmax>
			<ymin>149</ymin>
			<ymax>279</ymax>
		</bndbox>
	</object>
</annotation>
