<annotation>
	<folder></folder>
	<filename>0000001162-1-Image_jpeg.rf.49e64c7ab884da098d8c8279f9cd17b2.jpg</filename>
	<path>0000001162-1-Image_jpeg.rf.49e64c7ab884da098d8c8279f9cd17b2.jpg</path>
	<source>
		<database>roboflow.ai</database>
	</source>
	<size>
		<width>600</width>
		<height>600</height>
		<depth>3</depth>
	</size>
	<segmented>0</segmented>
	<object>
		<name>0</name>
		<pose>Unspecified</pose>
		<truncated>0</truncated>
		<difficult>0</difficult>
		<occluded>0</occluded>
		<bndbox>
			<xmin>295</xmin>
			<xmax>299</xmax>
			<ymin>247</ymin>
			<ymax>264</ymax>
		</bndbox>
	</object>
	<object>
		<name>0</name>
		<pose>Unspecified</pose>
		<truncated>0</truncated>
		<difficult>0</difficult>
		<occluded>0</occluded>
		<bndbox>
			<xmin>298</xmin>
			<xmax>324</xmax>
			<ymin>123</ymin>
			<ymax>245</ymax>
		</bndbox>
	</object>
</annotation>
