<annotation>
	<folder></folder>
	<filename>0000000068-1-Image_jpeg.rf.673b13f93515ee30bc2cac43ead7e760.jpg</filename>
	<path>0000000068-1-Image_jpeg.rf.673b13f93515ee30bc2cac43ead7e760.jpg</path>
	<source>
		<database>roboflow.ai</database>
	</source>
	<size>
		<width>600</width>
		<height>600</height>
		<depth>3</depth>
	</size>
	<segmented>0</segmented>
	<object>
		<name>0</name>
		<pose>Unspecified</pose>
		<truncated>0</truncated>
		<difficult>0</difficult>
		<occluded>0</occluded>
		<bndbox>
			<xmin>265</xmin>
			<xmax>269</xmax>
			<ymin>266</ymin>
			<ymax>283</ymax>
		</bndbox>
	</object>
	<object>
		<name>0</name>
		<pose>Unspecified</pose>
		<truncated>0</truncated>
		<difficult>0</difficult>
		<occluded>0</occluded>
		<bndbox>
			<xmin>264</xmin>
			<xmax>268</xmax>
			<ymin>131</ymin>
			<ymax>249</ymax>
		</bndbox>
	</object>
</annotation>
