<annotation>
	<folder></folder>
	<filename>0000000300-1-Image_jpeg.rf.5b03bd1b290df8af10b34d4be3ad91d3.jpg</filename>
	<path>0000000300-1-Image_jpeg.rf.5b03bd1b290df8af10b34d4be3ad91d3.jpg</path>
	<source>
		<database>roboflow.ai</database>
	</source>
	<size>
		<width>600</width>
		<height>600</height>
		<depth>3</depth>
	</size>
	<segmented>0</segmented>
	<object>
		<name>0</name>
		<pose>Unspecified</pose>
		<truncated>0</truncated>
		<difficult>0</difficult>
		<occluded>0</occluded>
		<bndbox>
			<xmin>301</xmin>
			<xmax>307</xmax>
			<ymin>286</ymin>
			<ymax>303</ymax>
		</bndbox>
	</object>
	<object>
		<name>0</name>
		<pose>Unspecified</pose>
		<truncated>0</truncated>
		<difficult>0</difficult>
		<occluded>0</occluded>
		<bndbox>
			<xmin>305</xmin>
			<xmax>322</xmax>
			<ymin>153</ymin>
			<ymax>278</ymax>
		</bndbox>
	</object>
</annotation>
