<annotation>
	<folder></folder>
	<filename>0000000032-1-Image_jpeg.rf.b4ddc016529bca0e3051c966a2b665dc.jpg</filename>
	<path>0000000032-1-Image_jpeg.rf.b4ddc016529bca0e3051c966a2b665dc.jpg</path>
	<source>
		<database>roboflow.ai</database>
	</source>
	<size>
		<width>600</width>
		<height>600</height>
		<depth>3</depth>
	</size>
	<segmented>0</segmented>
	<object>
		<name>0</name>
		<pose>Unspecified</pose>
		<truncated>0</truncated>
		<difficult>0</difficult>
		<occluded>0</occluded>
		<bndbox>
			<xmin>271</xmin>
			<xmax>275</xmax>
			<ymin>296</ymin>
			<ymax>315</ymax>
		</bndbox>
	</object>
	<object>
		<name>0</name>
		<pose>Unspecified</pose>
		<truncated>0</truncated>
		<difficult>0</difficult>
		<occluded>0</occluded>
		<bndbox>
			<xmin>265</xmin>
			<xmax>275</xmax>
			<ymin>168</ymin>
			<ymax>293</ymax>
		</bndbox>
	</object>
</annotation>
