<annotation>
	<folder></folder>
	<filename>0000001024-1-Image-11-53-45-AM_jpeg.rf.8097a69c6c85ec0583933e24d82169e6.jpg</filename>
	<path>0000001024-1-Image-11-53-45-AM_jpeg.rf.8097a69c6c85ec0583933e24d82169e6.jpg</path>
	<source>
		<database>roboflow.ai</database>
	</source>
	<size>
		<width>600</width>
		<height>600</height>
		<depth>3</depth>
	</size>
	<segmented>0</segmented>
	<object>
		<name>0</name>
		<pose>Unspecified</pose>
		<truncated>0</truncated>
		<difficult>0</difficult>
		<occluded>0</occluded>
		<bndbox>
			<xmin>256</xmin>
			<xmax>262</xmax>
			<ymin>282</ymin>
			<ymax>299</ymax>
		</bndbox>
	</object>
	<object>
		<name>0</name>
		<pose>Unspecified</pose>
		<truncated>0</truncated>
		<difficult>0</difficult>
		<occluded>0</occluded>
		<bndbox>
			<xmin>260</xmin>
			<xmax>280</xmax>
			<ymin>144</ymin>
			<ymax>253</ymax>
		</bndbox>
	</object>
</annotation>
