<annotation>
	<folder></folder>
	<filename>0000000447-1-Image_jpeg.rf.c9da752744688e061962a13bc891afaa.jpg</filename>
	<path>0000000447-1-Image_jpeg.rf.c9da752744688e061962a13bc891afaa.jpg</path>
	<source>
		<database>roboflow.ai</database>
	</source>
	<size>
		<width>600</width>
		<height>600</height>
		<depth>3</depth>
	</size>
	<segmented>0</segmented>
	<object>
		<name>0</name>
		<pose>Unspecified</pose>
		<truncated>0</truncated>
		<difficult>0</difficult>
		<occluded>0</occluded>
		<bndbox>
			<xmin>299</xmin>
			<xmax>303</xmax>
			<ymin>301</ymin>
			<ymax>318</ymax>
		</bndbox>
	</object>
	<object>
		<name>0</name>
		<pose>Unspecified</pose>
		<truncated>0</truncated>
		<difficult>0</difficult>
		<occluded>0</occluded>
		<bndbox>
			<xmin>269</xmin>
			<xmax>301</xmax>
			<ymin>164</ymin>
			<ymax>299</ymax>
		</bndbox>
	</object>
</annotation>
