<annotation>
	<folder></folder>
	<filename>0000000630-1-Image_jpeg.rf.278b5da38b8cf091070ba248681d34ab.jpg</filename>
	<path>0000000630-1-Image_jpeg.rf.278b5da38b8cf091070ba248681d34ab.jpg</path>
	<source>
		<database>roboflow.ai</database>
	</source>
	<size>
		<width>600</width>
		<height>600</height>
		<depth>3</depth>
	</size>
	<segmented>0</segmented>
	<object>
		<name>0</name>
		<pose>Unspecified</pose>
		<truncated>0</truncated>
		<difficult>0</difficult>
		<occluded>0</occluded>
		<bndbox>
			<xmin>245</xmin>
			<xmax>250</xmax>
			<ymin>268</ymin>
			<ymax>283</ymax>
		</bndbox>
	</object>
	<object>
		<name>0</name>
		<pose>Unspecified</pose>
		<truncated>0</truncated>
		<difficult>0</difficult>
		<occluded>0</occluded>
		<bndbox>
			<xmin>219</xmin>
			<xmax>247</xmax>
			<ymin>136</ymin>
			<ymax>264</ymax>
		</bndbox>
	</object>
</annotation>
