<annotation>
	<folder></folder>
	<filename>0000001354-1-Image_jpeg.rf.ce3052e9b641ca7c13a43958409831c9.jpg</filename>
	<path>0000001354-1-Image_jpeg.rf.ce3052e9b641ca7c13a43958409831c9.jpg</path>
	<source>
		<database>roboflow.ai</database>
	</source>
	<size>
		<width>600</width>
		<height>600</height>
		<depth>3</depth>
	</size>
	<segmented>0</segmented>
	<object>
		<name>0</name>
		<pose>Unspecified</pose>
		<truncated>0</truncated>
		<difficult>0</difficult>
		<occluded>0</occluded>
		<bndbox>
			<xmin>393</xmin>
			<xmax>397</xmax>
			<ymin>299</ymin>
			<ymax>316</ymax>
		</bndbox>
	</object>
	<object>
		<name>0</name>
		<pose>Unspecified</pose>
		<truncated>0</truncated>
		<difficult>0</difficult>
		<occluded>0</occluded>
		<bndbox>
			<xmin>397</xmin>
			<xmax>410</xmax>
			<ymin>174</ymin>
			<ymax>247</ymax>
		</bndbox>
	</object>
</annotation>
