<annotation>
	<folder></folder>
	<filename>0000000693-1-Image_jpeg.rf.e372c5793284e4312d9e59bf8c466510.jpg</filename>
	<path>0000000693-1-Image_jpeg.rf.e372c5793284e4312d9e59bf8c466510.jpg</path>
	<source>
		<database>roboflow.ai</database>
	</source>
	<size>
		<width>600</width>
		<height>600</height>
		<depth>3</depth>
	</size>
	<segmented>0</segmented>
	<object>
		<name>0</name>
		<pose>Unspecified</pose>
		<truncated>0</truncated>
		<difficult>0</difficult>
		<occluded>0</occluded>
		<bndbox>
			<xmin>277</xmin>
			<xmax>281</xmax>
			<ymin>320</ymin>
			<ymax>339</ymax>
		</bndbox>
	</object>
	<object>
		<name>0</name>
		<pose>Unspecified</pose>
		<truncated>0</truncated>
		<difficult>0</difficult>
		<occluded>0</occluded>
		<bndbox>
			<xmin>288</xmin>
			<xmax>293</xmax>
			<ymin>243</ymin>
			<ymax>263</ymax>
		</bndbox>
	</object>
</annotation>
