<annotation>
	<folder></folder>
	<filename>0000000082-1-Image_jpeg.rf.ea005d983b95112f2d2ebc4d52b2a554.jpg</filename>
	<path>0000000082-1-Image_jpeg.rf.ea005d983b95112f2d2ebc4d52b2a554.jpg</path>
	<source>
		<database>roboflow.ai</database>
	</source>
	<size>
		<width>600</width>
		<height>600</height>
		<depth>3</depth>
	</size>
	<segmented>0</segmented>
	<object>
		<name>0</name>
		<pose>Unspecified</pose>
		<truncated>0</truncated>
		<difficult>0</difficult>
		<occluded>0</occluded>
		<bndbox>
			<xmin>305</xmin>
			<xmax>309</xmax>
			<ymin>301</ymin>
			<ymax>320</ymax>
		</bndbox>
	</object>
	<object>
		<name>0</name>
		<pose>Unspecified</pose>
		<truncated>0</truncated>
		<difficult>0</difficult>
		<occluded>0</occluded>
		<bndbox>
			<xmin>271</xmin>
			<xmax>307</xmax>
			<ymin>166</ymin>
			<ymax>299</ymax>
		</bndbox>
	</object>
</annotation>
