<annotation>
	<folder></folder>
	<filename>0000000243-1-Image_jpeg.rf.b36d5973474d2ed09f5f64fa6a42f535.jpg</filename>
	<path>0000000243-1-Image_jpeg.rf.b36d5973474d2ed09f5f64fa6a42f535.jpg</path>
	<source>
		<database>roboflow.ai</database>
	</source>
	<size>
		<width>600</width>
		<height>600</height>
		<depth>3</depth>
	</size>
	<segmented>0</segmented>
	<object>
		<name>0</name>
		<pose>Unspecified</pose>
		<truncated>0</truncated>
		<difficult>0</difficult>
		<occluded>0</occluded>
		<bndbox>
			<xmin>297</xmin>
			<xmax>303</xmax>
			<ymin>318</ymin>
			<ymax>335</ymax>
		</bndbox>
	</object>
	<object>
		<name>0</name>
		<pose>Unspecified</pose>
		<truncated>0</truncated>
		<difficult>0</difficult>
		<occluded>0</occluded>
		<bndbox>
			<xmin>301</xmin>
			<xmax>335</xmax>
			<ymin>181</ymin>
			<ymax>309</ymax>
		</bndbox>
	</object>
</annotation>
