<annotation>
	<folder></folder>
	<filename>0000000130-1-Image_jpeg.rf.3aaf445e3e0dd1a92998fe0306a017eb.jpg</filename>
	<path>0000000130-1-Image_jpeg.rf.3aaf445e3e0dd1a92998fe0306a017eb.jpg</path>
	<source>
		<database>roboflow.ai</database>
	</source>
	<size>
		<width>600</width>
		<height>600</height>
		<depth>3</depth>
	</size>
	<segmented>0</segmented>
	<object>
		<name>0</name>
		<pose>Unspecified</pose>
		<truncated>0</truncated>
		<difficult>0</difficult>
		<occluded>0</occluded>
		<bndbox>
			<xmin>252</xmin>
			<xmax>256</xmax>
			<ymin>329</ymin>
			<ymax>346</ymax>
		</bndbox>
	</object>
	<object>
		<name>0</name>
		<pose>Unspecified</pose>
		<truncated>0</truncated>
		<difficult>0</difficult>
		<occluded>0</occluded>
		<bndbox>
			<xmin>234</xmin>
			<xmax>247</xmax>
			<ymin>224</ymin>
			<ymax>271</ymax>
		</bndbox>
	</object>
</annotation>
