<annotation>
	<folder></folder>
	<filename>0000000244-1-Image_jpeg.rf.af2e6f3d0ef558440f6b21461551ae25.jpg</filename>
	<path>0000000244-1-Image_jpeg.rf.af2e6f3d0ef558440f6b21461551ae25.jpg</path>
	<source>
		<database>roboflow.ai</database>
	</source>
	<size>
		<width>600</width>
		<height>600</height>
		<depth>3</depth>
	</size>
	<segmented>0</segmented>
	<object>
		<name>0</name>
		<pose>Unspecified</pose>
		<truncated>0</truncated>
		<difficult>0</difficult>
		<occluded>0</occluded>
		<bndbox>
			<xmin>307</xmin>
			<xmax>312</xmax>
			<ymin>341</ymin>
			<ymax>358</ymax>
		</bndbox>
	</object>
</annotation>
