<annotation>
	<folder></folder>
	<filename>0000000318-1-Image_jpeg.rf.0d21080688f2bc0a30a469762e52168a.jpg</filename>
	<path>0000000318-1-Image_jpeg.rf.0d21080688f2bc0a30a469762e52168a.jpg</path>
	<source>
		<database>roboflow.ai</database>
	</source>
	<size>
		<width>600</width>
		<height>600</height>
		<depth>3</depth>
	</size>
	<segmented>0</segmented>
	<object>
		<name>0</name>
		<pose>Unspecified</pose>
		<truncated>0</truncated>
		<difficult>0</difficult>
		<occluded>0</occluded>
		<bndbox>
			<xmin>333</xmin>
			<xmax>337</xmax>
			<ymin>277</ymin>
			<ymax>296</ymax>
		</bndbox>
	</object>
	<object>
		<name>0</name>
		<pose>Unspecified</pose>
		<truncated>0</truncated>
		<difficult>0</difficult>
		<occluded>0</occluded>
		<bndbox>
			<xmin>335</xmin>
			<xmax>370</xmax>
			<ymin>149</ymin>
			<ymax>275</ymax>
		</bndbox>
	</object>
</annotation>
