<annotation>
	<folder></folder>
	<filename>0000000131-1-Image_jpeg.rf.f04a292065122fba47d2dda6094100d0.jpg</filename>
	<path>0000000131-1-Image_jpeg.rf.f04a292065122fba47d2dda6094100d0.jpg</path>
	<source>
		<database>roboflow.ai</database>
	</source>
	<size>
		<width>600</width>
		<height>600</height>
		<depth>3</depth>
	</size>
	<segmented>0</segmented>
	<object>
		<name>0</name>
		<pose>Unspecified</pose>
		<truncated>0</truncated>
		<difficult>0</difficult>
		<occluded>0</occluded>
		<bndbox>
			<xmin>254</xmin>
			<xmax>260</xmax>
			<ymin>269</ymin>
			<ymax>286</ymax>
		</bndbox>
	</object>
	<object>
		<name>0</name>
		<pose>Unspecified</pose>
		<truncated>0</truncated>
		<difficult>0</difficult>
		<occluded>0</occluded>
		<bndbox>
			<xmin>222</xmin>
			<xmax>258</xmax>
			<ymin>142</ymin>
			<ymax>267</ymax>
		</bndbox>
	</object>
</annotation>
