<annotation>
	<folder></folder>
	<filename>0000000729-1-Image_jpeg.rf.3b8a522c29cd3e27bf50d5b0f975b7c3.jpg</filename>
	<path>0000000729-1-Image_jpeg.rf.3b8a522c29cd3e27bf50d5b0f975b7c3.jpg</path>
	<source>
		<database>roboflow.ai</database>
	</source>
	<size>
		<width>600</width>
		<height>600</height>
		<depth>3</depth>
	</size>
	<segmented>0</segmented>
	<object>
		<name>0</name>
		<pose>Unspecified</pose>
		<truncated>0</truncated>
		<difficult>0</difficult>
		<occluded>0</occluded>
		<bndbox>
			<xmin>346</xmin>
			<xmax>350</xmax>
			<ymin>239</ymin>
			<ymax>258</ymax>
		</bndbox>
	</object>
	<object>
		<name>0</name>
		<pose>Unspecified</pose>
		<truncated>0</truncated>
		<difficult>0</difficult>
		<occluded>0</occluded>
		<bndbox>
			<xmin>350</xmin>
			<xmax>372</xmax>
			<ymin>123</ymin>
			<ymax>232</ymax>
		</bndbox>
	</object>
</annotation>
