<annotation>
	<folder></folder>
	<filename>0000000748-1-Image_jpeg.rf.8a1703095ce4b24c408688569fe645f9.jpg</filename>
	<path>0000000748-1-Image_jpeg.rf.8a1703095ce4b24c408688569fe645f9.jpg</path>
	<source>
		<database>roboflow.ai</database>
	</source>
	<size>
		<width>600</width>
		<height>600</height>
		<depth>3</depth>
	</size>
	<segmented>0</segmented>
	<object>
		<name>0</name>
		<pose>Unspecified</pose>
		<truncated>0</truncated>
		<difficult>0</difficult>
		<occluded>0</occluded>
		<bndbox>
			<xmin>297</xmin>
			<xmax>303</xmax>
			<ymin>281</ymin>
			<ymax>298</ymax>
		</bndbox>
	</object>
	<object>
		<name>0</name>
		<pose>Unspecified</pose>
		<truncated>0</truncated>
		<difficult>0</difficult>
		<occluded>0</occluded>
		<bndbox>
			<xmin>271</xmin>
			<xmax>299</xmax>
			<ymin>142</ymin>
			<ymax>271</ymax>
		</bndbox>
	</object>
</annotation>
