<annotation>
	<folder></folder>
	<filename>0000000657-1-Image_jpeg.rf.dfffcb52b9c8e9a0a4f53cec8d7cd9ba.jpg</filename>
	<path>0000000657-1-Image_jpeg.rf.dfffcb52b9c8e9a0a4f53cec8d7cd9ba.jpg</path>
	<source>
		<database>roboflow.ai</database>
	</source>
	<size>
		<width>600</width>
		<height>600</height>
		<depth>3</depth>
	</size>
	<segmented>0</segmented>
	<object>
		<name>0</name>
		<pose>Unspecified</pose>
		<truncated>0</truncated>
		<difficult>0</difficult>
		<occluded>0</occluded>
		<bndbox>
			<xmin>335</xmin>
			<xmax>339</xmax>
			<ymin>367</ymin>
			<ymax>384</ymax>
		</bndbox>
	</object>
</annotation>
