<annotation>
	<folder></folder>
	<filename>0000001342-1-Image-11-53-49-AM_jpeg.rf.6d49967b96b4d7dd88f6deb0c01d7415.jpg</filename>
	<path>0000001342-1-Image-11-53-49-AM_jpeg.rf.6d49967b96b4d7dd88f6deb0c01d7415.jpg</path>
	<source>
		<database>roboflow.ai</database>
	</source>
	<size>
		<width>600</width>
		<height>600</height>
		<depth>3</depth>
	</size>
	<segmented>0</segmented>
	<object>
		<name>0</name>
		<pose>Unspecified</pose>
		<truncated>0</truncated>
		<difficult>0</difficult>
		<occluded>0</occluded>
		<bndbox>
			<xmin>310</xmin>
			<xmax>314</xmax>
			<ymin>301</ymin>
			<ymax>318</ymax>
		</bndbox>
	</object>
	<object>
		<name>0</name>
		<pose>Unspecified</pose>
		<truncated>0</truncated>
		<difficult>0</difficult>
		<occluded>0</occluded>
		<bndbox>
			<xmin>307</xmin>
			<xmax>314</xmax>
			<ymin>159</ymin>
			<ymax>299</ymax>
		</bndbox>
	</object>
</annotation>
