<annotation>
	<folder></folder>
	<filename>0000000412-1-Image_jpeg.rf.62e29b64aea520038912b45449e4601f.jpg</filename>
	<path>0000000412-1-Image_jpeg.rf.62e29b64aea520038912b45449e4601f.jpg</path>
	<source>
		<database>roboflow.ai</database>
	</source>
	<size>
		<width>600</width>
		<height>600</height>
		<depth>3</depth>
	</size>
	<segmented>0</segmented>
	<object>
		<name>0</name>
		<pose>Unspecified</pose>
		<truncated>0</truncated>
		<difficult>0</difficult>
		<occluded>0</occluded>
		<bndbox>
			<xmin>322</xmin>
			<xmax>326</xmax>
			<ymin>277</ymin>
			<ymax>296</ymax>
		</bndbox>
	</object>
	<object>
		<name>0</name>
		<pose>Unspecified</pose>
		<truncated>0</truncated>
		<difficult>0</difficult>
		<occluded>0</occluded>
		<bndbox>
			<xmin>322</xmin>
			<xmax>327</xmax>
			<ymin>198</ymin>
			<ymax>273</ymax>
		</bndbox>
	</object>
</annotation>
