<annotation>
	<folder></folder>
	<filename>0000000056-1-Image_jpeg.rf.fdea7b2168530b6325ea539331c819b4.jpg</filename>
	<path>0000000056-1-Image_jpeg.rf.fdea7b2168530b6325ea539331c819b4.jpg</path>
	<source>
		<database>roboflow.ai</database>
	</source>
	<size>
		<width>600</width>
		<height>600</height>
		<depth>3</depth>
	</size>
	<segmented>0</segmented>
	<object>
		<name>0</name>
		<pose>Unspecified</pose>
		<truncated>0</truncated>
		<difficult>0</difficult>
		<occluded>0</occluded>
		<bndbox>
			<xmin>295</xmin>
			<xmax>299</xmax>
			<ymin>380</ymin>
			<ymax>399</ymax>
		</bndbox>
	</object>
	<object>
		<name>0</name>
		<pose>Unspecified</pose>
		<truncated>0</truncated>
		<difficult>0</difficult>
		<occluded>0</occluded>
		<bndbox>
			<xmin>301</xmin>
			<xmax>323</xmax>
			<ymin>256</ymin>
			<ymax>365</ymax>
		</bndbox>
	</object>
</annotation>
