<annotation>
	<folder></folder>
	<filename>0000000801-1-Image_jpeg.rf.4de4c535a7cd3be1658406fe65f89010.jpg</filename>
	<path>0000000801-1-Image_jpeg.rf.4de4c535a7cd3be1658406fe65f89010.jpg</path>
	<source>
		<database>roboflow.ai</database>
	</source>
	<size>
		<width>600</width>
		<height>600</height>
		<depth>3</depth>
	</size>
	<segmented>0</segmented>
	<object>
		<name>0</name>
		<pose>Unspecified</pose>
		<truncated>0</truncated>
		<difficult>0</difficult>
		<occluded>0</occluded>
		<bndbox>
			<xmin>260</xmin>
			<xmax>265</xmax>
			<ymin>236</ymin>
			<ymax>253</ymax>
		</bndbox>
	</object>
	<object>
		<name>0</name>
		<pose>Unspecified</pose>
		<truncated>0</truncated>
		<difficult>0</difficult>
		<occluded>0</occluded>
		<bndbox>
			<xmin>262</xmin>
			<xmax>273</xmax>
			<ymin>93</ymin>
			<ymax>233</ymax>
		</bndbox>
	</object>
</annotation>
