<annotation>
	<folder></folder>
	<filename>0000001177-1-Image_jpeg.rf.fe5e6c7c6ee55a13843bfdb24a675f2f.jpg</filename>
	<path>0000001177-1-Image_jpeg.rf.fe5e6c7c6ee55a13843bfdb24a675f2f.jpg</path>
	<source>
		<database>roboflow.ai</database>
	</source>
	<size>
		<width>600</width>
		<height>600</height>
		<depth>3</depth>
	</size>
	<segmented>0</segmented>
	<object>
		<name>0</name>
		<pose>Unspecified</pose>
		<truncated>0</truncated>
		<difficult>0</difficult>
		<occluded>0</occluded>
		<bndbox>
			<xmin>159</xmin>
			<xmax>163</xmax>
			<ymin>303</ymin>
			<ymax>322</ymax>
		</bndbox>
	</object>
</annotation>
