<annotation>
	<folder></folder>
	<filename>0000001166-1-Image-11-53-47-AM_jpeg.rf.adae6db8f39894da144cf78956afe9be.jpg</filename>
	<path>0000001166-1-Image-11-53-47-AM_jpeg.rf.adae6db8f39894da144cf78956afe9be.jpg</path>
	<source>
		<database>roboflow.ai</database>
	</source>
	<size>
		<width>600</width>
		<height>600</height>
		<depth>3</depth>
	</size>
	<segmented>0</segmented>
	<object>
		<name>0</name>
		<pose>Unspecified</pose>
		<truncated>0</truncated>
		<difficult>0</difficult>
		<occluded>0</occluded>
		<bndbox>
			<xmin>226</xmin>
			<xmax>232</xmax>
			<ymin>369</ymin>
			<ymax>386</ymax>
		</bndbox>
	</object>
</annotation>
