<annotation>
	<folder></folder>
	<filename>0000000234-1-Image_jpeg.rf.bc2ba8eb793952738f321c3c226d6bb7.jpg</filename>
	<path>0000000234-1-Image_jpeg.rf.bc2ba8eb793952738f321c3c226d6bb7.jpg</path>
	<source>
		<database>roboflow.ai</database>
	</source>
	<size>
		<width>600</width>
		<height>600</height>
		<depth>3</depth>
	</size>
	<segmented>0</segmented>
	<object>
		<name>0</name>
		<pose>Unspecified</pose>
		<truncated>0</truncated>
		<difficult>0</difficult>
		<occluded>0</occluded>
		<bndbox>
			<xmin>284</xmin>
			<xmax>288</xmax>
			<ymin>264</ymin>
			<ymax>283</ymax>
		</bndbox>
	</object>
	<object>
		<name>0</name>
		<pose>Unspecified</pose>
		<truncated>0</truncated>
		<difficult>0</difficult>
		<occluded>0</occluded>
		<bndbox>
			<xmin>286</xmin>
			<xmax>325</xmax>
			<ymin>133</ymin>
			<ymax>264</ymax>
		</bndbox>
	</object>
</annotation>
