<annotation>
	<folder></folder>
	<filename>0000001036-1-Image_jpeg.rf.b8837c7dca024e36646183e0f5f27dcd.jpg</filename>
	<path>0000001036-1-Image_jpeg.rf.b8837c7dca024e36646183e0f5f27dcd.jpg</path>
	<source>
		<database>roboflow.ai</database>
	</source>
	<size>
		<width>600</width>
		<height>600</height>
		<depth>3</depth>
	</size>
	<segmented>0</segmented>
	<object>
		<name>0</name>
		<pose>Unspecified</pose>
		<truncated>0</truncated>
		<difficult>0</difficult>
		<occluded>0</occluded>
		<bndbox>
			<xmin>327</xmin>
			<xmax>331</xmax>
			<ymin>247</ymin>
			<ymax>266</ymax>
		</bndbox>
	</object>
	<object>
		<name>0</name>
		<pose>Unspecified</pose>
		<truncated>0</truncated>
		<difficult>0</difficult>
		<occluded>0</occluded>
		<bndbox>
			<xmin>329</xmin>
			<xmax>335</xmax>
			<ymin>163</ymin>
			<ymax>238</ymax>
		</bndbox>
	</object>
</annotation>
