<annotation>
	<folder></folder>
	<filename>0000000134-1-Image_jpeg.rf.154123618b8ecbb8108e3b8444c11357.jpg</filename>
	<path>0000000134-1-Image_jpeg.rf.154123618b8ecbb8108e3b8444c11357.jpg</path>
	<source>
		<database>roboflow.ai</database>
	</source>
	<size>
		<width>600</width>
		<height>600</height>
		<depth>3</depth>
	</size>
	<segmented>0</segmented>
	<object>
		<name>0</name>
		<pose>Unspecified</pose>
		<truncated>0</truncated>
		<difficult>0</difficult>
		<occluded>0</occluded>
		<bndbox>
			<xmin>314</xmin>
			<xmax>318</xmax>
			<ymin>273</ymin>
			<ymax>292</ymax>
		</bndbox>
	</object>
</annotation>
