<annotation>
	<folder></folder>
	<filename>0000000881-1-Image_jpeg.rf.f1f992d51f3c454597c58ace30a02bb5.jpg</filename>
	<path>0000000881-1-Image_jpeg.rf.f1f992d51f3c454597c58ace30a02bb5.jpg</path>
	<source>
		<database>roboflow.ai</database>
	</source>
	<size>
		<width>600</width>
		<height>600</height>
		<depth>3</depth>
	</size>
	<segmented>0</segmented>
	<object>
		<name>0</name>
		<pose>Unspecified</pose>
		<truncated>0</truncated>
		<difficult>0</difficult>
		<occluded>0</occluded>
		<bndbox>
			<xmin>286</xmin>
			<xmax>290</xmax>
			<ymin>266</ymin>
			<ymax>285</ymax>
		</bndbox>
	</object>
	<object>
		<name>0</name>
		<pose>Unspecified</pose>
		<truncated>0</truncated>
		<difficult>0</difficult>
		<occluded>0</occluded>
		<bndbox>
			<xmin>254</xmin>
			<xmax>288</xmax>
			<ymin>129</ymin>
			<ymax>264</ymax>
		</bndbox>
	</object>
</annotation>
