<annotation>
	<folder></folder>
	<filename>0000000599-1-Image_jpeg.rf.62be34caf93f0ec579a960a19add78fb.jpg</filename>
	<path>0000000599-1-Image_jpeg.rf.62be34caf93f0ec579a960a19add78fb.jpg</path>
	<source>
		<database>roboflow.ai</database>
	</source>
	<size>
		<width>600</width>
		<height>600</height>
		<depth>3</depth>
	</size>
	<segmented>0</segmented>
	<object>
		<name>0</name>
		<pose>Unspecified</pose>
		<truncated>0</truncated>
		<difficult>0</difficult>
		<occluded>0</occluded>
		<bndbox>
			<xmin>299</xmin>
			<xmax>303</xmax>
			<ymin>290</ymin>
			<ymax>307</ymax>
		</bndbox>
	</object>
	<object>
		<name>0</name>
		<pose>Unspecified</pose>
		<truncated>0</truncated>
		<difficult>0</difficult>
		<occluded>0</occluded>
		<bndbox>
			<xmin>290</xmin>
			<xmax>301</xmax>
			<ymin>157</ymin>
			<ymax>281</ymax>
		</bndbox>
	</object>
</annotation>
