<annotation>
	<folder></folder>
	<filename>0000000794-1-Image_jpeg.rf.25fe57537f47021e47f06639e557cd0b.jpg</filename>
	<path>0000000794-1-Image_jpeg.rf.25fe57537f47021e47f06639e557cd0b.jpg</path>
	<source>
		<database>roboflow.ai</database>
	</source>
	<size>
		<width>600</width>
		<height>600</height>
		<depth>3</depth>
	</size>
	<segmented>0</segmented>
	<object>
		<name>0</name>
		<pose>Unspecified</pose>
		<truncated>0</truncated>
		<difficult>0</difficult>
		<occluded>0</occluded>
		<bndbox>
			<xmin>297</xmin>
			<xmax>303</xmax>
			<ymin>288</ymin>
			<ymax>305</ymax>
		</bndbox>
	</object>
	<object>
		<name>0</name>
		<pose>Unspecified</pose>
		<truncated>0</truncated>
		<difficult>0</difficult>
		<occluded>0</occluded>
		<bndbox>
			<xmin>267</xmin>
			<xmax>299</xmax>
			<ymin>151</ymin>
			<ymax>284</ymax>
		</bndbox>
	</object>
</annotation>
