<annotation>
	<folder></folder>
	<filename>0000001264-1-Image-11-53-48-AM_jpeg.rf.3844f4d1a50abf42c7491a4e54256f0b.jpg</filename>
	<path>0000001264-1-Image-11-53-48-AM_jpeg.rf.3844f4d1a50abf42c7491a4e54256f0b.jpg</path>
	<source>
		<database>roboflow.ai</database>
	</source>
	<size>
		<width>600</width>
		<height>600</height>
		<depth>3</depth>
	</size>
	<segmented>0</segmented>
	<object>
		<name>0</name>
		<pose>Unspecified</pose>
		<truncated>0</truncated>
		<difficult>0</difficult>
		<occluded>0</occluded>
		<bndbox>
			<xmin>307</xmin>
			<xmax>312</xmax>
			<ymin>294</ymin>
			<ymax>309</ymax>
		</bndbox>
	</object>
	<object>
		<name>0</name>
		<pose>Unspecified</pose>
		<truncated>0</truncated>
		<difficult>0</difficult>
		<occluded>0</occluded>
		<bndbox>
			<xmin>309</xmin>
			<xmax>313</xmax>
			<ymin>271</ymin>
			<ymax>290</ymax>
		</bndbox>
	</object>
</annotation>
