<annotation>
	<folder></folder>
	<filename>0000000217-1-Image_jpeg.rf.b6e387f57ae7351224f7184c581de203.jpg</filename>
	<path>0000000217-1-Image_jpeg.rf.b6e387f57ae7351224f7184c581de203.jpg</path>
	<source>
		<database>roboflow.ai</database>
	</source>
	<size>
		<width>600</width>
		<height>600</height>
		<depth>3</depth>
	</size>
	<segmented>0</segmented>
	<object>
		<name>0</name>
		<pose>Unspecified</pose>
		<truncated>0</truncated>
		<difficult>0</difficult>
		<occluded>0</occluded>
		<bndbox>
			<xmin>297</xmin>
			<xmax>303</xmax>
			<ymin>307</ymin>
			<ymax>322</ymax>
		</bndbox>
	</object>
	<object>
		<name>0</name>
		<pose>Unspecified</pose>
		<truncated>0</truncated>
		<difficult>0</difficult>
		<occluded>0</occluded>
		<bndbox>
			<xmin>295</xmin>
			<xmax>301</xmax>
			<ymin>228</ymin>
			<ymax>305</ymax>
		</bndbox>
	</object>
</annotation>
