<annotation>
	<folder></folder>
	<filename>0000000802-1-Image_jpeg.rf.8d98ba6a8373af271e0cfbf0a4b0ca86.jpg</filename>
	<path>0000000802-1-Image_jpeg.rf.8d98ba6a8373af271e0cfbf0a4b0ca86.jpg</path>
	<source>
		<database>roboflow.ai</database>
	</source>
	<size>
		<width>600</width>
		<height>600</height>
		<depth>3</depth>
	</size>
	<segmented>0</segmented>
	<object>
		<name>0</name>
		<pose>Unspecified</pose>
		<truncated>0</truncated>
		<difficult>0</difficult>
		<occluded>0</occluded>
		<bndbox>
			<xmin>301</xmin>
			<xmax>305</xmax>
			<ymin>282</ymin>
			<ymax>301</ymax>
		</bndbox>
	</object>
	<object>
		<name>0</name>
		<pose>Unspecified</pose>
		<truncated>0</truncated>
		<difficult>0</difficult>
		<occluded>0</occluded>
		<bndbox>
			<xmin>299</xmin>
			<xmax>303</xmax>
			<ymin>147</ymin>
			<ymax>273</ymax>
		</bndbox>
	</object>
</annotation>
