<annotation>
	<folder></folder>
	<filename>0000001138-1-Image_jpeg.rf.6b134db71dcb8307a80b27b0471d0659.jpg</filename>
	<path>0000001138-1-Image_jpeg.rf.6b134db71dcb8307a80b27b0471d0659.jpg</path>
	<source>
		<database>roboflow.ai</database>
	</source>
	<size>
		<width>600</width>
		<height>600</height>
		<depth>3</depth>
	</size>
	<segmented>0</segmented>
	<object>
		<name>0</name>
		<pose>Unspecified</pose>
		<truncated>0</truncated>
		<difficult>0</difficult>
		<occluded>0</occluded>
		<bndbox>
			<xmin>299</xmin>
			<xmax>305</xmax>
			<ymin>307</ymin>
			<ymax>324</ymax>
		</bndbox>
	</object>
	<object>
		<name>0</name>
		<pose>Unspecified</pose>
		<truncated>0</truncated>
		<difficult>0</difficult>
		<occluded>0</occluded>
		<bndbox>
			<xmin>301</xmin>
			<xmax>305</xmax>
			<ymin>236</ymin>
			<ymax>298</ymax>
		</bndbox>
	</object>
</annotation>
