<annotation>
	<folder></folder>
	<filename>0000001385-1-Image_jpeg.rf.95845ee840830e3e89c6eb738608b94f.jpg</filename>
	<path>0000001385-1-Image_jpeg.rf.95845ee840830e3e89c6eb738608b94f.jpg</path>
	<source>
		<database>roboflow.ai</database>
	</source>
	<size>
		<width>600</width>
		<height>600</height>
		<depth>3</depth>
	</size>
	<segmented>0</segmented>
	<object>
		<name>0</name>
		<pose>Unspecified</pose>
		<truncated>0</truncated>
		<difficult>0</difficult>
		<occluded>0</occluded>
		<bndbox>
			<xmin>292</xmin>
			<xmax>296</xmax>
			<ymin>266</ymin>
			<ymax>285</ymax>
		</bndbox>
	</object>
	<object>
		<name>0</name>
		<pose>Unspecified</pose>
		<truncated>0</truncated>
		<difficult>0</difficult>
		<occluded>0</occluded>
		<bndbox>
			<xmin>295</xmin>
			<xmax>333</xmax>
			<ymin>133</ymin>
			<ymax>264</ymax>
		</bndbox>
	</object>
</annotation>
