<annotation>
	<folder></folder>
	<filename>0000000749-1-Image_jpeg.rf.3dfd1cc951fa980ae65a2d21b6f281a8.jpg</filename>
	<path>0000000749-1-Image_jpeg.rf.3dfd1cc951fa980ae65a2d21b6f281a8.jpg</path>
	<source>
		<database>roboflow.ai</database>
	</source>
	<size>
		<width>600</width>
		<height>600</height>
		<depth>3</depth>
	</size>
	<segmented>0</segmented>
	<object>
		<name>0</name>
		<pose>Unspecified</pose>
		<truncated>0</truncated>
		<difficult>0</difficult>
		<occluded>0</occluded>
		<bndbox>
			<xmin>297</xmin>
			<xmax>301</xmax>
			<ymin>290</ymin>
			<ymax>309</ymax>
		</bndbox>
	</object>
	<object>
		<name>0</name>
		<pose>Unspecified</pose>
		<truncated>0</truncated>
		<difficult>0</difficult>
		<occluded>0</occluded>
		<bndbox>
			<xmin>284</xmin>
			<xmax>299</xmax>
			<ymin>150</ymin>
			<ymax>281</ymax>
		</bndbox>
	</object>
</annotation>
