<annotation>
	<folder></folder>
	<filename>0000000927-1-Image_jpeg.rf.7bd1a147dd03782f7bfca45fb3b8aab2.jpg</filename>
	<path>0000000927-1-Image_jpeg.rf.7bd1a147dd03782f7bfca45fb3b8aab2.jpg</path>
	<source>
		<database>roboflow.ai</database>
	</source>
	<size>
		<width>600</width>
		<height>600</height>
		<depth>3</depth>
	</size>
	<segmented>0</segmented>
	<object>
		<name>0</name>
		<pose>Unspecified</pose>
		<truncated>0</truncated>
		<difficult>0</difficult>
		<occluded>0</occluded>
		<bndbox>
			<xmin>297</xmin>
			<xmax>303</xmax>
			<ymin>301</ymin>
			<ymax>318</ymax>
		</bndbox>
	</object>
	<object>
		<name>0</name>
		<pose>Unspecified</pose>
		<truncated>0</truncated>
		<difficult>0</difficult>
		<occluded>0</occluded>
		<bndbox>
			<xmin>282</xmin>
			<xmax>301</xmax>
			<ymin>161</ymin>
			<ymax>300</ymax>
		</bndbox>
	</object>
</annotation>
