<annotation>
	<folder></folder>
	<filename>0000000518-1-Image_jpeg.rf.64d7cfb73e746196d9b8b8a115c91448.jpg</filename>
	<path>0000000518-1-Image_jpeg.rf.64d7cfb73e746196d9b8b8a115c91448.jpg</path>
	<source>
		<database>roboflow.ai</database>
	</source>
	<size>
		<width>600</width>
		<height>600</height>
		<depth>3</depth>
	</size>
	<segmented>0</segmented>
	<object>
		<name>0</name>
		<pose>Unspecified</pose>
		<truncated>0</truncated>
		<difficult>0</difficult>
		<occluded>0</occluded>
		<bndbox>
			<xmin>295</xmin>
			<xmax>301</xmax>
			<ymin>326</ymin>
			<ymax>343</ymax>
		</bndbox>
	</object>
</annotation>
