<annotation>
	<folder></folder>
	<filename>0000001189-1-Image_jpeg.rf.4ebcc3a7923e929eb4cc25f2f40267eb.jpg</filename>
	<path>0000001189-1-Image_jpeg.rf.4ebcc3a7923e929eb4cc25f2f40267eb.jpg</path>
	<source>
		<database>roboflow.ai</database>
	</source>
	<size>
		<width>600</width>
		<height>600</height>
		<depth>3</depth>
	</size>
	<segmented>0</segmented>
	<object>
		<name>0</name>
		<pose>Unspecified</pose>
		<truncated>0</truncated>
		<difficult>0</difficult>
		<occluded>0</occluded>
		<bndbox>
			<xmin>318</xmin>
			<xmax>322</xmax>
			<ymin>271</ymin>
			<ymax>288</ymax>
		</bndbox>
	</object>
	<object>
		<name>0</name>
		<pose>Unspecified</pose>
		<truncated>0</truncated>
		<difficult>0</difficult>
		<occluded>0</occluded>
		<bndbox>
			<xmin>280</xmin>
			<xmax>320</xmax>
			<ymin>136</ymin>
			<ymax>269</ymax>
		</bndbox>
	</object>
</annotation>
