<annotation>
	<folder></folder>
	<filename>0000000558-1-Image_jpeg.rf.3e17607ad6298e419e95b57d56bcd9e9.jpg</filename>
	<path>0000000558-1-Image_jpeg.rf.3e17607ad6298e419e95b57d56bcd9e9.jpg</path>
	<source>
		<database>roboflow.ai</database>
	</source>
	<size>
		<width>600</width>
		<height>600</height>
		<depth>3</depth>
	</size>
	<segmented>0</segmented>
	<object>
		<name>0</name>
		<pose>Unspecified</pose>
		<truncated>0</truncated>
		<difficult>0</difficult>
		<occluded>0</occluded>
		<bndbox>
			<xmin>322</xmin>
			<xmax>327</xmax>
			<ymin>211</ymin>
			<ymax>226</ymax>
		</bndbox>
	</object>
	<object>
		<name>0</name>
		<pose>Unspecified</pose>
		<truncated>0</truncated>
		<difficult>0</difficult>
		<occluded>0</occluded>
		<bndbox>
			<xmin>325</xmin>
			<xmax>350</xmax>
			<ymin>71</ymin>
			<ymax>210</ymax>
		</bndbox>
	</object>
</annotation>
