<annotation>
	<folder></folder>
	<filename>0000000273-1-Image_jpeg.rf.ebb842f21e7b929920cc1d09d88e76a9.jpg</filename>
	<path>0000000273-1-Image_jpeg.rf.ebb842f21e7b929920cc1d09d88e76a9.jpg</path>
	<source>
		<database>roboflow.ai</database>
	</source>
	<size>
		<width>600</width>
		<height>600</height>
		<depth>3</depth>
	</size>
	<segmented>0</segmented>
	<object>
		<name>0</name>
		<pose>Unspecified</pose>
		<truncated>0</truncated>
		<difficult>0</difficult>
		<occluded>0</occluded>
		<bndbox>
			<xmin>275</xmin>
			<xmax>279</xmax>
			<ymin>335</ymin>
			<ymax>354</ymax>
		</bndbox>
	</object>
	<object>
		<name>0</name>
		<pose>Unspecified</pose>
		<truncated>0</truncated>
		<difficult>0</difficult>
		<occluded>0</occluded>
		<bndbox>
			<xmin>277</xmin>
			<xmax>284</xmax>
			<ymin>192</ymin>
			<ymax>282</ymax>
		</bndbox>
	</object>
</annotation>
