<annotation>
	<folder></folder>
	<filename>0000000236-1-Image_jpeg.rf.c00da15fffa4354d3d285960715e21a7.jpg</filename>
	<path>0000000236-1-Image_jpeg.rf.c00da15fffa4354d3d285960715e21a7.jpg</path>
	<source>
		<database>roboflow.ai</database>
	</source>
	<size>
		<width>600</width>
		<height>600</height>
		<depth>3</depth>
	</size>
	<segmented>0</segmented>
	<object>
		<name>0</name>
		<pose>Unspecified</pose>
		<truncated>0</truncated>
		<difficult>0</difficult>
		<occluded>0</occluded>
		<bndbox>
			<xmin>284</xmin>
			<xmax>290</xmax>
			<ymin>296</ymin>
			<ymax>313</ymax>
		</bndbox>
	</object>
	<object>
		<name>0</name>
		<pose>Unspecified</pose>
		<truncated>0</truncated>
		<difficult>0</difficult>
		<occluded>0</occluded>
		<bndbox>
			<xmin>286</xmin>
			<xmax>307</xmax>
			<ymin>157</ymin>
			<ymax>279</ymax>
		</bndbox>
	</object>
</annotation>
