<annotation>
	<folder></folder>
	<filename>0000000986-1-Image_jpeg.rf.307b9b197c88aafa12df46a1eaac6e00.jpg</filename>
	<path>0000000986-1-Image_jpeg.rf.307b9b197c88aafa12df46a1eaac6e00.jpg</path>
	<source>
		<database>roboflow.ai</database>
	</source>
	<size>
		<width>600</width>
		<height>600</height>
		<depth>3</depth>
	</size>
	<segmented>0</segmented>
	<object>
		<name>0</name>
		<pose>Unspecified</pose>
		<truncated>0</truncated>
		<difficult>0</difficult>
		<occluded>0</occluded>
		<bndbox>
			<xmin>292</xmin>
			<xmax>296</xmax>
			<ymin>297</ymin>
			<ymax>316</ymax>
		</bndbox>
	</object>
	<object>
		<name>0</name>
		<pose>Unspecified</pose>
		<truncated>0</truncated>
		<difficult>0</difficult>
		<occluded>0</occluded>
		<bndbox>
			<xmin>294</xmin>
			<xmax>309</xmax>
			<ymin>163</ymin>
			<ymax>296</ymax>
		</bndbox>
	</object>
</annotation>
