<annotation>
	<folder></folder>
	<filename>0000000104-1-Image_jpeg.rf.65285e7793c60595a0926bb09ede3f6d.jpg</filename>
	<path>0000000104-1-Image_jpeg.rf.65285e7793c60595a0926bb09ede3f6d.jpg</path>
	<source>
		<database>roboflow.ai</database>
	</source>
	<size>
		<width>600</width>
		<height>600</height>
		<depth>3</depth>
	</size>
	<segmented>0</segmented>
	<object>
		<name>0</name>
		<pose>Unspecified</pose>
		<truncated>0</truncated>
		<difficult>0</difficult>
		<occluded>0</occluded>
		<bndbox>
			<xmin>277</xmin>
			<xmax>282</xmax>
			<ymin>286</ymin>
			<ymax>303</ymax>
		</bndbox>
	</object>
	<object>
		<name>0</name>
		<pose>Unspecified</pose>
		<truncated>0</truncated>
		<difficult>0</difficult>
		<occluded>0</occluded>
		<bndbox>
			<xmin>279</xmin>
			<xmax>311</xmax>
			<ymin>157</ymin>
			<ymax>282</ymax>
		</bndbox>
	</object>
</annotation>
