<annotation>
	<folder></folder>
	<filename>0000000625-1-Image_jpeg.rf.4f2943f4cadf4a1bc8afaedae6be92ab.jpg</filename>
	<path>0000000625-1-Image_jpeg.rf.4f2943f4cadf4a1bc8afaedae6be92ab.jpg</path>
	<source>
		<database>roboflow.ai</database>
	</source>
	<size>
		<width>600</width>
		<height>600</height>
		<depth>3</depth>
	</size>
	<segmented>0</segmented>
	<object>
		<name>0</name>
		<pose>Unspecified</pose>
		<truncated>0</truncated>
		<difficult>0</difficult>
		<occluded>0</occluded>
		<bndbox>
			<xmin>305</xmin>
			<xmax>309</xmax>
			<ymin>288</ymin>
			<ymax>305</ymax>
		</bndbox>
	</object>
	<object>
		<name>0</name>
		<pose>Unspecified</pose>
		<truncated>0</truncated>
		<difficult>0</difficult>
		<occluded>0</occluded>
		<bndbox>
			<xmin>303</xmin>
			<xmax>308</xmax>
			<ymin>155</ymin>
			<ymax>286</ymax>
		</bndbox>
	</object>
</annotation>
