<annotation>
	<folder></folder>
	<filename>0000000024-1-Image_jpeg.rf.91bb26fe778cd67c4b97b2804ba300ae.jpg</filename>
	<path>0000000024-1-Image_jpeg.rf.91bb26fe778cd67c4b97b2804ba300ae.jpg</path>
	<source>
		<database>roboflow.ai</database>
	</source>
	<size>
		<width>600</width>
		<height>600</height>
		<depth>3</depth>
	</size>
	<segmented>0</segmented>
	<object>
		<name>0</name>
		<pose>Unspecified</pose>
		<truncated>0</truncated>
		<difficult>0</difficult>
		<occluded>0</occluded>
		<bndbox>
			<xmin>228</xmin>
			<xmax>232</xmax>
			<ymin>322</ymin>
			<ymax>339</ymax>
		</bndbox>
	</object>
</annotation>
