<annotation>
	<folder></folder>
	<filename>0000000028-1-Image_jpeg.rf.1e93813e75ea2f391517f718189d4439.jpg</filename>
	<path>0000000028-1-Image_jpeg.rf.1e93813e75ea2f391517f718189d4439.jpg</path>
	<source>
		<database>roboflow.ai</database>
	</source>
	<size>
		<width>600</width>
		<height>600</height>
		<depth>3</depth>
	</size>
	<segmented>0</segmented>
	<object>
		<name>0</name>
		<pose>Unspecified</pose>
		<truncated>0</truncated>
		<difficult>0</difficult>
		<occluded>0</occluded>
		<bndbox>
			<xmin>269</xmin>
			<xmax>275</xmax>
			<ymin>277</ymin>
			<ymax>294</ymax>
		</bndbox>
	</object>
	<object>
		<name>0</name>
		<pose>Unspecified</pose>
		<truncated>0</truncated>
		<difficult>0</difficult>
		<occluded>0</occluded>
		<bndbox>
			<xmin>250</xmin>
			<xmax>271</xmax>
			<ymin>164</ymin>
			<ymax>273</ymax>
		</bndbox>
	</object>
</annotation>
