<annotation>
	<folder></folder>
	<filename>0000000114-1-Image_jpeg.rf.6873867476d2ef0f870b5bf881920eee.jpg</filename>
	<path>0000000114-1-Image_jpeg.rf.6873867476d2ef0f870b5bf881920eee.jpg</path>
	<source>
		<database>roboflow.ai</database>
	</source>
	<size>
		<width>600</width>
		<height>600</height>
		<depth>3</depth>
	</size>
	<segmented>0</segmented>
	<object>
		<name>0</name>
		<pose>Unspecified</pose>
		<truncated>0</truncated>
		<difficult>0</difficult>
		<occluded>0</occluded>
		<bndbox>
			<xmin>273</xmin>
			<xmax>277</xmax>
			<ymin>206</ymin>
			<ymax>225</ymax>
		</bndbox>
	</object>
	<object>
		<name>0</name>
		<pose>Unspecified</pose>
		<truncated>0</truncated>
		<difficult>0</difficult>
		<occluded>0</occluded>
		<bndbox>
			<xmin>245</xmin>
			<xmax>275</xmax>
			<ymin>70</ymin>
			<ymax>198</ymax>
		</bndbox>
	</object>
</annotation>
