<annotation>
	<folder></folder>
	<filename>0000000633-1-Image_jpeg.rf.360cdea4edc8cf5c3efec1fabb621dae.jpg</filename>
	<path>0000000633-1-Image_jpeg.rf.360cdea4edc8cf5c3efec1fabb621dae.jpg</path>
	<source>
		<database>roboflow.ai</database>
	</source>
	<size>
		<width>600</width>
		<height>600</height>
		<depth>3</depth>
	</size>
	<segmented>0</segmented>
	<object>
		<name>0</name>
		<pose>Unspecified</pose>
		<truncated>0</truncated>
		<difficult>0</difficult>
		<occluded>0</occluded>
		<bndbox>
			<xmin>234</xmin>
			<xmax>238</xmax>
			<ymin>277</ymin>
			<ymax>296</ymax>
		</bndbox>
	</object>
	<object>
		<name>0</name>
		<pose>Unspecified</pose>
		<truncated>0</truncated>
		<difficult>0</difficult>
		<occluded>0</occluded>
		<bndbox>
			<xmin>226</xmin>
			<xmax>235</xmax>
			<ymin>190</ymin>
			<ymax>273</ymax>
		</bndbox>
	</object>
</annotation>
