<annotation>
	<folder></folder>
	<filename>0000000987-1-Image_jpeg.rf.96944eb558d820b98fd04051b194e6f9.jpg</filename>
	<path>0000000987-1-Image_jpeg.rf.96944eb558d820b98fd04051b194e6f9.jpg</path>
	<source>
		<database>roboflow.ai</database>
	</source>
	<size>
		<width>600</width>
		<height>600</height>
		<depth>3</depth>
	</size>
	<segmented>0</segmented>
	<object>
		<name>0</name>
		<pose>Unspecified</pose>
		<truncated>0</truncated>
		<difficult>0</difficult>
		<occluded>0</occluded>
		<bndbox>
			<xmin>288</xmin>
			<xmax>292</xmax>
			<ymin>286</ymin>
			<ymax>303</ymax>
		</bndbox>
	</object>
	<object>
		<name>0</name>
		<pose>Unspecified</pose>
		<truncated>0</truncated>
		<difficult>0</difficult>
		<occluded>0</occluded>
		<bndbox>
			<xmin>260</xmin>
			<xmax>288</xmax>
			<ymin>149</ymin>
			<ymax>277</ymax>
		</bndbox>
	</object>
</annotation>
