<annotation>
	<folder></folder>
	<filename>0000000324-1-Image_jpeg.rf.36809bc1724bb73a64a8f53edc19957c.jpg</filename>
	<path>0000000324-1-Image_jpeg.rf.36809bc1724bb73a64a8f53edc19957c.jpg</path>
	<source>
		<database>roboflow.ai</database>
	</source>
	<size>
		<width>600</width>
		<height>600</height>
		<depth>3</depth>
	</size>
	<segmented>0</segmented>
	<object>
		<name>0</name>
		<pose>Unspecified</pose>
		<truncated>0</truncated>
		<difficult>0</difficult>
		<occluded>0</occluded>
		<bndbox>
			<xmin>299</xmin>
			<xmax>303</xmax>
			<ymin>252</ymin>
			<ymax>269</ymax>
		</bndbox>
	</object>
	<object>
		<name>0</name>
		<pose>Unspecified</pose>
		<truncated>0</truncated>
		<difficult>0</difficult>
		<occluded>0</occluded>
		<bndbox>
			<xmin>299</xmin>
			<xmax>305</xmax>
			<ymin>125</ymin>
			<ymax>250</ymax>
		</bndbox>
	</object>
</annotation>
