<annotation>
	<folder></folder>
	<filename>0000000604-1-Image_jpeg.rf.929b02ef7a6d81fa07c1a74d57e39cbb.jpg</filename>
	<path>0000000604-1-Image_jpeg.rf.929b02ef7a6d81fa07c1a74d57e39cbb.jpg</path>
	<source>
		<database>roboflow.ai</database>
	</source>
	<size>
		<width>600</width>
		<height>600</height>
		<depth>3</depth>
	</size>
	<segmented>0</segmented>
	<object>
		<name>0</name>
		<pose>Unspecified</pose>
		<truncated>0</truncated>
		<difficult>0</difficult>
		<occluded>0</occluded>
		<bndbox>
			<xmin>243</xmin>
			<xmax>247</xmax>
			<ymin>320</ymin>
			<ymax>339</ymax>
		</bndbox>
	</object>
	<object>
		<name>0</name>
		<pose>Unspecified</pose>
		<truncated>0</truncated>
		<difficult>0</difficult>
		<occluded>0</occluded>
		<bndbox>
			<xmin>228</xmin>
			<xmax>243</xmax>
			<ymin>219</ymin>
			<ymax>292</ymax>
		</bndbox>
	</object>
</annotation>
