<annotation>
	<folder></folder>
	<filename>0000001155-1-Image_jpeg.rf.96cbdbe0004c9d08785813e82f3d0ca5.jpg</filename>
	<path>0000001155-1-Image_jpeg.rf.96cbdbe0004c9d08785813e82f3d0ca5.jpg</path>
	<source>
		<database>roboflow.ai</database>
	</source>
	<size>
		<width>600</width>
		<height>600</height>
		<depth>3</depth>
	</size>
	<segmented>0</segmented>
	<object>
		<name>0</name>
		<pose>Unspecified</pose>
		<truncated>0</truncated>
		<difficult>0</difficult>
		<occluded>0</occluded>
		<bndbox>
			<xmin>292</xmin>
			<xmax>296</xmax>
			<ymin>292</ymin>
			<ymax>311</ymax>
		</bndbox>
	</object>
	<object>
		<name>0</name>
		<pose>Unspecified</pose>
		<truncated>0</truncated>
		<difficult>0</difficult>
		<occluded>0</occluded>
		<bndbox>
			<xmin>294</xmin>
			<xmax>307</xmax>
			<ymin>151</ymin>
			<ymax>288</ymax>
		</bndbox>
	</object>
</annotation>
