<annotation>
	<folder></folder>
	<filename>0000000475-1-Image_jpeg.rf.e4f443679d6a9e566fd4832009703f97.jpg</filename>
	<path>0000000475-1-Image_jpeg.rf.e4f443679d6a9e566fd4832009703f97.jpg</path>
	<source>
		<database>roboflow.ai</database>
	</source>
	<size>
		<width>600</width>
		<height>600</height>
		<depth>3</depth>
	</size>
	<segmented>0</segmented>
	<object>
		<name>0</name>
		<pose>Unspecified</pose>
		<truncated>0</truncated>
		<difficult>0</difficult>
		<occluded>0</occluded>
		<bndbox>
			<xmin>352</xmin>
			<xmax>356</xmax>
			<ymin>254</ymin>
			<ymax>271</ymax>
		</bndbox>
	</object>
	<object>
		<name>0</name>
		<pose>Unspecified</pose>
		<truncated>0</truncated>
		<difficult>0</difficult>
		<occluded>0</occluded>
		<bndbox>
			<xmin>357</xmin>
			<xmax>389</xmax>
			<ymin>119</ymin>
			<ymax>245</ymax>
		</bndbox>
	</object>
</annotation>
