<annotation>
	<folder></folder>
	<filename>0000000540-1-Image_jpeg.rf.7dd810438a41ef5e85b60544d0e67f9d.jpg</filename>
	<path>0000000540-1-Image_jpeg.rf.7dd810438a41ef5e85b60544d0e67f9d.jpg</path>
	<source>
		<database>roboflow.ai</database>
	</source>
	<size>
		<width>600</width>
		<height>600</height>
		<depth>3</depth>
	</size>
	<segmented>0</segmented>
	<object>
		<name>0</name>
		<pose>Unspecified</pose>
		<truncated>0</truncated>
		<difficult>0</difficult>
		<occluded>0</occluded>
		<bndbox>
			<xmin>241</xmin>
			<xmax>245</xmax>
			<ymin>299</ymin>
			<ymax>316</ymax>
		</bndbox>
	</object>
	<object>
		<name>0</name>
		<pose>Unspecified</pose>
		<truncated>0</truncated>
		<difficult>0</difficult>
		<occluded>0</occluded>
		<bndbox>
			<xmin>249</xmin>
			<xmax>260</xmax>
			<ymin>194</ymin>
			<ymax>262</ymax>
		</bndbox>
	</object>
</annotation>
