<annotation>
	<folder></folder>
	<filename>0000000736-1-Image_jpeg.rf.cdb96b706a85b72837da132582164e4c.jpg</filename>
	<path>0000000736-1-Image_jpeg.rf.cdb96b706a85b72837da132582164e4c.jpg</path>
	<source>
		<database>roboflow.ai</database>
	</source>
	<size>
		<width>600</width>
		<height>600</height>
		<depth>3</depth>
	</size>
	<segmented>0</segmented>
	<object>
		<name>0</name>
		<pose>Unspecified</pose>
		<truncated>0</truncated>
		<difficult>0</difficult>
		<occluded>0</occluded>
		<bndbox>
			<xmin>346</xmin>
			<xmax>350</xmax>
			<ymin>333</ymin>
			<ymax>352</ymax>
		</bndbox>
	</object>
	<object>
		<name>0</name>
		<pose>Unspecified</pose>
		<truncated>0</truncated>
		<difficult>0</difficult>
		<occluded>0</occluded>
		<bndbox>
			<xmin>340</xmin>
			<xmax>346</xmax>
			<ymin>262</ymin>
			<ymax>303</ymax>
		</bndbox>
	</object>
</annotation>
