<annotation>
	<folder></folder>
	<filename>0000000837-1-Image_jpeg.rf.35fe6880efb9760a5d9f0faee51b3b53.jpg</filename>
	<path>0000000837-1-Image_jpeg.rf.35fe6880efb9760a5d9f0faee51b3b53.jpg</path>
	<source>
		<database>roboflow.ai</database>
	</source>
	<size>
		<width>600</width>
		<height>600</height>
		<depth>3</depth>
	</size>
	<segmented>0</segmented>
	<object>
		<name>0</name>
		<pose>Unspecified</pose>
		<truncated>0</truncated>
		<difficult>0</difficult>
		<occluded>0</occluded>
		<bndbox>
			<xmin>282</xmin>
			<xmax>288</xmax>
			<ymin>292</ymin>
			<ymax>309</ymax>
		</bndbox>
	</object>
	<object>
		<name>0</name>
		<pose>Unspecified</pose>
		<truncated>0</truncated>
		<difficult>0</difficult>
		<occluded>0</occluded>
		<bndbox>
			<xmin>285</xmin>
			<xmax>296</xmax>
			<ymin>151</ymin>
			<ymax>288</ymax>
		</bndbox>
	</object>
</annotation>
