<annotation>
	<folder></folder>
	<filename>0000000149-1-Image_jpeg.rf.d9112a5bf80f7ffc392cbaaf5856a28c.jpg</filename>
	<path>0000000149-1-Image_jpeg.rf.d9112a5bf80f7ffc392cbaaf5856a28c.jpg</path>
	<source>
		<database>roboflow.ai</database>
	</source>
	<size>
		<width>600</width>
		<height>600</height>
		<depth>3</depth>
	</size>
	<segmented>0</segmented>
	<object>
		<name>0</name>
		<pose>Unspecified</pose>
		<truncated>0</truncated>
		<difficult>0</difficult>
		<occluded>0</occluded>
		<bndbox>
			<xmin>320</xmin>
			<xmax>324</xmax>
			<ymin>301</ymin>
			<ymax>320</ymax>
		</bndbox>
	</object>
	<object>
		<name>0</name>
		<pose>Unspecified</pose>
		<truncated>0</truncated>
		<difficult>0</difficult>
		<occluded>0</occluded>
		<bndbox>
			<xmin>320</xmin>
			<xmax>327</xmax>
			<ymin>202</ymin>
			<ymax>297</ymax>
		</bndbox>
	</object>
</annotation>
