<annotation>
	<folder></folder>
	<filename>0000000355-1-Image_jpeg.rf.5dc859e320d9e2a3a3562c5b979f6655.jpg</filename>
	<path>0000000355-1-Image_jpeg.rf.5dc859e320d9e2a3a3562c5b979f6655.jpg</path>
	<source>
		<database>roboflow.ai</database>
	</source>
	<size>
		<width>600</width>
		<height>600</height>
		<depth>3</depth>
	</size>
	<segmented>0</segmented>
	<object>
		<name>0</name>
		<pose>Unspecified</pose>
		<truncated>0</truncated>
		<difficult>0</difficult>
		<occluded>0</occluded>
		<bndbox>
			<xmin>357</xmin>
			<xmax>361</xmax>
			<ymin>275</ymin>
			<ymax>294</ymax>
		</bndbox>
	</object>
	<object>
		<name>0</name>
		<pose>Unspecified</pose>
		<truncated>0</truncated>
		<difficult>0</difficult>
		<occluded>0</occluded>
		<bndbox>
			<xmin>361</xmin>
			<xmax>363</xmax>
			<ymin>140</ymin>
			<ymax>260</ymax>
		</bndbox>
	</object>
</annotation>
