<annotation>
	<folder></folder>
	<filename>0000001239-1-Image_jpeg.rf.1f458c138451c93d8599aaeef45baf9a.jpg</filename>
	<path>0000001239-1-Image_jpeg.rf.1f458c138451c93d8599aaeef45baf9a.jpg</path>
	<source>
		<database>roboflow.ai</database>
	</source>
	<size>
		<width>600</width>
		<height>600</height>
		<depth>3</depth>
	</size>
	<segmented>0</segmented>
	<object>
		<name>0</name>
		<pose>Unspecified</pose>
		<truncated>0</truncated>
		<difficult>0</difficult>
		<occluded>0</occluded>
		<bndbox>
			<xmin>312</xmin>
			<xmax>318</xmax>
			<ymin>241</ymin>
			<ymax>258</ymax>
		</bndbox>
	</object>
	<object>
		<name>0</name>
		<pose>Unspecified</pose>
		<truncated>0</truncated>
		<difficult>0</difficult>
		<occluded>0</occluded>
		<bndbox>
			<xmin>318</xmin>
			<xmax>338</xmax>
			<ymin>110</ymin>
			<ymax>234</ymax>
		</bndbox>
	</object>
</annotation>
