<annotation>
	<folder></folder>
	<filename>0000000979-1-Image_jpeg.rf.7fb7dc2d70cd1932c12090c6454e24da.jpg</filename>
	<path>0000000979-1-Image_jpeg.rf.7fb7dc2d70cd1932c12090c6454e24da.jpg</path>
	<source>
		<database>roboflow.ai</database>
	</source>
	<size>
		<width>600</width>
		<height>600</height>
		<depth>3</depth>
	</size>
	<segmented>0</segmented>
	<object>
		<name>0</name>
		<pose>Unspecified</pose>
		<truncated>0</truncated>
		<difficult>0</difficult>
		<occluded>0</occluded>
		<bndbox>
			<xmin>277</xmin>
			<xmax>281</xmax>
			<ymin>290</ymin>
			<ymax>309</ymax>
		</bndbox>
	</object>
	<object>
		<name>0</name>
		<pose>Unspecified</pose>
		<truncated>0</truncated>
		<difficult>0</difficult>
		<occluded>0</occluded>
		<bndbox>
			<xmin>275</xmin>
			<xmax>279</xmax>
			<ymin>157</ymin>
			<ymax>281</ymax>
		</bndbox>
	</object>
</annotation>
