<annotation>
	<folder></folder>
	<filename>0000000415-1-Image_jpeg.rf.95687002d269a7c03622a93c75830360.jpg</filename>
	<path>0000000415-1-Image_jpeg.rf.95687002d269a7c03622a93c75830360.jpg</path>
	<source>
		<database>roboflow.ai</database>
	</source>
	<size>
		<width>600</width>
		<height>600</height>
		<depth>3</depth>
	</size>
	<segmented>0</segmented>
	<object>
		<name>0</name>
		<pose>Unspecified</pose>
		<truncated>0</truncated>
		<difficult>0</difficult>
		<occluded>0</occluded>
		<bndbox>
			<xmin>310</xmin>
			<xmax>314</xmax>
			<ymin>314</ymin>
			<ymax>333</ymax>
		</bndbox>
	</object>
	<object>
		<name>0</name>
		<pose>Unspecified</pose>
		<truncated>0</truncated>
		<difficult>0</difficult>
		<occluded>0</occluded>
		<bndbox>
			<xmin>309</xmin>
			<xmax>314</xmax>
			<ymin>179</ymin>
			<ymax>312</ymax>
		</bndbox>
	</object>
</annotation>
