<annotation>
	<folder></folder>
	<filename>0000000177-1-Image_jpeg.rf.b35b6a6bb3870f69b9826f5a4c7af2e2.jpg</filename>
	<path>0000000177-1-Image_jpeg.rf.b35b6a6bb3870f69b9826f5a4c7af2e2.jpg</path>
	<source>
		<database>roboflow.ai</database>
	</source>
	<size>
		<width>600</width>
		<height>600</height>
		<depth>3</depth>
	</size>
	<segmented>0</segmented>
	<object>
		<name>0</name>
		<pose>Unspecified</pose>
		<truncated>0</truncated>
		<difficult>0</difficult>
		<occluded>0</occluded>
		<bndbox>
			<xmin>297</xmin>
			<xmax>301</xmax>
			<ymin>290</ymin>
			<ymax>309</ymax>
		</bndbox>
	</object>
	<object>
		<name>0</name>
		<pose>Unspecified</pose>
		<truncated>0</truncated>
		<difficult>0</difficult>
		<occluded>0</occluded>
		<bndbox>
			<xmin>282</xmin>
			<xmax>299</xmax>
			<ymin>164</ymin>
			<ymax>282</ymax>
		</bndbox>
	</object>
</annotation>
