<annotation>
	<folder></folder>
	<filename>0000000377-1-Image_jpeg.rf.3aab796766c9630e8225deb95b697313.jpg</filename>
	<path>0000000377-1-Image_jpeg.rf.3aab796766c9630e8225deb95b697313.jpg</path>
	<source>
		<database>roboflow.ai</database>
	</source>
	<size>
		<width>600</width>
		<height>600</height>
		<depth>3</depth>
	</size>
	<segmented>0</segmented>
	<object>
		<name>0</name>
		<pose>Unspecified</pose>
		<truncated>0</truncated>
		<difficult>0</difficult>
		<occluded>0</occluded>
		<bndbox>
			<xmin>325</xmin>
			<xmax>329</xmax>
			<ymin>327</ymin>
			<ymax>346</ymax>
		</bndbox>
	</object>
</annotation>
