<annotation>
	<folder></folder>
	<filename>0000000179-1-Image_jpeg.rf.8ef8f55963f5f42783059a870951cae4.jpg</filename>
	<path>0000000179-1-Image_jpeg.rf.8ef8f55963f5f42783059a870951cae4.jpg</path>
	<source>
		<database>roboflow.ai</database>
	</source>
	<size>
		<width>600</width>
		<height>600</height>
		<depth>3</depth>
	</size>
	<segmented>0</segmented>
	<object>
		<name>0</name>
		<pose>Unspecified</pose>
		<truncated>0</truncated>
		<difficult>0</difficult>
		<occluded>0</occluded>
		<bndbox>
			<xmin>256</xmin>
			<xmax>260</xmax>
			<ymin>339</ymin>
			<ymax>358</ymax>
		</bndbox>
	</object>
</annotation>
