<annotation>
	<folder></folder>
	<filename>0000000380-1-Image_jpeg.rf.6ed422da5afc510ddc8ca852c44495ad.jpg</filename>
	<path>0000000380-1-Image_jpeg.rf.6ed422da5afc510ddc8ca852c44495ad.jpg</path>
	<source>
		<database>roboflow.ai</database>
	</source>
	<size>
		<width>600</width>
		<height>600</height>
		<depth>3</depth>
	</size>
	<segmented>0</segmented>
	<object>
		<name>0</name>
		<pose>Unspecified</pose>
		<truncated>0</truncated>
		<difficult>0</difficult>
		<occluded>0</occluded>
		<bndbox>
			<xmin>314</xmin>
			<xmax>318</xmax>
			<ymin>266</ymin>
			<ymax>285</ymax>
		</bndbox>
	</object>
	<object>
		<name>0</name>
		<pose>Unspecified</pose>
		<truncated>0</truncated>
		<difficult>0</difficult>
		<occluded>0</occluded>
		<bndbox>
			<xmin>277</xmin>
			<xmax>316</xmax>
			<ymin>131</ymin>
			<ymax>264</ymax>
		</bndbox>
	</object>
</annotation>
