<annotation>
	<folder></folder>
	<filename>0000000995-1-Image_jpeg.rf.8d70e2ea6eddf4e210bc4a7522af9067.jpg</filename>
	<path>0000000995-1-Image_jpeg.rf.8d70e2ea6eddf4e210bc4a7522af9067.jpg</path>
	<source>
		<database>roboflow.ai</database>
	</source>
	<size>
		<width>600</width>
		<height>600</height>
		<depth>3</depth>
	</size>
	<segmented>0</segmented>
	<object>
		<name>0</name>
		<pose>Unspecified</pose>
		<truncated>0</truncated>
		<difficult>0</difficult>
		<occluded>0</occluded>
		<bndbox>
			<xmin>344</xmin>
			<xmax>348</xmax>
			<ymin>264</ymin>
			<ymax>283</ymax>
		</bndbox>
	</object>
	<object>
		<name>0</name>
		<pose>Unspecified</pose>
		<truncated>0</truncated>
		<difficult>0</difficult>
		<occluded>0</occluded>
		<bndbox>
			<xmin>337</xmin>
			<xmax>348</xmax>
			<ymin>123</ymin>
			<ymax>256</ymax>
		</bndbox>
	</object>
</annotation>
