<annotation>
	<folder></folder>
	<filename>0000001063-1-Image_jpeg.rf.1fead7b749ce21e46f4cb7d97d904f3e.jpg</filename>
	<path>0000001063-1-Image_jpeg.rf.1fead7b749ce21e46f4cb7d97d904f3e.jpg</path>
	<source>
		<database>roboflow.ai</database>
	</source>
	<size>
		<width>600</width>
		<height>600</height>
		<depth>3</depth>
	</size>
	<segmented>0</segmented>
	<object>
		<name>0</name>
		<pose>Unspecified</pose>
		<truncated>0</truncated>
		<difficult>0</difficult>
		<occluded>0</occluded>
		<bndbox>
			<xmin>290</xmin>
			<xmax>294</xmax>
			<ymin>357</ymin>
			<ymax>376</ymax>
		</bndbox>
	</object>
</annotation>
