<annotation>
	<folder></folder>
	<filename>0000000966-1-Image_jpeg.rf.6cc4a2eec079cc7092494c0d01c43d3b.jpg</filename>
	<path>0000000966-1-Image_jpeg.rf.6cc4a2eec079cc7092494c0d01c43d3b.jpg</path>
	<source>
		<database>roboflow.ai</database>
	</source>
	<size>
		<width>600</width>
		<height>600</height>
		<depth>3</depth>
	</size>
	<segmented>0</segmented>
	<object>
		<name>0</name>
		<pose>Unspecified</pose>
		<truncated>0</truncated>
		<difficult>0</difficult>
		<occluded>0</occluded>
		<bndbox>
			<xmin>305</xmin>
			<xmax>309</xmax>
			<ymin>324</ymin>
			<ymax>341</ymax>
		</bndbox>
	</object>
	<object>
		<name>0</name>
		<pose>Unspecified</pose>
		<truncated>0</truncated>
		<difficult>0</difficult>
		<occluded>0</occluded>
		<bndbox>
			<xmin>307</xmin>
			<xmax>335</xmax>
			<ymin>187</ymin>
			<ymax>314</ymax>
		</bndbox>
	</object>
</annotation>
