<annotation>
	<folder></folder>
	<filename>0000000401-1-Image_jpeg.rf.514dd03f496118151fd949c45f4cacf2.jpg</filename>
	<path>0000000401-1-Image_jpeg.rf.514dd03f496118151fd949c45f4cacf2.jpg</path>
	<source>
		<database>roboflow.ai</database>
	</source>
	<size>
		<width>600</width>
		<height>600</height>
		<depth>3</depth>
	</size>
	<segmented>0</segmented>
	<object>
		<name>0</name>
		<pose>Unspecified</pose>
		<truncated>0</truncated>
		<difficult>0</difficult>
		<occluded>0</occluded>
		<bndbox>
			<xmin>367</xmin>
			<xmax>371</xmax>
			<ymin>294</ymin>
			<ymax>313</ymax>
		</bndbox>
	</object>
	<object>
		<name>0</name>
		<pose>Unspecified</pose>
		<truncated>0</truncated>
		<difficult>0</difficult>
		<occluded>0</occluded>
		<bndbox>
			<xmin>373</xmin>
			<xmax>386</xmax>
			<ymin>158</ymin>
			<ymax>243</ymax>
		</bndbox>
	</object>
</annotation>
