<annotation>
	<folder></folder>
	<filename>0000000812-1-Image_jpeg.rf.fba3501fe03ab8b507d0830d7cbfbf8a.jpg</filename>
	<path>0000000812-1-Image_jpeg.rf.fba3501fe03ab8b507d0830d7cbfbf8a.jpg</path>
	<source>
		<database>roboflow.ai</database>
	</source>
	<size>
		<width>600</width>
		<height>600</height>
		<depth>3</depth>
	</size>
	<segmented>0</segmented>
	<object>
		<name>0</name>
		<pose>Unspecified</pose>
		<truncated>0</truncated>
		<difficult>0</difficult>
		<occluded>0</occluded>
		<bndbox>
			<xmin>290</xmin>
			<xmax>294</xmax>
			<ymin>294</ymin>
			<ymax>311</ymax>
		</bndbox>
	</object>
	<object>
		<name>0</name>
		<pose>Unspecified</pose>
		<truncated>0</truncated>
		<difficult>0</difficult>
		<occluded>0</occluded>
		<bndbox>
			<xmin>286</xmin>
			<xmax>294</xmax>
			<ymin>151</ymin>
			<ymax>292</ymax>
		</bndbox>
	</object>
</annotation>
