<annotation>
	<folder></folder>
	<filename>0000001380-1-Image_jpeg.rf.b0de5d0ece57adee3d3584d6cc6783dd.jpg</filename>
	<path>0000001380-1-Image_jpeg.rf.b0de5d0ece57adee3d3584d6cc6783dd.jpg</path>
	<source>
		<database>roboflow.ai</database>
	</source>
	<size>
		<width>600</width>
		<height>600</height>
		<depth>3</depth>
	</size>
	<segmented>0</segmented>
	<object>
		<name>0</name>
		<pose>Unspecified</pose>
		<truncated>0</truncated>
		<difficult>0</difficult>
		<occluded>0</occluded>
		<bndbox>
			<xmin>337</xmin>
			<xmax>342</xmax>
			<ymin>256</ymin>
			<ymax>273</ymax>
		</bndbox>
	</object>
	<object>
		<name>0</name>
		<pose>Unspecified</pose>
		<truncated>0</truncated>
		<difficult>0</difficult>
		<occluded>0</occluded>
		<bndbox>
			<xmin>340</xmin>
			<xmax>378</xmax>
			<ymin>121</ymin>
			<ymax>247</ymax>
		</bndbox>
	</object>
</annotation>
