<annotation>
	<folder></folder>
	<filename>0000000532-1-Image_jpeg.rf.a4cdba1f05065d003661ae842e318bef.jpg</filename>
	<path>0000000532-1-Image_jpeg.rf.a4cdba1f05065d003661ae842e318bef.jpg</path>
	<source>
		<database>roboflow.ai</database>
	</source>
	<size>
		<width>600</width>
		<height>600</height>
		<depth>3</depth>
	</size>
	<segmented>0</segmented>
	<object>
		<name>0</name>
		<pose>Unspecified</pose>
		<truncated>0</truncated>
		<difficult>0</difficult>
		<occluded>0</occluded>
		<bndbox>
			<xmin>277</xmin>
			<xmax>282</xmax>
			<ymin>258</ymin>
			<ymax>273</ymax>
		</bndbox>
	</object>
	<object>
		<name>0</name>
		<pose>Unspecified</pose>
		<truncated>0</truncated>
		<difficult>0</difficult>
		<occluded>0</occluded>
		<bndbox>
			<xmin>281</xmin>
			<xmax>322</xmax>
			<ymin>125</ymin>
			<ymax>256</ymax>
		</bndbox>
	</object>
</annotation>
