<annotation>
	<folder></folder>
	<filename>0000000074-1-Image_jpeg.rf.68f1f14378d67cd5380888a610255926.jpg</filename>
	<path>0000000074-1-Image_jpeg.rf.68f1f14378d67cd5380888a610255926.jpg</path>
	<source>
		<database>roboflow.ai</database>
	</source>
	<size>
		<width>600</width>
		<height>600</height>
		<depth>3</depth>
	</size>
	<segmented>0</segmented>
	<object>
		<name>0</name>
		<pose>Unspecified</pose>
		<truncated>0</truncated>
		<difficult>0</difficult>
		<occluded>0</occluded>
		<bndbox>
			<xmin>295</xmin>
			<xmax>299</xmax>
			<ymin>327</ymin>
			<ymax>346</ymax>
		</bndbox>
	</object>
	<object>
		<name>0</name>
		<pose>Unspecified</pose>
		<truncated>0</truncated>
		<difficult>0</difficult>
		<occluded>0</occluded>
		<bndbox>
			<xmin>264</xmin>
			<xmax>292</xmax>
			<ymin>191</ymin>
			<ymax>298</ymax>
		</bndbox>
	</object>
</annotation>
