<annotation>
	<folder></folder>
	<filename>0000000343-1-Image_jpeg.rf.21660e4038fb0d65f1423f7426f05f5f.jpg</filename>
	<path>0000000343-1-Image_jpeg.rf.21660e4038fb0d65f1423f7426f05f5f.jpg</path>
	<source>
		<database>roboflow.ai</database>
	</source>
	<size>
		<width>600</width>
		<height>600</height>
		<depth>3</depth>
	</size>
	<segmented>0</segmented>
	<object>
		<name>0</name>
		<pose>Unspecified</pose>
		<truncated>0</truncated>
		<difficult>0</difficult>
		<occluded>0</occluded>
		<bndbox>
			<xmin>299</xmin>
			<xmax>303</xmax>
			<ymin>290</ymin>
			<ymax>309</ymax>
		</bndbox>
	</object>
	<object>
		<name>0</name>
		<pose>Unspecified</pose>
		<truncated>0</truncated>
		<difficult>0</difficult>
		<occluded>0</occluded>
		<bndbox>
			<xmin>299</xmin>
			<xmax>312</xmax>
			<ymin>155</ymin>
			<ymax>275</ymax>
		</bndbox>
	</object>
</annotation>
