<annotation>
	<folder></folder>
	<filename>0000000590-1-Image_jpeg.rf.05ca31b5ecefa8fd69350d9cb4c93879.jpg</filename>
	<path>0000000590-1-Image_jpeg.rf.05ca31b5ecefa8fd69350d9cb4c93879.jpg</path>
	<source>
		<database>roboflow.ai</database>
	</source>
	<size>
		<width>600</width>
		<height>600</height>
		<depth>3</depth>
	</size>
	<segmented>0</segmented>
	<object>
		<name>0</name>
		<pose>Unspecified</pose>
		<truncated>0</truncated>
		<difficult>0</difficult>
		<occluded>0</occluded>
		<bndbox>
			<xmin>365</xmin>
			<xmax>369</xmax>
			<ymin>316</ymin>
			<ymax>335</ymax>
		</bndbox>
	</object>
	<object>
		<name>0</name>
		<pose>Unspecified</pose>
		<truncated>0</truncated>
		<difficult>0</difficult>
		<occluded>0</occluded>
		<bndbox>
			<xmin>344</xmin>
			<xmax>354</xmax>
			<ymin>183</ymin>
			<ymax>209</ymax>
		</bndbox>
	</object>
</annotation>
