<annotation>
	<folder></folder>
	<filename>0000001283-1-Image-11-53-49-AM_jpeg.rf.c1dcd9fdb08b6db822157e2f4512ac0f.jpg</filename>
	<path>0000001283-1-Image-11-53-49-AM_jpeg.rf.c1dcd9fdb08b6db822157e2f4512ac0f.jpg</path>
	<source>
		<database>roboflow.ai</database>
	</source>
	<size>
		<width>600</width>
		<height>600</height>
		<depth>3</depth>
	</size>
	<segmented>0</segmented>
	<object>
		<name>0</name>
		<pose>Unspecified</pose>
		<truncated>0</truncated>
		<difficult>0</difficult>
		<occluded>0</occluded>
		<bndbox>
			<xmin>288</xmin>
			<xmax>292</xmax>
			<ymin>327</ymin>
			<ymax>344</ymax>
		</bndbox>
	</object>
	<object>
		<name>0</name>
		<pose>Unspecified</pose>
		<truncated>0</truncated>
		<difficult>0</difficult>
		<occluded>0</occluded>
		<bndbox>
			<xmin>290</xmin>
			<xmax>307</xmax>
			<ymin>193</ymin>
			<ymax>324</ymax>
		</bndbox>
	</object>
</annotation>
