<annotation>
	<folder></folder>
	<filename>0000000825-1-Image_jpeg.rf.5acac127cf93b93ca714555fe565f866.jpg</filename>
	<path>0000000825-1-Image_jpeg.rf.5acac127cf93b93ca714555fe565f866.jpg</path>
	<source>
		<database>roboflow.ai</database>
	</source>
	<size>
		<width>600</width>
		<height>600</height>
		<depth>3</depth>
	</size>
	<segmented>0</segmented>
	<object>
		<name>0</name>
		<pose>Unspecified</pose>
		<truncated>0</truncated>
		<difficult>0</difficult>
		<occluded>0</occluded>
		<bndbox>
			<xmin>288</xmin>
			<xmax>292</xmax>
			<ymin>311</ymin>
			<ymax>330</ymax>
		</bndbox>
	</object>
	<object>
		<name>0</name>
		<pose>Unspecified</pose>
		<truncated>0</truncated>
		<difficult>0</difficult>
		<occluded>0</occluded>
		<bndbox>
			<xmin>292</xmin>
			<xmax>329</xmax>
			<ymin>178</ymin>
			<ymax>309</ymax>
		</bndbox>
	</object>
</annotation>
