<annotation>
	<folder></folder>
	<filename>0000000617-1-Image_jpeg.rf.63842a3b2febcac4c3b43fde2c271780.jpg</filename>
	<path>0000000617-1-Image_jpeg.rf.63842a3b2febcac4c3b43fde2c271780.jpg</path>
	<source>
		<database>roboflow.ai</database>
	</source>
	<size>
		<width>600</width>
		<height>600</height>
		<depth>3</depth>
	</size>
	<segmented>0</segmented>
	<object>
		<name>0</name>
		<pose>Unspecified</pose>
		<truncated>0</truncated>
		<difficult>0</difficult>
		<occluded>0</occluded>
		<bndbox>
			<xmin>367</xmin>
			<xmax>371</xmax>
			<ymin>307</ymin>
			<ymax>326</ymax>
		</bndbox>
	</object>
	<object>
		<name>0</name>
		<pose>Unspecified</pose>
		<truncated>0</truncated>
		<difficult>0</difficult>
		<occluded>0</occluded>
		<bndbox>
			<xmin>329</xmin>
			<xmax>359</xmax>
			<ymin>172</ymin>
			<ymax>228</ymax>
		</bndbox>
	</object>
</annotation>
