<annotation>
	<folder></folder>
	<filename>0000000679-1-Image_jpeg.rf.0cb624bde0079a429954768bb2a1c0d5.jpg</filename>
	<path>0000000679-1-Image_jpeg.rf.0cb624bde0079a429954768bb2a1c0d5.jpg</path>
	<source>
		<database>roboflow.ai</database>
	</source>
	<size>
		<width>600</width>
		<height>600</height>
		<depth>3</depth>
	</size>
	<segmented>0</segmented>
	<object>
		<name>0</name>
		<pose>Unspecified</pose>
		<truncated>0</truncated>
		<difficult>0</difficult>
		<occluded>0</occluded>
		<bndbox>
			<xmin>354</xmin>
			<xmax>358</xmax>
			<ymin>271</ymin>
			<ymax>290</ymax>
		</bndbox>
	</object>
	<object>
		<name>0</name>
		<pose>Unspecified</pose>
		<truncated>0</truncated>
		<difficult>0</difficult>
		<occluded>0</occluded>
		<bndbox>
			<xmin>355</xmin>
			<xmax>365</xmax>
			<ymin>145</ymin>
			<ymax>269</ymax>
		</bndbox>
	</object>
</annotation>
