<annotation>
	<folder></folder>
	<filename>0000000925-1-Image_jpeg.rf.f23a5c5c87e44ec4f09ab6d57087f93c.jpg</filename>
	<path>0000000925-1-Image_jpeg.rf.f23a5c5c87e44ec4f09ab6d57087f93c.jpg</path>
	<source>
		<database>roboflow.ai</database>
	</source>
	<size>
		<width>600</width>
		<height>600</height>
		<depth>3</depth>
	</size>
	<segmented>0</segmented>
	<object>
		<name>0</name>
		<pose>Unspecified</pose>
		<truncated>0</truncated>
		<difficult>0</difficult>
		<occluded>0</occluded>
		<bndbox>
			<xmin>322</xmin>
			<xmax>327</xmax>
			<ymin>292</ymin>
			<ymax>307</ymax>
		</bndbox>
	</object>
	<object>
		<name>0</name>
		<pose>Unspecified</pose>
		<truncated>0</truncated>
		<difficult>0</difficult>
		<occluded>0</occluded>
		<bndbox>
			<xmin>316</xmin>
			<xmax>325</xmax>
			<ymin>177</ymin>
			<ymax>288</ymax>
		</bndbox>
	</object>
</annotation>
