<annotation>
	<folder></folder>
	<filename>0000000529-1-Image_jpeg.rf.171876d1aebf5ebf32bfe66359ac0003.jpg</filename>
	<path>0000000529-1-Image_jpeg.rf.171876d1aebf5ebf32bfe66359ac0003.jpg</path>
	<source>
		<database>roboflow.ai</database>
	</source>
	<size>
		<width>600</width>
		<height>600</height>
		<depth>3</depth>
	</size>
	<segmented>0</segmented>
	<object>
		<name>0</name>
		<pose>Unspecified</pose>
		<truncated>0</truncated>
		<difficult>0</difficult>
		<occluded>0</occluded>
		<bndbox>
			<xmin>299</xmin>
			<xmax>303</xmax>
			<ymin>391</ymin>
			<ymax>408</ymax>
		</bndbox>
	</object>
</annotation>
