<annotation>
	<folder></folder>
	<filename>0000000367-1-Image_jpeg.rf.53da22fde7986fea3f29917e5c719e0c.jpg</filename>
	<path>0000000367-1-Image_jpeg.rf.53da22fde7986fea3f29917e5c719e0c.jpg</path>
	<source>
		<database>roboflow.ai</database>
	</source>
	<size>
		<width>600</width>
		<height>600</height>
		<depth>3</depth>
	</size>
	<segmented>0</segmented>
	<object>
		<name>0</name>
		<pose>Unspecified</pose>
		<truncated>0</truncated>
		<difficult>0</difficult>
		<occluded>0</occluded>
		<bndbox>
			<xmin>215</xmin>
			<xmax>219</xmax>
			<ymin>303</ymin>
			<ymax>320</ymax>
		</bndbox>
	</object>
	<object>
		<name>0</name>
		<pose>Unspecified</pose>
		<truncated>0</truncated>
		<difficult>0</difficult>
		<occluded>0</occluded>
		<bndbox>
			<xmin>226</xmin>
			<xmax>245</xmax>
			<ymin>166</ymin>
			<ymax>211</ymax>
		</bndbox>
	</object>
</annotation>
