<annotation>
	<folder></folder>
	<filename>0000001015-1-Image_jpeg.rf.20b4c946f4bbdf8fe8707e70a33f8656.jpg</filename>
	<path>0000001015-1-Image_jpeg.rf.20b4c946f4bbdf8fe8707e70a33f8656.jpg</path>
	<source>
		<database>roboflow.ai</database>
	</source>
	<size>
		<width>600</width>
		<height>600</height>
		<depth>3</depth>
	</size>
	<segmented>0</segmented>
	<object>
		<name>0</name>
		<pose>Unspecified</pose>
		<truncated>0</truncated>
		<difficult>0</difficult>
		<occluded>0</occluded>
		<bndbox>
			<xmin>310</xmin>
			<xmax>314</xmax>
			<ymin>279</ymin>
			<ymax>298</ymax>
		</bndbox>
	</object>
	<object>
		<name>0</name>
		<pose>Unspecified</pose>
		<truncated>0</truncated>
		<difficult>0</difficult>
		<occluded>0</occluded>
		<bndbox>
			<xmin>286</xmin>
			<xmax>312</xmax>
			<ymin>142</ymin>
			<ymax>271</ymax>
		</bndbox>
	</object>
</annotation>
