<annotation>
	<folder></folder>
	<filename>0000000827-1-Image_jpeg.rf.96870c554c27a22744d19c5903ea806f.jpg</filename>
	<path>0000000827-1-Image_jpeg.rf.96870c554c27a22744d19c5903ea806f.jpg</path>
	<source>
		<database>roboflow.ai</database>
	</source>
	<size>
		<width>600</width>
		<height>600</height>
		<depth>3</depth>
	</size>
	<segmented>0</segmented>
	<object>
		<name>0</name>
		<pose>Unspecified</pose>
		<truncated>0</truncated>
		<difficult>0</difficult>
		<occluded>0</occluded>
		<bndbox>
			<xmin>297</xmin>
			<xmax>301</xmax>
			<ymin>326</ymin>
			<ymax>343</ymax>
		</bndbox>
	</object>
	<object>
		<name>0</name>
		<pose>Unspecified</pose>
		<truncated>0</truncated>
		<difficult>0</difficult>
		<occluded>0</occluded>
		<bndbox>
			<xmin>279</xmin>
			<xmax>299</xmax>
			<ymin>187</ymin>
			<ymax>324</ymax>
		</bndbox>
	</object>
</annotation>
