<annotation>
	<folder></folder>
	<filename>0000001306-1-Image_jpeg.rf.5560414bd1458e24dd22634dedfd4fb2.jpg</filename>
	<path>0000001306-1-Image_jpeg.rf.5560414bd1458e24dd22634dedfd4fb2.jpg</path>
	<source>
		<database>roboflow.ai</database>
	</source>
	<size>
		<width>600</width>
		<height>600</height>
		<depth>3</depth>
	</size>
	<segmented>0</segmented>
	<object>
		<name>0</name>
		<pose>Unspecified</pose>
		<truncated>0</truncated>
		<difficult>0</difficult>
		<occluded>0</occluded>
		<bndbox>
			<xmin>279</xmin>
			<xmax>284</xmax>
			<ymin>335</ymin>
			<ymax>350</ymax>
		</bndbox>
	</object>
	<object>
		<name>0</name>
		<pose>Unspecified</pose>
		<truncated>0</truncated>
		<difficult>0</difficult>
		<occluded>0</occluded>
		<bndbox>
			<xmin>279</xmin>
			<xmax>283</xmax>
			<ymin>213</ymin>
			<ymax>305</ymax>
		</bndbox>
	</object>
</annotation>
