<annotation>
	<folder></folder>
	<filename>0000001089-1-Image_jpeg.rf.451b58242eb0cbd8b3fbffcdef68790e.jpg</filename>
	<path>0000001089-1-Image_jpeg.rf.451b58242eb0cbd8b3fbffcdef68790e.jpg</path>
	<source>
		<database>roboflow.ai</database>
	</source>
	<size>
		<width>600</width>
		<height>600</height>
		<depth>3</depth>
	</size>
	<segmented>0</segmented>
	<object>
		<name>0</name>
		<pose>Unspecified</pose>
		<truncated>0</truncated>
		<difficult>0</difficult>
		<occluded>0</occluded>
		<bndbox>
			<xmin>282</xmin>
			<xmax>288</xmax>
			<ymin>284</ymin>
			<ymax>301</ymax>
		</bndbox>
	</object>
	<object>
		<name>0</name>
		<pose>Unspecified</pose>
		<truncated>0</truncated>
		<difficult>0</difficult>
		<occluded>0</occluded>
		<bndbox>
			<xmin>288</xmin>
			<xmax>303</xmax>
			<ymin>172</ymin>
			<ymax>275</ymax>
		</bndbox>
	</object>
</annotation>
