<annotation>
	<folder></folder>
	<filename>0000000972-1-Image_jpeg.rf.39bd738b7d02e0f50fd8fbbb0c2d2946.jpg</filename>
	<path>0000000972-1-Image_jpeg.rf.39bd738b7d02e0f50fd8fbbb0c2d2946.jpg</path>
	<source>
		<database>roboflow.ai</database>
	</source>
	<size>
		<width>600</width>
		<height>600</height>
		<depth>3</depth>
	</size>
	<segmented>0</segmented>
	<object>
		<name>0</name>
		<pose>Unspecified</pose>
		<truncated>0</truncated>
		<difficult>0</difficult>
		<occluded>0</occluded>
		<bndbox>
			<xmin>297</xmin>
			<xmax>301</xmax>
			<ymin>297</ymin>
			<ymax>316</ymax>
		</bndbox>
	</object>
	<object>
		<name>0</name>
		<pose>Unspecified</pose>
		<truncated>0</truncated>
		<difficult>0</difficult>
		<occluded>0</occluded>
		<bndbox>
			<xmin>262</xmin>
			<xmax>299</xmax>
			<ymin>163</ymin>
			<ymax>296</ymax>
		</bndbox>
	</object>
</annotation>
