<annotation>
	<folder></folder>
	<filename>0000000157-1-Image_jpeg.rf.a0cc589a04bba631ff6c35092bde9dcf.jpg</filename>
	<path>0000000157-1-Image_jpeg.rf.a0cc589a04bba631ff6c35092bde9dcf.jpg</path>
	<source>
		<database>roboflow.ai</database>
	</source>
	<size>
		<width>600</width>
		<height>600</height>
		<depth>3</depth>
	</size>
	<segmented>0</segmented>
	<object>
		<name>0</name>
		<pose>Unspecified</pose>
		<truncated>0</truncated>
		<difficult>0</difficult>
		<occluded>0</occluded>
		<bndbox>
			<xmin>284</xmin>
			<xmax>288</xmax>
			<ymin>320</ymin>
			<ymax>337</ymax>
		</bndbox>
	</object>
	<object>
		<name>0</name>
		<pose>Unspecified</pose>
		<truncated>0</truncated>
		<difficult>0</difficult>
		<occluded>0</occluded>
		<bndbox>
			<xmin>286</xmin>
			<xmax>316</xmax>
			<ymin>183</ymin>
			<ymax>308</ymax>
		</bndbox>
	</object>
</annotation>
