<annotation>
	<folder></folder>
	<filename>0000000352-1-Image_jpeg.rf.a0277616d5d7fc696bbfdd4fdbbec5f6.jpg</filename>
	<path>0000000352-1-Image_jpeg.rf.a0277616d5d7fc696bbfdd4fdbbec5f6.jpg</path>
	<source>
		<database>roboflow.ai</database>
	</source>
	<size>
		<width>600</width>
		<height>600</height>
		<depth>3</depth>
	</size>
	<segmented>0</segmented>
	<object>
		<name>0</name>
		<pose>Unspecified</pose>
		<truncated>0</truncated>
		<difficult>0</difficult>
		<occluded>0</occluded>
		<bndbox>
			<xmin>305</xmin>
			<xmax>309</xmax>
			<ymin>292</ymin>
			<ymax>309</ymax>
		</bndbox>
	</object>
	<object>
		<name>0</name>
		<pose>Unspecified</pose>
		<truncated>0</truncated>
		<difficult>0</difficult>
		<occluded>0</occluded>
		<bndbox>
			<xmin>288</xmin>
			<xmax>307</xmax>
			<ymin>151</ymin>
			<ymax>282</ymax>
		</bndbox>
	</object>
</annotation>
