<annotation>
	<folder></folder>
	<filename>0000000918-1-Image_jpeg.rf.31397bff2c3b8fe1a7af4eec7b03d765.jpg</filename>
	<path>0000000918-1-Image_jpeg.rf.31397bff2c3b8fe1a7af4eec7b03d765.jpg</path>
	<source>
		<database>roboflow.ai</database>
	</source>
	<size>
		<width>600</width>
		<height>600</height>
		<depth>3</depth>
	</size>
	<segmented>0</segmented>
	<object>
		<name>0</name>
		<pose>Unspecified</pose>
		<truncated>0</truncated>
		<difficult>0</difficult>
		<occluded>0</occluded>
		<bndbox>
			<xmin>320</xmin>
			<xmax>325</xmax>
			<ymin>326</ymin>
			<ymax>343</ymax>
		</bndbox>
	</object>
	<object>
		<name>0</name>
		<pose>Unspecified</pose>
		<truncated>0</truncated>
		<difficult>0</difficult>
		<occluded>0</occluded>
		<bndbox>
			<xmin>322</xmin>
			<xmax>329</xmax>
			<ymin>183</ymin>
			<ymax>316</ymax>
		</bndbox>
	</object>
</annotation>
