<annotation>
	<folder></folder>
	<filename>0000000040-1-Image_jpeg.rf.f0d8357b82389662450b2a7858175276.jpg</filename>
	<path>0000000040-1-Image_jpeg.rf.f0d8357b82389662450b2a7858175276.jpg</path>
	<source>
		<database>roboflow.ai</database>
	</source>
	<size>
		<width>600</width>
		<height>600</height>
		<depth>3</depth>
	</size>
	<segmented>0</segmented>
	<object>
		<name>0</name>
		<pose>Unspecified</pose>
		<truncated>0</truncated>
		<difficult>0</difficult>
		<occluded>0</occluded>
		<bndbox>
			<xmin>286</xmin>
			<xmax>290</xmax>
			<ymin>286</ymin>
			<ymax>305</ymax>
		</bndbox>
	</object>
	<object>
		<name>0</name>
		<pose>Unspecified</pose>
		<truncated>0</truncated>
		<difficult>0</difficult>
		<occluded>0</occluded>
		<bndbox>
			<xmin>286</xmin>
			<xmax>290</xmax>
			<ymin>151</ymin>
			<ymax>284</ymax>
		</bndbox>
	</object>
</annotation>
