<annotation>
	<folder></folder>
	<filename>0000000275-1-Image_jpeg.rf.0a72e4cb760652194b6cd328eb2f0b32.jpg</filename>
	<path>0000000275-1-Image_jpeg.rf.0a72e4cb760652194b6cd328eb2f0b32.jpg</path>
	<source>
		<database>roboflow.ai</database>
	</source>
	<size>
		<width>600</width>
		<height>600</height>
		<depth>3</depth>
	</size>
	<segmented>0</segmented>
	<object>
		<name>0</name>
		<pose>Unspecified</pose>
		<truncated>0</truncated>
		<difficult>0</difficult>
		<occluded>0</occluded>
		<bndbox>
			<xmin>397</xmin>
			<xmax>401</xmax>
			<ymin>294</ymin>
			<ymax>313</ymax>
		</bndbox>
	</object>
	<object>
		<name>0</name>
		<pose>Unspecified</pose>
		<truncated>0</truncated>
		<difficult>0</difficult>
		<occluded>0</occluded>
		<bndbox>
			<xmin>404</xmin>
			<xmax>419</xmax>
			<ymin>163</ymin>
			<ymax>238</ymax>
		</bndbox>
	</object>
</annotation>
