<annotation>
	<folder></folder>
	<filename>0000001368-1-Image-11-53-50-AM_jpeg.rf.27934d81e5845e038edc3d952b0a2fb2.jpg</filename>
	<path>0000001368-1-Image-11-53-50-AM_jpeg.rf.27934d81e5845e038edc3d952b0a2fb2.jpg</path>
	<source>
		<database>roboflow.ai</database>
	</source>
	<size>
		<width>600</width>
		<height>600</height>
		<depth>3</depth>
	</size>
	<segmented>0</segmented>
	<object>
		<name>0</name>
		<pose>Unspecified</pose>
		<truncated>0</truncated>
		<difficult>0</difficult>
		<occluded>0</occluded>
		<bndbox>
			<xmin>280</xmin>
			<xmax>284</xmax>
			<ymin>282</ymin>
			<ymax>299</ymax>
		</bndbox>
	</object>
	<object>
		<name>0</name>
		<pose>Unspecified</pose>
		<truncated>0</truncated>
		<difficult>0</difficult>
		<occluded>0</occluded>
		<bndbox>
			<xmin>279</xmin>
			<xmax>284</xmax>
			<ymin>148</ymin>
			<ymax>279</ymax>
		</bndbox>
	</object>
</annotation>
