<annotation>
	<folder></folder>
	<filename>0000001192-1-Image_jpeg.rf.bffd01561fd931bdf8d9296a3165f93e.jpg</filename>
	<path>0000001192-1-Image_jpeg.rf.bffd01561fd931bdf8d9296a3165f93e.jpg</path>
	<source>
		<database>roboflow.ai</database>
	</source>
	<size>
		<width>600</width>
		<height>600</height>
		<depth>3</depth>
	</size>
	<segmented>0</segmented>
	<object>
		<name>0</name>
		<pose>Unspecified</pose>
		<truncated>0</truncated>
		<difficult>0</difficult>
		<occluded>0</occluded>
		<bndbox>
			<xmin>277</xmin>
			<xmax>281</xmax>
			<ymin>256</ymin>
			<ymax>275</ymax>
		</bndbox>
	</object>
	<object>
		<name>0</name>
		<pose>Unspecified</pose>
		<truncated>0</truncated>
		<difficult>0</difficult>
		<occluded>0</occluded>
		<bndbox>
			<xmin>279</xmin>
			<xmax>290</xmax>
			<ymin>116</ymin>
			<ymax>255</ymax>
		</bndbox>
	</object>
</annotation>
