<annotation>
	<folder></folder>
	<filename>0000000711-1-Image_jpeg.rf.3a83f33735dc65b5f4a6f30db9f864ac.jpg</filename>
	<path>0000000711-1-Image_jpeg.rf.3a83f33735dc65b5f4a6f30db9f864ac.jpg</path>
	<source>
		<database>roboflow.ai</database>
	</source>
	<size>
		<width>600</width>
		<height>600</height>
		<depth>3</depth>
	</size>
	<segmented>0</segmented>
	<object>
		<name>0</name>
		<pose>Unspecified</pose>
		<truncated>0</truncated>
		<difficult>0</difficult>
		<occluded>0</occluded>
		<bndbox>
			<xmin>245</xmin>
			<xmax>249</xmax>
			<ymin>367</ymin>
			<ymax>386</ymax>
		</bndbox>
	</object>
	<object>
		<name>0</name>
		<pose>Unspecified</pose>
		<truncated>0</truncated>
		<difficult>0</difficult>
		<occluded>0</occluded>
		<bndbox>
			<xmin>208</xmin>
			<xmax>223</xmax>
			<ymin>232</ymin>
			<ymax>249</ymax>
		</bndbox>
	</object>
</annotation>
