<annotation>
	<folder></folder>
	<filename>0000001169-1-Image_jpeg.rf.223ca00b29d4dbe95be32d5c37c12c53.jpg</filename>
	<path>0000001169-1-Image_jpeg.rf.223ca00b29d4dbe95be32d5c37c12c53.jpg</path>
	<source>
		<database>roboflow.ai</database>
	</source>
	<size>
		<width>600</width>
		<height>600</height>
		<depth>3</depth>
	</size>
	<segmented>0</segmented>
	<object>
		<name>0</name>
		<pose>Unspecified</pose>
		<truncated>0</truncated>
		<difficult>0</difficult>
		<occluded>0</occluded>
		<bndbox>
			<xmin>367</xmin>
			<xmax>371</xmax>
			<ymin>389</ymin>
			<ymax>408</ymax>
		</bndbox>
	</object>
</annotation>
