<annotation>
	<folder></folder>
	<filename>0000001322-1-Image_jpeg.rf.953e8a375d80bd812bff797820ad0d97.jpg</filename>
	<path>0000001322-1-Image_jpeg.rf.953e8a375d80bd812bff797820ad0d97.jpg</path>
	<source>
		<database>roboflow.ai</database>
	</source>
	<size>
		<width>600</width>
		<height>600</height>
		<depth>3</depth>
	</size>
	<segmented>0</segmented>
	<object>
		<name>0</name>
		<pose>Unspecified</pose>
		<truncated>0</truncated>
		<difficult>0</difficult>
		<occluded>0</occluded>
		<bndbox>
			<xmin>303</xmin>
			<xmax>308</xmax>
			<ymin>301</ymin>
			<ymax>318</ymax>
		</bndbox>
	</object>
	<object>
		<name>0</name>
		<pose>Unspecified</pose>
		<truncated>0</truncated>
		<difficult>0</difficult>
		<occluded>0</occluded>
		<bndbox>
			<xmin>307</xmin>
			<xmax>314</xmax>
			<ymin>236</ymin>
			<ymax>294</ymax>
		</bndbox>
	</object>
</annotation>
