<annotation>
	<folder></folder>
	<filename>0000000289-1-Image_jpeg.rf.c047e1d6b37b9c615a6a6ca9e4e44b20.jpg</filename>
	<path>0000000289-1-Image_jpeg.rf.c047e1d6b37b9c615a6a6ca9e4e44b20.jpg</path>
	<source>
		<database>roboflow.ai</database>
	</source>
	<size>
		<width>600</width>
		<height>600</height>
		<depth>3</depth>
	</size>
	<segmented>0</segmented>
	<object>
		<name>0</name>
		<pose>Unspecified</pose>
		<truncated>0</truncated>
		<difficult>0</difficult>
		<occluded>0</occluded>
		<bndbox>
			<xmin>239</xmin>
			<xmax>243</xmax>
			<ymin>279</ymin>
			<ymax>298</ymax>
		</bndbox>
	</object>
	<object>
		<name>0</name>
		<pose>Unspecified</pose>
		<truncated>0</truncated>
		<difficult>0</difficult>
		<occluded>0</occluded>
		<bndbox>
			<xmin>245</xmin>
			<xmax>273</xmax>
			<ymin>144</ymin>
			<ymax>264</ymax>
		</bndbox>
	</object>
</annotation>
