<annotation>
	<folder></folder>
	<filename>0000000128-1-Image_jpeg.rf.c0922a80b1cf158cb5febf52589ad508.jpg</filename>
	<path>0000000128-1-Image_jpeg.rf.c0922a80b1cf158cb5febf52589ad508.jpg</path>
	<source>
		<database>roboflow.ai</database>
	</source>
	<size>
		<width>600</width>
		<height>600</height>
		<depth>3</depth>
	</size>
	<segmented>0</segmented>
	<object>
		<name>0</name>
		<pose>Unspecified</pose>
		<truncated>0</truncated>
		<difficult>0</difficult>
		<occluded>0</occluded>
		<bndbox>
			<xmin>318</xmin>
			<xmax>323</xmax>
			<ymin>262</ymin>
			<ymax>277</ymax>
		</bndbox>
	</object>
	<object>
		<name>0</name>
		<pose>Unspecified</pose>
		<truncated>0</truncated>
		<difficult>0</difficult>
		<occluded>0</occluded>
		<bndbox>
			<xmin>322</xmin>
			<xmax>337</xmax>
			<ymin>121</ymin>
			<ymax>252</ymax>
		</bndbox>
	</object>
</annotation>
