<annotation>
	<folder></folder>
	<filename>0000000490-1-Image_jpeg.rf.0a0209c8bd49c513a73f6f443af06161.jpg</filename>
	<path>0000000490-1-Image_jpeg.rf.0a0209c8bd49c513a73f6f443af06161.jpg</path>
	<source>
		<database>roboflow.ai</database>
	</source>
	<size>
		<width>600</width>
		<height>600</height>
		<depth>3</depth>
	</size>
	<segmented>0</segmented>
	<object>
		<name>0</name>
		<pose>Unspecified</pose>
		<truncated>0</truncated>
		<difficult>0</difficult>
		<occluded>0</occluded>
		<bndbox>
			<xmin>288</xmin>
			<xmax>292</xmax>
			<ymin>326</ymin>
			<ymax>343</ymax>
		</bndbox>
	</object>
	<object>
		<name>0</name>
		<pose>Unspecified</pose>
		<truncated>0</truncated>
		<difficult>0</difficult>
		<occluded>0</occluded>
		<bndbox>
			<xmin>277</xmin>
			<xmax>284</xmax>
			<ymin>234</ymin>
			<ymax>268</ymax>
		</bndbox>
	</object>
</annotation>
