<annotation>
	<folder></folder>
	<filename>0000000154-1-Image_jpeg.rf.f6b39feb6d07d5d6b4cab7558765dc27.jpg</filename>
	<path>0000000154-1-Image_jpeg.rf.f6b39feb6d07d5d6b4cab7558765dc27.jpg</path>
	<source>
		<database>roboflow.ai</database>
	</source>
	<size>
		<width>600</width>
		<height>600</height>
		<depth>3</depth>
	</size>
	<segmented>0</segmented>
	<object>
		<name>0</name>
		<pose>Unspecified</pose>
		<truncated>0</truncated>
		<difficult>0</difficult>
		<occluded>0</occluded>
		<bndbox>
			<xmin>170</xmin>
			<xmax>174</xmax>
			<ymin>134</ymin>
			<ymax>151</ymax>
		</bndbox>
	</object>
	<object>
		<name>0</name>
		<pose>Unspecified</pose>
		<truncated>0</truncated>
		<difficult>0</difficult>
		<occluded>0</occluded>
		<bndbox>
			<xmin>138</xmin>
			<xmax>172</xmax>
			<ymin>5</ymin>
			<ymax>132</ymax>
		</bndbox>
	</object>
</annotation>
