<annotation>
	<folder></folder>
	<filename>0000000755-1-Image_jpeg.rf.c710d2f60f75cf6e85ad8638399920f2.jpg</filename>
	<path>0000000755-1-Image_jpeg.rf.c710d2f60f75cf6e85ad8638399920f2.jpg</path>
	<source>
		<database>roboflow.ai</database>
	</source>
	<size>
		<width>600</width>
		<height>600</height>
		<depth>3</depth>
	</size>
	<segmented>0</segmented>
	<object>
		<name>0</name>
		<pose>Unspecified</pose>
		<truncated>0</truncated>
		<difficult>0</difficult>
		<occluded>0</occluded>
		<bndbox>
			<xmin>288</xmin>
			<xmax>292</xmax>
			<ymin>299</ymin>
			<ymax>318</ymax>
		</bndbox>
	</object>
	<object>
		<name>0</name>
		<pose>Unspecified</pose>
		<truncated>0</truncated>
		<difficult>0</difficult>
		<occluded>0</occluded>
		<bndbox>
			<xmin>265</xmin>
			<xmax>290</xmax>
			<ymin>170</ymin>
			<ymax>297</ymax>
		</bndbox>
	</object>
</annotation>
