<annotation>
	<folder></folder>
	<filename>0000001045-1-Image_jpeg.rf.2c4a9a066d95bd1b2e952d5fc23cc400.jpg</filename>
	<path>0000001045-1-Image_jpeg.rf.2c4a9a066d95bd1b2e952d5fc23cc400.jpg</path>
	<source>
		<database>roboflow.ai</database>
	</source>
	<size>
		<width>600</width>
		<height>600</height>
		<depth>3</depth>
	</size>
	<segmented>0</segmented>
	<object>
		<name>0</name>
		<pose>Unspecified</pose>
		<truncated>0</truncated>
		<difficult>0</difficult>
		<occluded>0</occluded>
		<bndbox>
			<xmin>297</xmin>
			<xmax>301</xmax>
			<ymin>297</ymin>
			<ymax>316</ymax>
		</bndbox>
	</object>
	<object>
		<name>0</name>
		<pose>Unspecified</pose>
		<truncated>0</truncated>
		<difficult>0</difficult>
		<occluded>0</occluded>
		<bndbox>
			<xmin>295</xmin>
			<xmax>299</xmax>
			<ymin>247</ymin>
			<ymax>294</ymax>
		</bndbox>
	</object>
</annotation>
