<annotation>
	<folder></folder>
	<filename>0000000845-1-Image_jpeg.rf.126aebe59066b5fb1f7183e95e41d0e0.jpg</filename>
	<path>0000000845-1-Image_jpeg.rf.126aebe59066b5fb1f7183e95e41d0e0.jpg</path>
	<source>
		<database>roboflow.ai</database>
	</source>
	<size>
		<width>600</width>
		<height>600</height>
		<depth>3</depth>
	</size>
	<segmented>0</segmented>
	<object>
		<name>0</name>
		<pose>Unspecified</pose>
		<truncated>0</truncated>
		<difficult>0</difficult>
		<occluded>0</occluded>
		<bndbox>
			<xmin>333</xmin>
			<xmax>338</xmax>
			<ymin>226</ymin>
			<ymax>243</ymax>
		</bndbox>
	</object>
	<object>
		<name>0</name>
		<pose>Unspecified</pose>
		<truncated>0</truncated>
		<difficult>0</difficult>
		<occluded>0</occluded>
		<bndbox>
			<xmin>337</xmin>
			<xmax>356</xmax>
			<ymin>91</ymin>
			<ymax>217</ymax>
		</bndbox>
	</object>
</annotation>
