<annotation>
	<folder></folder>
	<filename>0000000073-1-Image_jpeg.rf.f0aac06b406aed70f9e046151ba332fe.jpg</filename>
	<path>0000000073-1-Image_jpeg.rf.f0aac06b406aed70f9e046151ba332fe.jpg</path>
	<source>
		<database>roboflow.ai</database>
	</source>
	<size>
		<width>600</width>
		<height>600</height>
		<depth>3</depth>
	</size>
	<segmented>0</segmented>
	<object>
		<name>0</name>
		<pose>Unspecified</pose>
		<truncated>0</truncated>
		<difficult>0</difficult>
		<occluded>0</occluded>
		<bndbox>
			<xmin>312</xmin>
			<xmax>316</xmax>
			<ymin>294</ymin>
			<ymax>313</ymax>
		</bndbox>
	</object>
	<object>
		<name>0</name>
		<pose>Unspecified</pose>
		<truncated>0</truncated>
		<difficult>0</difficult>
		<occluded>0</occluded>
		<bndbox>
			<xmin>277</xmin>
			<xmax>312</xmax>
			<ymin>159</ymin>
			<ymax>279</ymax>
		</bndbox>
	</object>
</annotation>
