<annotation>
	<folder></folder>
	<filename>0000000596-1-Image_jpeg.rf.d7a11860e32fd5787583a1d42c074481.jpg</filename>
	<path>0000000596-1-Image_jpeg.rf.d7a11860e32fd5787583a1d42c074481.jpg</path>
	<source>
		<database>roboflow.ai</database>
	</source>
	<size>
		<width>600</width>
		<height>600</height>
		<depth>3</depth>
	</size>
	<segmented>0</segmented>
	<object>
		<name>0</name>
		<pose>Unspecified</pose>
		<truncated>0</truncated>
		<difficult>0</difficult>
		<occluded>0</occluded>
		<bndbox>
			<xmin>277</xmin>
			<xmax>281</xmax>
			<ymin>275</ymin>
			<ymax>292</ymax>
		</bndbox>
	</object>
	<object>
		<name>0</name>
		<pose>Unspecified</pose>
		<truncated>0</truncated>
		<difficult>0</difficult>
		<occluded>0</occluded>
		<bndbox>
			<xmin>256</xmin>
			<xmax>278</xmax>
			<ymin>143</ymin>
			<ymax>273</ymax>
		</bndbox>
	</object>
</annotation>
