<annotation>
	<folder></folder>
	<filename>0000001218-1-Image_jpeg.rf.551fcb9a4dd6ed36d7e9a75bda222508.jpg</filename>
	<path>0000001218-1-Image_jpeg.rf.551fcb9a4dd6ed36d7e9a75bda222508.jpg</path>
	<source>
		<database>roboflow.ai</database>
	</source>
	<size>
		<width>600</width>
		<height>600</height>
		<depth>3</depth>
	</size>
	<segmented>0</segmented>
	<object>
		<name>0</name>
		<pose>Unspecified</pose>
		<truncated>0</truncated>
		<difficult>0</difficult>
		<occluded>0</occluded>
		<bndbox>
			<xmin>282</xmin>
			<xmax>286</xmax>
			<ymin>292</ymin>
			<ymax>311</ymax>
		</bndbox>
	</object>
	<object>
		<name>0</name>
		<pose>Unspecified</pose>
		<truncated>0</truncated>
		<difficult>0</difficult>
		<occluded>0</occluded>
		<bndbox>
			<xmin>284</xmin>
			<xmax>307</xmax>
			<ymin>159</ymin>
			<ymax>283</ymax>
		</bndbox>
	</object>
</annotation>
