<annotation>
	<folder></folder>
	<filename>0000000553-1-Image_jpeg.rf.95d94fc097f2e8e915da3e49f2e42989.jpg</filename>
	<path>0000000553-1-Image_jpeg.rf.95d94fc097f2e8e915da3e49f2e42989.jpg</path>
	<source>
		<database>roboflow.ai</database>
	</source>
	<size>
		<width>600</width>
		<height>600</height>
		<depth>3</depth>
	</size>
	<segmented>0</segmented>
	<object>
		<name>0</name>
		<pose>Unspecified</pose>
		<truncated>0</truncated>
		<difficult>0</difficult>
		<occluded>0</occluded>
		<bndbox>
			<xmin>307</xmin>
			<xmax>312</xmax>
			<ymin>294</ymin>
			<ymax>309</ymax>
		</bndbox>
	</object>
	<object>
		<name>0</name>
		<pose>Unspecified</pose>
		<truncated>0</truncated>
		<difficult>0</difficult>
		<occluded>0</occluded>
		<bndbox>
			<xmin>301</xmin>
			<xmax>310</xmax>
			<ymin>151</ymin>
			<ymax>292</ymax>
		</bndbox>
	</object>
</annotation>
