<annotation>
	<folder></folder>
	<filename>0000001247-1-Image_jpeg.rf.8c36c43268ce3a488789f95c22874ab6.jpg</filename>
	<path>0000001247-1-Image_jpeg.rf.8c36c43268ce3a488789f95c22874ab6.jpg</path>
	<source>
		<database>roboflow.ai</database>
	</source>
	<size>
		<width>600</width>
		<height>600</height>
		<depth>3</depth>
	</size>
	<segmented>0</segmented>
	<object>
		<name>0</name>
		<pose>Unspecified</pose>
		<truncated>0</truncated>
		<difficult>0</difficult>
		<occluded>0</occluded>
		<bndbox>
			<xmin>239</xmin>
			<xmax>243</xmax>
			<ymin>239</ymin>
			<ymax>256</ymax>
		</bndbox>
	</object>
	<object>
		<name>0</name>
		<pose>Unspecified</pose>
		<truncated>0</truncated>
		<difficult>0</difficult>
		<occluded>0</occluded>
		<bndbox>
			<xmin>205</xmin>
			<xmax>241</xmax>
			<ymin>103</ymin>
			<ymax>238</ymax>
		</bndbox>
	</object>
</annotation>
