<annotation>
	<folder></folder>
	<filename>0000000014-1-Image_jpeg.rf.919d380294589e65bd4d3e9b4e66b6c5.jpg</filename>
	<path>0000000014-1-Image_jpeg.rf.919d380294589e65bd4d3e9b4e66b6c5.jpg</path>
	<source>
		<database>roboflow.ai</database>
	</source>
	<size>
		<width>600</width>
		<height>600</height>
		<depth>3</depth>
	</size>
	<segmented>0</segmented>
	<object>
		<name>0</name>
		<pose>Unspecified</pose>
		<truncated>0</truncated>
		<difficult>0</difficult>
		<occluded>0</occluded>
		<bndbox>
			<xmin>294</xmin>
			<xmax>298</xmax>
			<ymin>279</ymin>
			<ymax>298</ymax>
		</bndbox>
	</object>
	<object>
		<name>0</name>
		<pose>Unspecified</pose>
		<truncated>0</truncated>
		<difficult>0</difficult>
		<occluded>0</occluded>
		<bndbox>
			<xmin>296</xmin>
			<xmax>315</xmax>
			<ymin>147</ymin>
			<ymax>271</ymax>
		</bndbox>
	</object>
</annotation>
