<annotation>
	<folder></folder>
	<filename>0000000550-1-Image_jpeg.rf.ef64baeb545dfdc28a9e599a7c9b8a08.jpg</filename>
	<path>0000000550-1-Image_jpeg.rf.ef64baeb545dfdc28a9e599a7c9b8a08.jpg</path>
	<source>
		<database>roboflow.ai</database>
	</source>
	<size>
		<width>600</width>
		<height>600</height>
		<depth>3</depth>
	</size>
	<segmented>0</segmented>
	<object>
		<name>0</name>
		<pose>Unspecified</pose>
		<truncated>0</truncated>
		<difficult>0</difficult>
		<occluded>0</occluded>
		<bndbox>
			<xmin>258</xmin>
			<xmax>262</xmax>
			<ymin>237</ymin>
			<ymax>256</ymax>
		</bndbox>
	</object>
	<object>
		<name>0</name>
		<pose>Unspecified</pose>
		<truncated>0</truncated>
		<difficult>0</difficult>
		<occluded>0</occluded>
		<bndbox>
			<xmin>252</xmin>
			<xmax>260</xmax>
			<ymin>97</ymin>
			<ymax>236</ymax>
		</bndbox>
	</object>
</annotation>
