<annotation>
	<folder></folder>
	<filename>0000001298-1-Image_jpeg.rf.fb93a74a2ef829fc0be6eb8016e8faa1.jpg</filename>
	<path>0000001298-1-Image_jpeg.rf.fb93a74a2ef829fc0be6eb8016e8faa1.jpg</path>
	<source>
		<database>roboflow.ai</database>
	</source>
	<size>
		<width>600</width>
		<height>600</height>
		<depth>3</depth>
	</size>
	<segmented>0</segmented>
	<object>
		<name>0</name>
		<pose>Unspecified</pose>
		<truncated>0</truncated>
		<difficult>0</difficult>
		<occluded>0</occluded>
		<bndbox>
			<xmin>305</xmin>
			<xmax>309</xmax>
			<ymin>294</ymin>
			<ymax>311</ymax>
		</bndbox>
	</object>
	<object>
		<name>0</name>
		<pose>Unspecified</pose>
		<truncated>0</truncated>
		<difficult>0</difficult>
		<occluded>0</occluded>
		<bndbox>
			<xmin>301</xmin>
			<xmax>309</xmax>
			<ymin>153</ymin>
			<ymax>292</ymax>
		</bndbox>
	</object>
</annotation>
