<annotation>
	<folder></folder>
	<filename>0000000931-1-Image_jpeg.rf.7ee4393aeb6775dd5805aa64d8405088.jpg</filename>
	<path>0000000931-1-Image_jpeg.rf.7ee4393aeb6775dd5805aa64d8405088.jpg</path>
	<source>
		<database>roboflow.ai</database>
	</source>
	<size>
		<width>600</width>
		<height>600</height>
		<depth>3</depth>
	</size>
	<segmented>0</segmented>
	<object>
		<name>0</name>
		<pose>Unspecified</pose>
		<truncated>0</truncated>
		<difficult>0</difficult>
		<occluded>0</occluded>
		<bndbox>
			<xmin>301</xmin>
			<xmax>305</xmax>
			<ymin>292</ymin>
			<ymax>309</ymax>
		</bndbox>
	</object>
	<object>
		<name>0</name>
		<pose>Unspecified</pose>
		<truncated>0</truncated>
		<difficult>0</difficult>
		<occluded>0</occluded>
		<bndbox>
			<xmin>269</xmin>
			<xmax>303</xmax>
			<ymin>155</ymin>
			<ymax>290</ymax>
		</bndbox>
	</object>
</annotation>
