<annotation>
	<folder></folder>
	<filename>0000000445-1-Image_jpeg.rf.b9fa9090c83a4f428b47d3cc7dee4f12.jpg</filename>
	<path>0000000445-1-Image_jpeg.rf.b9fa9090c83a4f428b47d3cc7dee4f12.jpg</path>
	<source>
		<database>roboflow.ai</database>
	</source>
	<size>
		<width>600</width>
		<height>600</height>
		<depth>3</depth>
	</size>
	<segmented>0</segmented>
	<object>
		<name>0</name>
		<pose>Unspecified</pose>
		<truncated>0</truncated>
		<difficult>0</difficult>
		<occluded>0</occluded>
		<bndbox>
			<xmin>294</xmin>
			<xmax>299</xmax>
			<ymin>288</ymin>
			<ymax>305</ymax>
		</bndbox>
	</object>
	<object>
		<name>0</name>
		<pose>Unspecified</pose>
		<truncated>0</truncated>
		<difficult>0</difficult>
		<occluded>0</occluded>
		<bndbox>
			<xmin>297</xmin>
			<xmax>322</xmax>
			<ymin>149</ymin>
			<ymax>286</ymax>
		</bndbox>
	</object>
</annotation>
