<annotation>
	<folder></folder>
	<filename>0000001051-1-Image-11-53-46-AM_jpeg.rf.9d8783a375a9b3837de6ded16e5eec6d.jpg</filename>
	<path>0000001051-1-Image-11-53-46-AM_jpeg.rf.9d8783a375a9b3837de6ded16e5eec6d.jpg</path>
	<source>
		<database>roboflow.ai</database>
	</source>
	<size>
		<width>600</width>
		<height>600</height>
		<depth>3</depth>
	</size>
	<segmented>0</segmented>
	<object>
		<name>0</name>
		<pose>Unspecified</pose>
		<truncated>0</truncated>
		<difficult>0</difficult>
		<occluded>0</occluded>
		<bndbox>
			<xmin>230</xmin>
			<xmax>234</xmax>
			<ymin>237</ymin>
			<ymax>256</ymax>
		</bndbox>
	</object>
	<object>
		<name>0</name>
		<pose>Unspecified</pose>
		<truncated>0</truncated>
		<difficult>0</difficult>
		<occluded>0</occluded>
		<bndbox>
			<xmin>224</xmin>
			<xmax>234</xmax>
			<ymin>97</ymin>
			<ymax>236</ymax>
		</bndbox>
	</object>
</annotation>
