<annotation>
	<folder></folder>
	<filename>0000000556-1-Image_jpeg.rf.696b790e9ff25d0a5a28540c44d922b4.jpg</filename>
	<path>0000000556-1-Image_jpeg.rf.696b790e9ff25d0a5a28540c44d922b4.jpg</path>
	<source>
		<database>roboflow.ai</database>
	</source>
	<size>
		<width>600</width>
		<height>600</height>
		<depth>3</depth>
	</size>
	<segmented>0</segmented>
	<object>
		<name>0</name>
		<pose>Unspecified</pose>
		<truncated>0</truncated>
		<difficult>0</difficult>
		<occluded>0</occluded>
		<bndbox>
			<xmin>282</xmin>
			<xmax>288</xmax>
			<ymin>294</ymin>
			<ymax>311</ymax>
		</bndbox>
	</object>
	<object>
		<name>0</name>
		<pose>Unspecified</pose>
		<truncated>0</truncated>
		<difficult>0</difficult>
		<occluded>0</occluded>
		<bndbox>
			<xmin>278</xmin>
			<xmax>286</xmax>
			<ymin>153</ymin>
			<ymax>286</ymax>
		</bndbox>
	</object>
</annotation>
