<annotation>
	<folder></folder>
	<filename>0000000790-1-Image_jpeg.rf.a3ce2a5449251cf5096a6316cee2680d.jpg</filename>
	<path>0000000790-1-Image_jpeg.rf.a3ce2a5449251cf5096a6316cee2680d.jpg</path>
	<source>
		<database>roboflow.ai</database>
	</source>
	<size>
		<width>600</width>
		<height>600</height>
		<depth>3</depth>
	</size>
	<segmented>0</segmented>
	<object>
		<name>0</name>
		<pose>Unspecified</pose>
		<truncated>0</truncated>
		<difficult>0</difficult>
		<occluded>0</occluded>
		<bndbox>
			<xmin>483</xmin>
			<xmax>487</xmax>
			<ymin>237</ymin>
			<ymax>256</ymax>
		</bndbox>
	</object>
	<object>
		<name>0</name>
		<pose>Unspecified</pose>
		<truncated>0</truncated>
		<difficult>0</difficult>
		<occluded>0</occluded>
		<bndbox>
			<xmin>485</xmin>
			<xmax>513</xmax>
			<ymin>112</ymin>
			<ymax>236</ymax>
		</bndbox>
	</object>
</annotation>
