<annotation>
	<folder></folder>
	<filename>0000000981-1-Image_jpeg.rf.18e88859c20b26886bb1074dd6a8fe3b.jpg</filename>
	<path>0000000981-1-Image_jpeg.rf.18e88859c20b26886bb1074dd6a8fe3b.jpg</path>
	<source>
		<database>roboflow.ai</database>
	</source>
	<size>
		<width>600</width>
		<height>600</height>
		<depth>3</depth>
	</size>
	<segmented>0</segmented>
	<object>
		<name>0</name>
		<pose>Unspecified</pose>
		<truncated>0</truncated>
		<difficult>0</difficult>
		<occluded>0</occluded>
		<bndbox>
			<xmin>294</xmin>
			<xmax>298</xmax>
			<ymin>284</ymin>
			<ymax>301</ymax>
		</bndbox>
	</object>
	<object>
		<name>0</name>
		<pose>Unspecified</pose>
		<truncated>0</truncated>
		<difficult>0</difficult>
		<occluded>0</occluded>
		<bndbox>
			<xmin>295</xmin>
			<xmax>318</xmax>
			<ymin>144</ymin>
			<ymax>275</ymax>
		</bndbox>
	</object>
</annotation>
