<annotation>
	<folder></folder>
	<filename>0000001003-1-Image_jpeg.rf.6381ef8f85a584af2b633cbed8b8547f.jpg</filename>
	<path>0000001003-1-Image_jpeg.rf.6381ef8f85a584af2b633cbed8b8547f.jpg</path>
	<source>
		<database>roboflow.ai</database>
	</source>
	<size>
		<width>600</width>
		<height>600</height>
		<depth>3</depth>
	</size>
	<segmented>0</segmented>
	<object>
		<name>0</name>
		<pose>Unspecified</pose>
		<truncated>0</truncated>
		<difficult>0</difficult>
		<occluded>0</occluded>
		<bndbox>
			<xmin>303</xmin>
			<xmax>308</xmax>
			<ymin>299</ymin>
			<ymax>316</ymax>
		</bndbox>
	</object>
	<object>
		<name>0</name>
		<pose>Unspecified</pose>
		<truncated>0</truncated>
		<difficult>0</difficult>
		<occluded>0</occluded>
		<bndbox>
			<xmin>303</xmin>
			<xmax>307</xmax>
			<ymin>164</ymin>
			<ymax>297</ymax>
		</bndbox>
	</object>
</annotation>
