<annotation>
	<folder></folder>
	<filename>0000000215-1-Image_jpeg.rf.4a22c33f1a5476620a5dd240268dfbf7.jpg</filename>
	<path>0000000215-1-Image_jpeg.rf.4a22c33f1a5476620a5dd240268dfbf7.jpg</path>
	<source>
		<database>roboflow.ai</database>
	</source>
	<size>
		<width>600</width>
		<height>600</height>
		<depth>3</depth>
	</size>
	<segmented>0</segmented>
	<object>
		<name>0</name>
		<pose>Unspecified</pose>
		<truncated>0</truncated>
		<difficult>0</difficult>
		<occluded>0</occluded>
		<bndbox>
			<xmin>303</xmin>
			<xmax>307</xmax>
			<ymin>286</ymin>
			<ymax>303</ymax>
		</bndbox>
	</object>
	<object>
		<name>0</name>
		<pose>Unspecified</pose>
		<truncated>0</truncated>
		<difficult>0</difficult>
		<occluded>0</occluded>
		<bndbox>
			<xmin>307</xmin>
			<xmax>326</xmax>
			<ymin>174</ymin>
			<ymax>284</ymax>
		</bndbox>
	</object>
</annotation>
