<annotation>
	<folder></folder>
	<filename>0000000459-1-Image_jpeg.rf.f3a0930c14fefc3132a8aa5e6f7f3fea.jpg</filename>
	<path>0000000459-1-Image_jpeg.rf.f3a0930c14fefc3132a8aa5e6f7f3fea.jpg</path>
	<source>
		<database>roboflow.ai</database>
	</source>
	<size>
		<width>600</width>
		<height>600</height>
		<depth>3</depth>
	</size>
	<segmented>0</segmented>
	<object>
		<name>0</name>
		<pose>Unspecified</pose>
		<truncated>0</truncated>
		<difficult>0</difficult>
		<occluded>0</occluded>
		<bndbox>
			<xmin>279</xmin>
			<xmax>283</xmax>
			<ymin>282</ymin>
			<ymax>299</ymax>
		</bndbox>
	</object>
	<object>
		<name>0</name>
		<pose>Unspecified</pose>
		<truncated>0</truncated>
		<difficult>0</difficult>
		<occluded>0</occluded>
		<bndbox>
			<xmin>280</xmin>
			<xmax>305</xmax>
			<ymin>159</ymin>
			<ymax>281</ymax>
		</bndbox>
	</object>
</annotation>
