<annotation>
	<folder></folder>
	<filename>0000000597-1-Image_jpeg.rf.8ade95126ab800f5cd88fba1240400d0.jpg</filename>
	<path>0000000597-1-Image_jpeg.rf.8ade95126ab800f5cd88fba1240400d0.jpg</path>
	<source>
		<database>roboflow.ai</database>
	</source>
	<size>
		<width>600</width>
		<height>600</height>
		<depth>3</depth>
	</size>
	<segmented>0</segmented>
	<object>
		<name>0</name>
		<pose>Unspecified</pose>
		<truncated>0</truncated>
		<difficult>0</difficult>
		<occluded>0</occluded>
		<bndbox>
			<xmin>301</xmin>
			<xmax>305</xmax>
			<ymin>288</ymin>
			<ymax>305</ymax>
		</bndbox>
	</object>
	<object>
		<name>0</name>
		<pose>Unspecified</pose>
		<truncated>0</truncated>
		<difficult>0</difficult>
		<occluded>0</occluded>
		<bndbox>
			<xmin>301</xmin>
			<xmax>305</xmax>
			<ymin>153</ymin>
			<ymax>286</ymax>
		</bndbox>
	</object>
</annotation>
