<annotation>
	<folder></folder>
	<filename>0000001294-1-Image_jpeg.rf.16434ba5bcdbe378887b8ac17f98a879.jpg</filename>
	<path>0000001294-1-Image_jpeg.rf.16434ba5bcdbe378887b8ac17f98a879.jpg</path>
	<source>
		<database>roboflow.ai</database>
	</source>
	<size>
		<width>600</width>
		<height>600</height>
		<depth>3</depth>
	</size>
	<segmented>0</segmented>
	<object>
		<name>0</name>
		<pose>Unspecified</pose>
		<truncated>0</truncated>
		<difficult>0</difficult>
		<occluded>0</occluded>
		<bndbox>
			<xmin>265</xmin>
			<xmax>269</xmax>
			<ymin>384</ymin>
			<ymax>401</ymax>
		</bndbox>
	</object>
</annotation>
