<annotation>
	<folder></folder>
	<filename>0000000665-1-Image_jpeg.rf.3cb129d864fcce6858ffb18994b1e7b6.jpg</filename>
	<path>0000000665-1-Image_jpeg.rf.3cb129d864fcce6858ffb18994b1e7b6.jpg</path>
	<source>
		<database>roboflow.ai</database>
	</source>
	<size>
		<width>600</width>
		<height>600</height>
		<depth>3</depth>
	</size>
	<segmented>0</segmented>
	<object>
		<name>0</name>
		<pose>Unspecified</pose>
		<truncated>0</truncated>
		<difficult>0</difficult>
		<occluded>0</occluded>
		<bndbox>
			<xmin>232</xmin>
			<xmax>236</xmax>
			<ymin>367</ymin>
			<ymax>386</ymax>
		</bndbox>
	</object>
	<object>
		<name>0</name>
		<pose>Unspecified</pose>
		<truncated>0</truncated>
		<difficult>0</difficult>
		<occluded>0</occluded>
		<bndbox>
			<xmin>226</xmin>
			<xmax>230</xmax>
			<ymin>290</ymin>
			<ymax>310</ymax>
		</bndbox>
	</object>
</annotation>
