<annotation>
	<folder></folder>
	<filename>0000000148-1-Image_jpeg.rf.9f2f2057641299602f436aac305d7920.jpg</filename>
	<path>0000000148-1-Image_jpeg.rf.9f2f2057641299602f436aac305d7920.jpg</path>
	<source>
		<database>roboflow.ai</database>
	</source>
	<size>
		<width>600</width>
		<height>600</height>
		<depth>3</depth>
	</size>
	<segmented>0</segmented>
	<object>
		<name>0</name>
		<pose>Unspecified</pose>
		<truncated>0</truncated>
		<difficult>0</difficult>
		<occluded>0</occluded>
		<bndbox>
			<xmin>282</xmin>
			<xmax>286</xmax>
			<ymin>292</ymin>
			<ymax>309</ymax>
		</bndbox>
	</object>
	<object>
		<name>0</name>
		<pose>Unspecified</pose>
		<truncated>0</truncated>
		<difficult>0</difficult>
		<occluded>0</occluded>
		<bndbox>
			<xmin>269</xmin>
			<xmax>284</xmax>
			<ymin>151</ymin>
			<ymax>267</ymax>
		</bndbox>
	</object>
</annotation>
