<annotation>
	<folder></folder>
	<filename>0000000269-1-Image_jpeg.rf.a5aaf1daabc969bd43e71543684ed00f.jpg</filename>
	<path>0000000269-1-Image_jpeg.rf.a5aaf1daabc969bd43e71543684ed00f.jpg</path>
	<source>
		<database>roboflow.ai</database>
	</source>
	<size>
		<width>600</width>
		<height>600</height>
		<depth>3</depth>
	</size>
	<segmented>0</segmented>
	<object>
		<name>0</name>
		<pose>Unspecified</pose>
		<truncated>0</truncated>
		<difficult>0</difficult>
		<occluded>0</occluded>
		<bndbox>
			<xmin>267</xmin>
			<xmax>271</xmax>
			<ymin>284</ymin>
			<ymax>303</ymax>
		</bndbox>
	</object>
	<object>
		<name>0</name>
		<pose>Unspecified</pose>
		<truncated>0</truncated>
		<difficult>0</difficult>
		<occluded>0</occluded>
		<bndbox>
			<xmin>252</xmin>
			<xmax>269</xmax>
			<ymin>144</ymin>
			<ymax>283</ymax>
		</bndbox>
	</object>
</annotation>
