<annotation>
	<folder></folder>
	<filename>0000001047-1-Image_jpeg.rf.2ccc5136bb91e9791d67a02d729c8e20.jpg</filename>
	<path>0000001047-1-Image_jpeg.rf.2ccc5136bb91e9791d67a02d729c8e20.jpg</path>
	<source>
		<database>roboflow.ai</database>
	</source>
	<size>
		<width>600</width>
		<height>600</height>
		<depth>3</depth>
	</size>
	<segmented>0</segmented>
	<object>
		<name>0</name>
		<pose>Unspecified</pose>
		<truncated>0</truncated>
		<difficult>0</difficult>
		<occluded>0</occluded>
		<bndbox>
			<xmin>335</xmin>
			<xmax>339</xmax>
			<ymin>312</ymin>
			<ymax>329</ymax>
		</bndbox>
	</object>
</annotation>
