<annotation>
	<folder></folder>
	<filename>0000001159-1-Image_jpeg.rf.e2c1391745c0712dac686c3679c1e600.jpg</filename>
	<path>0000001159-1-Image_jpeg.rf.e2c1391745c0712dac686c3679c1e600.jpg</path>
	<source>
		<database>roboflow.ai</database>
	</source>
	<size>
		<width>600</width>
		<height>600</height>
		<depth>3</depth>
	</size>
	<segmented>0</segmented>
	<object>
		<name>0</name>
		<pose>Unspecified</pose>
		<truncated>0</truncated>
		<difficult>0</difficult>
		<occluded>0</occluded>
		<bndbox>
			<xmin>288</xmin>
			<xmax>293</xmax>
			<ymin>348</ymin>
			<ymax>365</ymax>
		</bndbox>
	</object>
	<object>
		<name>0</name>
		<pose>Unspecified</pose>
		<truncated>0</truncated>
		<difficult>0</difficult>
		<occluded>0</occluded>
		<bndbox>
			<xmin>265</xmin>
			<xmax>290</xmax>
			<ymin>223</ymin>
			<ymax>326</ymax>
		</bndbox>
	</object>
</annotation>
