<annotation>
	<folder></folder>
	<filename>0000000365-1-Image_jpeg.rf.cdece04d865e1278fc84f6bc157654a1.jpg</filename>
	<path>0000000365-1-Image_jpeg.rf.cdece04d865e1278fc84f6bc157654a1.jpg</path>
	<source>
		<database>roboflow.ai</database>
	</source>
	<size>
		<width>600</width>
		<height>600</height>
		<depth>3</depth>
	</size>
	<segmented>0</segmented>
	<object>
		<name>0</name>
		<pose>Unspecified</pose>
		<truncated>0</truncated>
		<difficult>0</difficult>
		<occluded>0</occluded>
		<bndbox>
			<xmin>333</xmin>
			<xmax>337</xmax>
			<ymin>311</ymin>
			<ymax>330</ymax>
		</bndbox>
	</object>
	<object>
		<name>0</name>
		<pose>Unspecified</pose>
		<truncated>0</truncated>
		<difficult>0</difficult>
		<occluded>0</occluded>
		<bndbox>
			<xmin>337</xmin>
			<xmax>342</xmax>
			<ymin>170</ymin>
			<ymax>198</ymax>
		</bndbox>
	</object>
</annotation>
