<annotation>
	<folder></folder>
	<filename>0000000225-1-Image_jpeg.rf.96871b128b98e99f08acee4f4519fed1.jpg</filename>
	<path>0000000225-1-Image_jpeg.rf.96871b128b98e99f08acee4f4519fed1.jpg</path>
	<source>
		<database>roboflow.ai</database>
	</source>
	<size>
		<width>600</width>
		<height>600</height>
		<depth>3</depth>
	</size>
	<segmented>0</segmented>
	<object>
		<name>0</name>
		<pose>Unspecified</pose>
		<truncated>0</truncated>
		<difficult>0</difficult>
		<occluded>0</occluded>
		<bndbox>
			<xmin>357</xmin>
			<xmax>363</xmax>
			<ymin>290</ymin>
			<ymax>307</ymax>
		</bndbox>
	</object>
	<object>
		<name>0</name>
		<pose>Unspecified</pose>
		<truncated>0</truncated>
		<difficult>0</difficult>
		<occluded>0</occluded>
		<bndbox>
			<xmin>352</xmin>
			<xmax>361</xmax>
			<ymin>157</ymin>
			<ymax>275</ymax>
		</bndbox>
	</object>
</annotation>
