<annotation>
	<folder></folder>
	<filename>0000001044-1-Image-11-53-46-AM_jpeg.rf.a56953dd052cf09a9ffc81c67ad85772.jpg</filename>
	<path>0000001044-1-Image-11-53-46-AM_jpeg.rf.a56953dd052cf09a9ffc81c67ad85772.jpg</path>
	<source>
		<database>roboflow.ai</database>
	</source>
	<size>
		<width>600</width>
		<height>600</height>
		<depth>3</depth>
	</size>
	<segmented>0</segmented>
	<object>
		<name>0</name>
		<pose>Unspecified</pose>
		<truncated>0</truncated>
		<difficult>0</difficult>
		<occluded>0</occluded>
		<bndbox>
			<xmin>352</xmin>
			<xmax>357</xmax>
			<ymin>301</ymin>
			<ymax>318</ymax>
		</bndbox>
	</object>
	<object>
		<name>0</name>
		<pose>Unspecified</pose>
		<truncated>0</truncated>
		<difficult>0</difficult>
		<occluded>0</occluded>
		<bndbox>
			<xmin>325</xmin>
			<xmax>350</xmax>
			<ymin>163</ymin>
			<ymax>236</ymax>
		</bndbox>
	</object>
</annotation>
