<annotation>
	<folder></folder>
	<filename>0000001334-1-Image_jpeg.rf.9718250ae8db7537024343127525cb3c.jpg</filename>
	<path>0000001334-1-Image_jpeg.rf.9718250ae8db7537024343127525cb3c.jpg</path>
	<source>
		<database>roboflow.ai</database>
	</source>
	<size>
		<width>600</width>
		<height>600</height>
		<depth>3</depth>
	</size>
	<segmented>0</segmented>
	<object>
		<name>0</name>
		<pose>Unspecified</pose>
		<truncated>0</truncated>
		<difficult>0</difficult>
		<occluded>0</occluded>
		<bndbox>
			<xmin>288</xmin>
			<xmax>293</xmax>
			<ymin>288</ymin>
			<ymax>303</ymax>
		</bndbox>
	</object>
	<object>
		<name>0</name>
		<pose>Unspecified</pose>
		<truncated>0</truncated>
		<difficult>0</difficult>
		<occluded>0</occluded>
		<bndbox>
			<xmin>258</xmin>
			<xmax>292</xmax>
			<ymin>151</ymin>
			<ymax>286</ymax>
		</bndbox>
	</object>
</annotation>
