<annotation>
	<folder></folder>
	<filename>0000000348-1-Image_jpeg.rf.a2683199ffa165e8c0fc3e82936c843a.jpg</filename>
	<path>0000000348-1-Image_jpeg.rf.a2683199ffa165e8c0fc3e82936c843a.jpg</path>
	<source>
		<database>roboflow.ai</database>
	</source>
	<size>
		<width>600</width>
		<height>600</height>
		<depth>3</depth>
	</size>
	<segmented>0</segmented>
	<object>
		<name>0</name>
		<pose>Unspecified</pose>
		<truncated>0</truncated>
		<difficult>0</difficult>
		<occluded>0</occluded>
		<bndbox>
			<xmin>333</xmin>
			<xmax>337</xmax>
			<ymin>320</ymin>
			<ymax>337</ymax>
		</bndbox>
	</object>
	<object>
		<name>0</name>
		<pose>Unspecified</pose>
		<truncated>0</truncated>
		<difficult>0</difficult>
		<occluded>0</occluded>
		<bndbox>
			<xmin>337</xmin>
			<xmax>352</xmax>
			<ymin>192</ymin>
			<ymax>275</ymax>
		</bndbox>
	</object>
</annotation>
