<annotation>
	<folder></folder>
	<filename>0000000935-1-Image_jpeg.rf.6afc4b6ca2aa08151ceea5e16eea04c3.jpg</filename>
	<path>0000000935-1-Image_jpeg.rf.6afc4b6ca2aa08151ceea5e16eea04c3.jpg</path>
	<source>
		<database>roboflow.ai</database>
	</source>
	<size>
		<width>600</width>
		<height>600</height>
		<depth>3</depth>
	</size>
	<segmented>0</segmented>
	<object>
		<name>0</name>
		<pose>Unspecified</pose>
		<truncated>0</truncated>
		<difficult>0</difficult>
		<occluded>0</occluded>
		<bndbox>
			<xmin>316</xmin>
			<xmax>322</xmax>
			<ymin>324</ymin>
			<ymax>341</ymax>
		</bndbox>
	</object>
	<object>
		<name>0</name>
		<pose>Unspecified</pose>
		<truncated>0</truncated>
		<difficult>0</difficult>
		<occluded>0</occluded>
		<bndbox>
			<xmin>310</xmin>
			<xmax>318</xmax>
			<ymin>260</ymin>
			<ymax>309</ymax>
		</bndbox>
	</object>
</annotation>
