<annotation>
	<folder></folder>
	<filename>0000000762-1-Image_jpeg.rf.d8d03d5da6b028b8509e6dd27e404cf8.jpg</filename>
	<path>0000000762-1-Image_jpeg.rf.d8d03d5da6b028b8509e6dd27e404cf8.jpg</path>
	<source>
		<database>roboflow.ai</database>
	</source>
	<size>
		<width>600</width>
		<height>600</height>
		<depth>3</depth>
	</size>
	<segmented>0</segmented>
	<object>
		<name>0</name>
		<pose>Unspecified</pose>
		<truncated>0</truncated>
		<difficult>0</difficult>
		<occluded>0</occluded>
		<bndbox>
			<xmin>280</xmin>
			<xmax>284</xmax>
			<ymin>168</ymin>
			<ymax>185</ymax>
		</bndbox>
	</object>
	<object>
		<name>0</name>
		<pose>Unspecified</pose>
		<truncated>0</truncated>
		<difficult>0</difficult>
		<occluded>0</occluded>
		<bndbox>
			<xmin>282</xmin>
			<xmax>305</xmax>
			<ymin>27</ymin>
			<ymax>166</ymax>
		</bndbox>
	</object>
</annotation>
