<annotation>
	<folder></folder>
	<filename>0000000639-1-Image_jpeg.rf.07e61cbb3457141ca15fc9b06ea906a3.jpg</filename>
	<path>0000000639-1-Image_jpeg.rf.07e61cbb3457141ca15fc9b06ea906a3.jpg</path>
	<source>
		<database>roboflow.ai</database>
	</source>
	<size>
		<width>600</width>
		<height>600</height>
		<depth>3</depth>
	</size>
	<segmented>0</segmented>
	<object>
		<name>0</name>
		<pose>Unspecified</pose>
		<truncated>0</truncated>
		<difficult>0</difficult>
		<occluded>0</occluded>
		<bndbox>
			<xmin>288</xmin>
			<xmax>292</xmax>
			<ymin>305</ymin>
			<ymax>322</ymax>
		</bndbox>
	</object>
	<object>
		<name>0</name>
		<pose>Unspecified</pose>
		<truncated>0</truncated>
		<difficult>0</difficult>
		<occluded>0</occluded>
		<bndbox>
			<xmin>260</xmin>
			<xmax>290</xmax>
			<ymin>181</ymin>
			<ymax>295</ymax>
		</bndbox>
	</object>
</annotation>
