<annotation>
	<folder></folder>
	<filename>0000001157-1-Image-11-53-47-AM_jpeg.rf.2e61c996c514b2ab0cc1cf99039556f9.jpg</filename>
	<path>0000001157-1-Image-11-53-47-AM_jpeg.rf.2e61c996c514b2ab0cc1cf99039556f9.jpg</path>
	<source>
		<database>roboflow.ai</database>
	</source>
	<size>
		<width>600</width>
		<height>600</height>
		<depth>3</depth>
	</size>
	<segmented>0</segmented>
	<object>
		<name>0</name>
		<pose>Unspecified</pose>
		<truncated>0</truncated>
		<difficult>0</difficult>
		<occluded>0</occluded>
		<bndbox>
			<xmin>303</xmin>
			<xmax>307</xmax>
			<ymin>294</ymin>
			<ymax>313</ymax>
		</bndbox>
	</object>
	<object>
		<name>0</name>
		<pose>Unspecified</pose>
		<truncated>0</truncated>
		<difficult>0</difficult>
		<occluded>0</occluded>
		<bndbox>
			<xmin>305</xmin>
			<xmax>312</xmax>
			<ymin>222</ymin>
			<ymax>292</ymax>
		</bndbox>
	</object>
</annotation>
