<annotation>
	<folder></folder>
	<filename>0000001160-1-Image-11-53-47-AM_jpeg.rf.8a83509ca5f5a2518b46120f18964716.jpg</filename>
	<path>0000001160-1-Image-11-53-47-AM_jpeg.rf.8a83509ca5f5a2518b46120f18964716.jpg</path>
	<source>
		<database>roboflow.ai</database>
	</source>
	<size>
		<width>600</width>
		<height>600</height>
		<depth>3</depth>
	</size>
	<segmented>0</segmented>
	<object>
		<name>0</name>
		<pose>Unspecified</pose>
		<truncated>0</truncated>
		<difficult>0</difficult>
		<occluded>0</occluded>
		<bndbox>
			<xmin>305</xmin>
			<xmax>310</xmax>
			<ymin>363</ymin>
			<ymax>380</ymax>
		</bndbox>
	</object>
</annotation>
