<annotation>
	<folder></folder>
	<filename>0000000020-1-Image_jpeg.rf.5ae547bb38087bdf09bb7feb65622ecd.jpg</filename>
	<path>0000000020-1-Image_jpeg.rf.5ae547bb38087bdf09bb7feb65622ecd.jpg</path>
	<source>
		<database>roboflow.ai</database>
	</source>
	<size>
		<width>600</width>
		<height>600</height>
		<depth>3</depth>
	</size>
	<segmented>0</segmented>
	<object>
		<name>0</name>
		<pose>Unspecified</pose>
		<truncated>0</truncated>
		<difficult>0</difficult>
		<occluded>0</occluded>
		<bndbox>
			<xmin>277</xmin>
			<xmax>281</xmax>
			<ymin>462</ymin>
			<ymax>479</ymax>
		</bndbox>
	</object>
</annotation>
