<annotation>
	<folder></folder>
	<filename>0000000471-1-Image_jpeg.rf.b3052d379d96cac1fec838d3d6017652.jpg</filename>
	<path>0000000471-1-Image_jpeg.rf.b3052d379d96cac1fec838d3d6017652.jpg</path>
	<source>
		<database>roboflow.ai</database>
	</source>
	<size>
		<width>600</width>
		<height>600</height>
		<depth>3</depth>
	</size>
	<segmented>0</segmented>
	<object>
		<name>0</name>
		<pose>Unspecified</pose>
		<truncated>0</truncated>
		<difficult>0</difficult>
		<occluded>0</occluded>
		<bndbox>
			<xmin>299</xmin>
			<xmax>303</xmax>
			<ymin>303</ymin>
			<ymax>322</ymax>
		</bndbox>
	</object>
	<object>
		<name>0</name>
		<pose>Unspecified</pose>
		<truncated>0</truncated>
		<difficult>0</difficult>
		<occluded>0</occluded>
		<bndbox>
			<xmin>301</xmin>
			<xmax>323</xmax>
			<ymin>166</ymin>
			<ymax>294</ymax>
		</bndbox>
	</object>
</annotation>
