<annotation>
	<folder></folder>
	<filename>0000000322-1-Image_jpeg.rf.04a3c4c780b18b132f1481fa8913ecf5.jpg</filename>
	<path>0000000322-1-Image_jpeg.rf.04a3c4c780b18b132f1481fa8913ecf5.jpg</path>
	<source>
		<database>roboflow.ai</database>
	</source>
	<size>
		<width>600</width>
		<height>600</height>
		<depth>3</depth>
	</size>
	<segmented>0</segmented>
	<object>
		<name>0</name>
		<pose>Unspecified</pose>
		<truncated>0</truncated>
		<difficult>0</difficult>
		<occluded>0</occluded>
		<bndbox>
			<xmin>254</xmin>
			<xmax>258</xmax>
			<ymin>191</ymin>
			<ymax>208</ymax>
		</bndbox>
	</object>
	<object>
		<name>0</name>
		<pose>Unspecified</pose>
		<truncated>0</truncated>
		<difficult>0</difficult>
		<occluded>0</occluded>
		<bndbox>
			<xmin>256</xmin>
			<xmax>294</xmax>
			<ymin>56</ymin>
			<ymax>187</ymax>
		</bndbox>
	</object>
</annotation>
