<annotation>
	<folder></folder>
	<filename>0000000672-1-Image_jpeg.rf.3729798ce8e5a0e7e7a3742f5826132b.jpg</filename>
	<path>0000000672-1-Image_jpeg.rf.3729798ce8e5a0e7e7a3742f5826132b.jpg</path>
	<source>
		<database>roboflow.ai</database>
	</source>
	<size>
		<width>600</width>
		<height>600</height>
		<depth>3</depth>
	</size>
	<segmented>0</segmented>
	<object>
		<name>0</name>
		<pose>Unspecified</pose>
		<truncated>0</truncated>
		<difficult>0</difficult>
		<occluded>0</occluded>
		<bndbox>
			<xmin>324</xmin>
			<xmax>329</xmax>
			<ymin>341</ymin>
			<ymax>358</ymax>
		</bndbox>
	</object>
	<object>
		<name>0</name>
		<pose>Unspecified</pose>
		<truncated>0</truncated>
		<difficult>0</difficult>
		<occluded>0</occluded>
		<bndbox>
			<xmin>325</xmin>
			<xmax>329</xmax>
			<ymin>235</ymin>
			<ymax>256</ymax>
		</bndbox>
	</object>
</annotation>
