<annotation>
	<folder></folder>
	<filename>0000000885-1-Image_jpeg.rf.8ddd03428b17928e9120fcaaf9c205ea.jpg</filename>
	<path>0000000885-1-Image_jpeg.rf.8ddd03428b17928e9120fcaaf9c205ea.jpg</path>
	<source>
		<database>roboflow.ai</database>
	</source>
	<size>
		<width>600</width>
		<height>600</height>
		<depth>3</depth>
	</size>
	<segmented>0</segmented>
	<object>
		<name>0</name>
		<pose>Unspecified</pose>
		<truncated>0</truncated>
		<difficult>0</difficult>
		<occluded>0</occluded>
		<bndbox>
			<xmin>282</xmin>
			<xmax>286</xmax>
			<ymin>316</ymin>
			<ymax>333</ymax>
		</bndbox>
	</object>
	<object>
		<name>0</name>
		<pose>Unspecified</pose>
		<truncated>0</truncated>
		<difficult>0</difficult>
		<occluded>0</occluded>
		<bndbox>
			<xmin>249</xmin>
			<xmax>275</xmax>
			<ymin>181</ymin>
			<ymax>239</ymax>
		</bndbox>
	</object>
</annotation>
