<annotation>
	<folder></folder>
	<filename>0000000831-1-Image_jpeg.rf.aabc8a9e6a764baf7dbebd6d89ade08c.jpg</filename>
	<path>0000000831-1-Image_jpeg.rf.aabc8a9e6a764baf7dbebd6d89ade08c.jpg</path>
	<source>
		<database>roboflow.ai</database>
	</source>
	<size>
		<width>600</width>
		<height>600</height>
		<depth>3</depth>
	</size>
	<segmented>0</segmented>
	<object>
		<name>0</name>
		<pose>Unspecified</pose>
		<truncated>0</truncated>
		<difficult>0</difficult>
		<occluded>0</occluded>
		<bndbox>
			<xmin>325</xmin>
			<xmax>329</xmax>
			<ymin>316</ymin>
			<ymax>335</ymax>
		</bndbox>
	</object>
	<object>
		<name>0</name>
		<pose>Unspecified</pose>
		<truncated>0</truncated>
		<difficult>0</difficult>
		<occluded>0</occluded>
		<bndbox>
			<xmin>303</xmin>
			<xmax>327</xmax>
			<ymin>192</ymin>
			<ymax>314</ymax>
		</bndbox>
	</object>
</annotation>
