<annotation>
	<folder></folder>
	<filename>0000001107-1-Image-11-53-46-AM_jpeg.rf.98a445283848a47d3f9878c23f57d0dd.jpg</filename>
	<path>0000001107-1-Image-11-53-46-AM_jpeg.rf.98a445283848a47d3f9878c23f57d0dd.jpg</path>
	<source>
		<database>roboflow.ai</database>
	</source>
	<size>
		<width>600</width>
		<height>600</height>
		<depth>3</depth>
	</size>
	<segmented>0</segmented>
	<object>
		<name>0</name>
		<pose>Unspecified</pose>
		<truncated>0</truncated>
		<difficult>0</difficult>
		<occluded>0</occluded>
		<bndbox>
			<xmin>295</xmin>
			<xmax>299</xmax>
			<ymin>361</ymin>
			<ymax>380</ymax>
		</bndbox>
	</object>
</annotation>
