<annotation>
	<folder></folder>
	<filename>0000000278-1-Image_jpeg.rf.2d93d9afc3feb5825e8f48bf0760483c.jpg</filename>
	<path>0000000278-1-Image_jpeg.rf.2d93d9afc3feb5825e8f48bf0760483c.jpg</path>
	<source>
		<database>roboflow.ai</database>
	</source>
	<size>
		<width>600</width>
		<height>600</height>
		<depth>3</depth>
	</size>
	<segmented>0</segmented>
	<object>
		<name>0</name>
		<pose>Unspecified</pose>
		<truncated>0</truncated>
		<difficult>0</difficult>
		<occluded>0</occluded>
		<bndbox>
			<xmin>314</xmin>
			<xmax>318</xmax>
			<ymin>284</ymin>
			<ymax>303</ymax>
		</bndbox>
	</object>
	<object>
		<name>0</name>
		<pose>Unspecified</pose>
		<truncated>0</truncated>
		<difficult>0</difficult>
		<occluded>0</occluded>
		<bndbox>
			<xmin>318</xmin>
			<xmax>346</xmax>
			<ymin>148</ymin>
			<ymax>283</ymax>
		</bndbox>
	</object>
</annotation>
