<annotation>
	<folder></folder>
	<filename>0000001035-1-Image_jpeg.rf.49b41f4b64bf23b09a4393935fe151bc.jpg</filename>
	<path>0000001035-1-Image_jpeg.rf.49b41f4b64bf23b09a4393935fe151bc.jpg</path>
	<source>
		<database>roboflow.ai</database>
	</source>
	<size>
		<width>600</width>
		<height>600</height>
		<depth>3</depth>
	</size>
	<segmented>0</segmented>
	<object>
		<name>0</name>
		<pose>Unspecified</pose>
		<truncated>0</truncated>
		<difficult>0</difficult>
		<occluded>0</occluded>
		<bndbox>
			<xmin>307</xmin>
			<xmax>312</xmax>
			<ymin>324</ymin>
			<ymax>339</ymax>
		</bndbox>
	</object>
</annotation>
