<annotation>
	<folder></folder>
	<filename>0000001113-1-Image_jpeg.rf.6f3c64055ed9ca50f5796c4c893587ba.jpg</filename>
	<path>0000001113-1-Image_jpeg.rf.6f3c64055ed9ca50f5796c4c893587ba.jpg</path>
	<source>
		<database>roboflow.ai</database>
	</source>
	<size>
		<width>600</width>
		<height>600</height>
		<depth>3</depth>
	</size>
	<segmented>0</segmented>
	<object>
		<name>0</name>
		<pose>Unspecified</pose>
		<truncated>0</truncated>
		<difficult>0</difficult>
		<occluded>0</occluded>
		<bndbox>
			<xmin>314</xmin>
			<xmax>318</xmax>
			<ymin>312</ymin>
			<ymax>329</ymax>
		</bndbox>
	</object>
	<object>
		<name>0</name>
		<pose>Unspecified</pose>
		<truncated>0</truncated>
		<difficult>0</difficult>
		<occluded>0</occluded>
		<bndbox>
			<xmin>316</xmin>
			<xmax>324</xmax>
			<ymin>170</ymin>
			<ymax>303</ymax>
		</bndbox>
	</object>
</annotation>
