<annotation>
	<folder></folder>
	<filename>0000000737-1-Image_jpeg.rf.d9f608ad3204ba738a47e4db9eb8e990.jpg</filename>
	<path>0000000737-1-Image_jpeg.rf.d9f608ad3204ba738a47e4db9eb8e990.jpg</path>
	<source>
		<database>roboflow.ai</database>
	</source>
	<size>
		<width>600</width>
		<height>600</height>
		<depth>3</depth>
	</size>
	<segmented>0</segmented>
	<object>
		<name>0</name>
		<pose>Unspecified</pose>
		<truncated>0</truncated>
		<difficult>0</difficult>
		<occluded>0</occluded>
		<bndbox>
			<xmin>303</xmin>
			<xmax>307</xmax>
			<ymin>286</ymin>
			<ymax>305</ymax>
		</bndbox>
	</object>
	<object>
		<name>0</name>
		<pose>Unspecified</pose>
		<truncated>0</truncated>
		<difficult>0</difficult>
		<occluded>0</occluded>
		<bndbox>
			<xmin>297</xmin>
			<xmax>305</xmax>
			<ymin>187</ymin>
			<ymax>284</ymax>
		</bndbox>
	</object>
</annotation>
