<annotation>
	<folder></folder>
	<filename>0000000298-1-Image_jpeg.rf.776337ffa6a0d69de38079efedc81715.jpg</filename>
	<path>0000000298-1-Image_jpeg.rf.776337ffa6a0d69de38079efedc81715.jpg</path>
	<source>
		<database>roboflow.ai</database>
	</source>
	<size>
		<width>600</width>
		<height>600</height>
		<depth>3</depth>
	</size>
	<segmented>0</segmented>
	<object>
		<name>0</name>
		<pose>Unspecified</pose>
		<truncated>0</truncated>
		<difficult>0</difficult>
		<occluded>0</occluded>
		<bndbox>
			<xmin>316</xmin>
			<xmax>322</xmax>
			<ymin>294</ymin>
			<ymax>311</ymax>
		</bndbox>
	</object>
</annotation>
