<annotation>
	<folder></folder>
	<filename>0000001006-1-Image_jpeg.rf.40fcd7caa1d1c62d33274d1e8ae9b68d.jpg</filename>
	<path>0000001006-1-Image_jpeg.rf.40fcd7caa1d1c62d33274d1e8ae9b68d.jpg</path>
	<source>
		<database>roboflow.ai</database>
	</source>
	<size>
		<width>600</width>
		<height>600</height>
		<depth>3</depth>
	</size>
	<segmented>0</segmented>
	<object>
		<name>0</name>
		<pose>Unspecified</pose>
		<truncated>0</truncated>
		<difficult>0</difficult>
		<occluded>0</occluded>
		<bndbox>
			<xmin>273</xmin>
			<xmax>277</xmax>
			<ymin>314</ymin>
			<ymax>333</ymax>
		</bndbox>
	</object>
	<object>
		<name>0</name>
		<pose>Unspecified</pose>
		<truncated>0</truncated>
		<difficult>0</difficult>
		<occluded>0</occluded>
		<bndbox>
			<xmin>250</xmin>
			<xmax>275</xmax>
			<ymin>176</ymin>
			<ymax>313</ymax>
		</bndbox>
	</object>
</annotation>
