<annotation>
	<folder></folder>
	<filename>0000000442-1-Image_jpeg.rf.1e6e8e54beb01ba56bbfa10e15ef23bb.jpg</filename>
	<path>0000000442-1-Image_jpeg.rf.1e6e8e54beb01ba56bbfa10e15ef23bb.jpg</path>
	<source>
		<database>roboflow.ai</database>
	</source>
	<size>
		<width>600</width>
		<height>600</height>
		<depth>3</depth>
	</size>
	<segmented>0</segmented>
	<object>
		<name>0</name>
		<pose>Unspecified</pose>
		<truncated>0</truncated>
		<difficult>0</difficult>
		<occluded>0</occluded>
		<bndbox>
			<xmin>305</xmin>
			<xmax>309</xmax>
			<ymin>269</ymin>
			<ymax>288</ymax>
		</bndbox>
	</object>
	<object>
		<name>0</name>
		<pose>Unspecified</pose>
		<truncated>0</truncated>
		<difficult>0</difficult>
		<occluded>0</occluded>
		<bndbox>
			<xmin>307</xmin>
			<xmax>320</xmax>
			<ymin>136</ymin>
			<ymax>267</ymax>
		</bndbox>
	</object>
</annotation>
