<annotation>
	<folder></folder>
	<filename>0000001316-1-Image_jpeg.rf.c916a61cb4d4734146a31ecf80f3cbe5.jpg</filename>
	<path>0000001316-1-Image_jpeg.rf.c916a61cb4d4734146a31ecf80f3cbe5.jpg</path>
	<source>
		<database>roboflow.ai</database>
	</source>
	<size>
		<width>600</width>
		<height>600</height>
		<depth>3</depth>
	</size>
	<segmented>0</segmented>
	<object>
		<name>0</name>
		<pose>Unspecified</pose>
		<truncated>0</truncated>
		<difficult>0</difficult>
		<occluded>0</occluded>
		<bndbox>
			<xmin>305</xmin>
			<xmax>310</xmax>
			<ymin>296</ymin>
			<ymax>315</ymax>
		</bndbox>
	</object>
	<object>
		<name>0</name>
		<pose>Unspecified</pose>
		<truncated>0</truncated>
		<difficult>0</difficult>
		<occluded>0</occluded>
		<bndbox>
			<xmin>307</xmin>
			<xmax>314</xmax>
			<ymin>161</ymin>
			<ymax>294</ymax>
		</bndbox>
	</object>
</annotation>
