<annotation>
	<folder></folder>
	<filename>0000000111-1-Image_jpeg.rf.41937861ff75ef07168408bdbc3c9321.jpg</filename>
	<path>0000000111-1-Image_jpeg.rf.41937861ff75ef07168408bdbc3c9321.jpg</path>
	<source>
		<database>roboflow.ai</database>
	</source>
	<size>
		<width>600</width>
		<height>600</height>
		<depth>3</depth>
	</size>
	<segmented>0</segmented>
	<object>
		<name>0</name>
		<pose>Unspecified</pose>
		<truncated>0</truncated>
		<difficult>0</difficult>
		<occluded>0</occluded>
		<bndbox>
			<xmin>307</xmin>
			<xmax>311</xmax>
			<ymin>290</ymin>
			<ymax>309</ymax>
		</bndbox>
	</object>
	<object>
		<name>0</name>
		<pose>Unspecified</pose>
		<truncated>0</truncated>
		<difficult>0</difficult>
		<occluded>0</occluded>
		<bndbox>
			<xmin>309</xmin>
			<xmax>337</xmax>
			<ymin>168</ymin>
			<ymax>280</ymax>
		</bndbox>
	</object>
</annotation>
