<annotation>
	<folder></folder>
	<filename>0000000983-1-Image_jpeg.rf.ed2bc491d3ca0747ca549dd98421cf2a.jpg</filename>
	<path>0000000983-1-Image_jpeg.rf.ed2bc491d3ca0747ca549dd98421cf2a.jpg</path>
	<source>
		<database>roboflow.ai</database>
	</source>
	<size>
		<width>600</width>
		<height>600</height>
		<depth>3</depth>
	</size>
	<segmented>0</segmented>
	<object>
		<name>0</name>
		<pose>Unspecified</pose>
		<truncated>0</truncated>
		<difficult>0</difficult>
		<occluded>0</occluded>
		<bndbox>
			<xmin>286</xmin>
			<xmax>292</xmax>
			<ymin>297</ymin>
			<ymax>314</ymax>
		</bndbox>
	</object>
	<object>
		<name>0</name>
		<pose>Unspecified</pose>
		<truncated>0</truncated>
		<difficult>0</difficult>
		<occluded>0</occluded>
		<bndbox>
			<xmin>290</xmin>
			<xmax>301</xmax>
			<ymin>191</ymin>
			<ymax>296</ymax>
		</bndbox>
	</object>
</annotation>
