<annotation>
	<folder></folder>
	<filename>0000000697-1-Image_jpeg.rf.8980c5904324f48f5df9441e68eeae55.jpg</filename>
	<path>0000000697-1-Image_jpeg.rf.8980c5904324f48f5df9441e68eeae55.jpg</path>
	<source>
		<database>roboflow.ai</database>
	</source>
	<size>
		<width>600</width>
		<height>600</height>
		<depth>3</depth>
	</size>
	<segmented>0</segmented>
	<object>
		<name>0</name>
		<pose>Unspecified</pose>
		<truncated>0</truncated>
		<difficult>0</difficult>
		<occluded>0</occluded>
		<bndbox>
			<xmin>303</xmin>
			<xmax>307</xmax>
			<ymin>284</ymin>
			<ymax>303</ymax>
		</bndbox>
	</object>
	<object>
		<name>0</name>
		<pose>Unspecified</pose>
		<truncated>0</truncated>
		<difficult>0</difficult>
		<occluded>0</occluded>
		<bndbox>
			<xmin>301</xmin>
			<xmax>305</xmax>
			<ymin>149</ymin>
			<ymax>277</ymax>
		</bndbox>
	</object>
</annotation>
