<annotation>
	<folder></folder>
	<filename>0000001258-1-Image_jpeg.rf.e5bdbe7d421e17980724a19e4ad94a93.jpg</filename>
	<path>0000001258-1-Image_jpeg.rf.e5bdbe7d421e17980724a19e4ad94a93.jpg</path>
	<source>
		<database>roboflow.ai</database>
	</source>
	<size>
		<width>600</width>
		<height>600</height>
		<depth>3</depth>
	</size>
	<segmented>0</segmented>
	<object>
		<name>0</name>
		<pose>Unspecified</pose>
		<truncated>0</truncated>
		<difficult>0</difficult>
		<occluded>0</occluded>
		<bndbox>
			<xmin>269</xmin>
			<xmax>275</xmax>
			<ymin>333</ymin>
			<ymax>350</ymax>
		</bndbox>
	</object>
</annotation>
