<annotation>
	<folder></folder>
	<filename>0000001120-1-Image_jpeg.rf.a445b313c70c757390eef4565f60e6b7.jpg</filename>
	<path>0000001120-1-Image_jpeg.rf.a445b313c70c757390eef4565f60e6b7.jpg</path>
	<source>
		<database>roboflow.ai</database>
	</source>
	<size>
		<width>600</width>
		<height>600</height>
		<depth>3</depth>
	</size>
	<segmented>0</segmented>
	<object>
		<name>0</name>
		<pose>Unspecified</pose>
		<truncated>0</truncated>
		<difficult>0</difficult>
		<occluded>0</occluded>
		<bndbox>
			<xmin>361</xmin>
			<xmax>365</xmax>
			<ymin>436</ymin>
			<ymax>453</ymax>
		</bndbox>
	</object>
</annotation>
