<annotation>
	<folder></folder>
	<filename>0000001182-1-Image_jpeg.rf.12f04fc8352f7a6d8c8bd7fbc79c4675.jpg</filename>
	<path>0000001182-1-Image_jpeg.rf.12f04fc8352f7a6d8c8bd7fbc79c4675.jpg</path>
	<source>
		<database>roboflow.ai</database>
	</source>
	<size>
		<width>600</width>
		<height>600</height>
		<depth>3</depth>
	</size>
	<segmented>0</segmented>
	<object>
		<name>0</name>
		<pose>Unspecified</pose>
		<truncated>0</truncated>
		<difficult>0</difficult>
		<occluded>0</occluded>
		<bndbox>
			<xmin>303</xmin>
			<xmax>308</xmax>
			<ymin>243</ymin>
			<ymax>260</ymax>
		</bndbox>
	</object>
	<object>
		<name>0</name>
		<pose>Unspecified</pose>
		<truncated>0</truncated>
		<difficult>0</difficult>
		<occluded>0</occluded>
		<bndbox>
			<xmin>271</xmin>
			<xmax>305</xmax>
			<ymin>106</ymin>
			<ymax>234</ymax>
		</bndbox>
	</object>
</annotation>
