<annotation>
	<folder></folder>
	<filename>0000001265-1-Image_jpeg.rf.1eea4810b833e8fd600f1aad3e3e53a9.jpg</filename>
	<path>0000001265-1-Image_jpeg.rf.1eea4810b833e8fd600f1aad3e3e53a9.jpg</path>
	<source>
		<database>roboflow.ai</database>
	</source>
	<size>
		<width>600</width>
		<height>600</height>
		<depth>3</depth>
	</size>
	<segmented>0</segmented>
	<object>
		<name>0</name>
		<pose>Unspecified</pose>
		<truncated>0</truncated>
		<difficult>0</difficult>
		<occluded>0</occluded>
		<bndbox>
			<xmin>260</xmin>
			<xmax>264</xmax>
			<ymin>303</ymin>
			<ymax>322</ymax>
		</bndbox>
	</object>
	<object>
		<name>0</name>
		<pose>Unspecified</pose>
		<truncated>0</truncated>
		<difficult>0</difficult>
		<occluded>0</occluded>
		<bndbox>
			<xmin>251</xmin>
			<xmax>264</xmax>
			<ymin>162</ymin>
			<ymax>301</ymax>
		</bndbox>
	</object>
</annotation>
