<annotation>
	<folder></folder>
	<filename>0000000139-1-Image_jpeg.rf.53c8ad3406a646a4ca78d298f52257be.jpg</filename>
	<path>0000000139-1-Image_jpeg.rf.53c8ad3406a646a4ca78d298f52257be.jpg</path>
	<source>
		<database>roboflow.ai</database>
	</source>
	<size>
		<width>600</width>
		<height>600</height>
		<depth>3</depth>
	</size>
	<segmented>0</segmented>
	<object>
		<name>0</name>
		<pose>Unspecified</pose>
		<truncated>0</truncated>
		<difficult>0</difficult>
		<occluded>0</occluded>
		<bndbox>
			<xmin>292</xmin>
			<xmax>296</xmax>
			<ymin>279</ymin>
			<ymax>296</ymax>
		</bndbox>
	</object>
	<object>
		<name>0</name>
		<pose>Unspecified</pose>
		<truncated>0</truncated>
		<difficult>0</difficult>
		<occluded>0</occluded>
		<bndbox>
			<xmin>273</xmin>
			<xmax>293</xmax>
			<ymin>145</ymin>
			<ymax>269</ymax>
		</bndbox>
	</object>
</annotation>
