<annotation>
	<folder></folder>
	<filename>0000000359-1-Image_jpeg.rf.6d2cdcd78e534e5c172a6bfff4f71584.jpg</filename>
	<path>0000000359-1-Image_jpeg.rf.6d2cdcd78e534e5c172a6bfff4f71584.jpg</path>
	<source>
		<database>roboflow.ai</database>
	</source>
	<size>
		<width>600</width>
		<height>600</height>
		<depth>3</depth>
	</size>
	<segmented>0</segmented>
	<object>
		<name>0</name>
		<pose>Unspecified</pose>
		<truncated>0</truncated>
		<difficult>0</difficult>
		<occluded>0</occluded>
		<bndbox>
			<xmin>224</xmin>
			<xmax>230</xmax>
			<ymin>290</ymin>
			<ymax>309</ymax>
		</bndbox>
	</object>
</annotation>
