<annotation>
	<folder></folder>
	<filename>0000000576-1-Image_jpeg.rf.9c5abea37bba825fbb4a81064c9eedb3.jpg</filename>
	<path>0000000576-1-Image_jpeg.rf.9c5abea37bba825fbb4a81064c9eedb3.jpg</path>
	<source>
		<database>roboflow.ai</database>
	</source>
	<size>
		<width>600</width>
		<height>600</height>
		<depth>3</depth>
	</size>
	<segmented>0</segmented>
	<object>
		<name>0</name>
		<pose>Unspecified</pose>
		<truncated>0</truncated>
		<difficult>0</difficult>
		<occluded>0</occluded>
		<bndbox>
			<xmin>247</xmin>
			<xmax>251</xmax>
			<ymin>371</ymin>
			<ymax>388</ymax>
		</bndbox>
	</object>
	<object>
		<name>0</name>
		<pose>Unspecified</pose>
		<truncated>0</truncated>
		<difficult>0</difficult>
		<occluded>0</occluded>
		<bndbox>
			<xmin>251</xmin>
			<xmax>262</xmax>
			<ymin>241</ymin>
			<ymax>310</ymax>
		</bndbox>
	</object>
</annotation>
