<annotation>
	<folder></folder>
	<filename>0000000434-1-Image_jpeg.rf.3afecd15ee994a024bf02bfb33b46715.jpg</filename>
	<path>0000000434-1-Image_jpeg.rf.3afecd15ee994a024bf02bfb33b46715.jpg</path>
	<source>
		<database>roboflow.ai</database>
	</source>
	<size>
		<width>600</width>
		<height>600</height>
		<depth>3</depth>
	</size>
	<segmented>0</segmented>
	<object>
		<name>0</name>
		<pose>Unspecified</pose>
		<truncated>0</truncated>
		<difficult>0</difficult>
		<occluded>0</occluded>
		<bndbox>
			<xmin>295</xmin>
			<xmax>301</xmax>
			<ymin>337</ymin>
			<ymax>352</ymax>
		</bndbox>
	</object>
	<object>
		<name>0</name>
		<pose>Unspecified</pose>
		<truncated>0</truncated>
		<difficult>0</difficult>
		<occluded>0</occluded>
		<bndbox>
			<xmin>303</xmin>
			<xmax>333</xmax>
			<ymin>198</ymin>
			<ymax>307</ymax>
		</bndbox>
	</object>
</annotation>
