<annotation>
	<folder></folder>
	<filename>0000000117-1-Image_jpeg.rf.7ca0422d65c5c8691dcae87b5f45168b.jpg</filename>
	<path>0000000117-1-Image_jpeg.rf.7ca0422d65c5c8691dcae87b5f45168b.jpg</path>
	<source>
		<database>roboflow.ai</database>
	</source>
	<size>
		<width>600</width>
		<height>600</height>
		<depth>3</depth>
	</size>
	<segmented>0</segmented>
	<object>
		<name>0</name>
		<pose>Unspecified</pose>
		<truncated>0</truncated>
		<difficult>0</difficult>
		<occluded>0</occluded>
		<bndbox>
			<xmin>307</xmin>
			<xmax>311</xmax>
			<ymin>312</ymin>
			<ymax>331</ymax>
		</bndbox>
	</object>
	<object>
		<name>0</name>
		<pose>Unspecified</pose>
		<truncated>0</truncated>
		<difficult>0</difficult>
		<occluded>0</occluded>
		<bndbox>
			<xmin>308</xmin>
			<xmax>318</xmax>
			<ymin>170</ymin>
			<ymax>297</ymax>
		</bndbox>
	</object>
</annotation>
