<annotation>
	<folder></folder>
	<filename>0000001216-1-Image_jpeg.rf.d731b86e39e4e5d13fea9fdf24c43c6a.jpg</filename>
	<path>0000001216-1-Image_jpeg.rf.d731b86e39e4e5d13fea9fdf24c43c6a.jpg</path>
	<source>
		<database>roboflow.ai</database>
	</source>
	<size>
		<width>600</width>
		<height>600</height>
		<depth>3</depth>
	</size>
	<segmented>0</segmented>
	<object>
		<name>0</name>
		<pose>Unspecified</pose>
		<truncated>0</truncated>
		<difficult>0</difficult>
		<occluded>0</occluded>
		<bndbox>
			<xmin>402</xmin>
			<xmax>408</xmax>
			<ymin>294</ymin>
			<ymax>311</ymax>
		</bndbox>
	</object>
	<object>
		<name>0</name>
		<pose>Unspecified</pose>
		<truncated>0</truncated>
		<difficult>0</difficult>
		<occluded>0</occluded>
		<bndbox>
			<xmin>378</xmin>
			<xmax>387</xmax>
			<ymin>157</ymin>
			<ymax>176</ymax>
		</bndbox>
	</object>
</annotation>
