<annotation>
	<folder></folder>
	<filename>0000001188-1-Image_jpeg.rf.354dcfb0263594bc9f590e333542ec4b.jpg</filename>
	<path>0000001188-1-Image_jpeg.rf.354dcfb0263594bc9f590e333542ec4b.jpg</path>
	<source>
		<database>roboflow.ai</database>
	</source>
	<size>
		<width>600</width>
		<height>600</height>
		<depth>3</depth>
	</size>
	<segmented>0</segmented>
	<object>
		<name>0</name>
		<pose>Unspecified</pose>
		<truncated>0</truncated>
		<difficult>0</difficult>
		<occluded>0</occluded>
		<bndbox>
			<xmin>309</xmin>
			<xmax>313</xmax>
			<ymin>292</ymin>
			<ymax>311</ymax>
		</bndbox>
	</object>
	<object>
		<name>0</name>
		<pose>Unspecified</pose>
		<truncated>0</truncated>
		<difficult>0</difficult>
		<occluded>0</occluded>
		<bndbox>
			<xmin>311</xmin>
			<xmax>328</xmax>
			<ymin>151</ymin>
			<ymax>290</ymax>
		</bndbox>
	</object>
</annotation>
