<annotation>
	<folder></folder>
	<filename>0000000949-1-Image_jpeg.rf.d539916a4e179f0a98dbabe27b01f71a.jpg</filename>
	<path>0000000949-1-Image_jpeg.rf.d539916a4e179f0a98dbabe27b01f71a.jpg</path>
	<source>
		<database>roboflow.ai</database>
	</source>
	<size>
		<width>600</width>
		<height>600</height>
		<depth>3</depth>
	</size>
	<segmented>0</segmented>
	<object>
		<name>0</name>
		<pose>Unspecified</pose>
		<truncated>0</truncated>
		<difficult>0</difficult>
		<occluded>0</occluded>
		<bndbox>
			<xmin>299</xmin>
			<xmax>303</xmax>
			<ymin>209</ymin>
			<ymax>226</ymax>
		</bndbox>
	</object>
	<object>
		<name>0</name>
		<pose>Unspecified</pose>
		<truncated>0</truncated>
		<difficult>0</difficult>
		<occluded>0</occluded>
		<bndbox>
			<xmin>297</xmin>
			<xmax>303</xmax>
			<ymin>82</ymin>
			<ymax>207</ymax>
		</bndbox>
	</object>
</annotation>
