<annotation>
	<folder></folder>
	<filename>0000000970-1-Image_jpeg.rf.f9ab81888964008ebfff5735a907c567.jpg</filename>
	<path>0000000970-1-Image_jpeg.rf.f9ab81888964008ebfff5735a907c567.jpg</path>
	<source>
		<database>roboflow.ai</database>
	</source>
	<size>
		<width>600</width>
		<height>600</height>
		<depth>3</depth>
	</size>
	<segmented>0</segmented>
	<object>
		<name>0</name>
		<pose>Unspecified</pose>
		<truncated>0</truncated>
		<difficult>0</difficult>
		<occluded>0</occluded>
		<bndbox>
			<xmin>309</xmin>
			<xmax>313</xmax>
			<ymin>307</ymin>
			<ymax>326</ymax>
		</bndbox>
	</object>
	<object>
		<name>0</name>
		<pose>Unspecified</pose>
		<truncated>0</truncated>
		<difficult>0</difficult>
		<occluded>0</occluded>
		<bndbox>
			<xmin>310</xmin>
			<xmax>320</xmax>
			<ymin>196</ymin>
			<ymax>305</ymax>
		</bndbox>
	</object>
</annotation>
