<annotation>
	<folder></folder>
	<filename>0000000165-1-Image_jpeg.rf.50765659533170d3fca245900c2a90b0.jpg</filename>
	<path>0000000165-1-Image_jpeg.rf.50765659533170d3fca245900c2a90b0.jpg</path>
	<source>
		<database>roboflow.ai</database>
	</source>
	<size>
		<width>600</width>
		<height>600</height>
		<depth>3</depth>
	</size>
	<segmented>0</segmented>
	<object>
		<name>0</name>
		<pose>Unspecified</pose>
		<truncated>0</truncated>
		<difficult>0</difficult>
		<occluded>0</occluded>
		<bndbox>
			<xmin>271</xmin>
			<xmax>277</xmax>
			<ymin>267</ymin>
			<ymax>284</ymax>
		</bndbox>
	</object>
	<object>
		<name>0</name>
		<pose>Unspecified</pose>
		<truncated>0</truncated>
		<difficult>0</difficult>
		<occluded>0</occluded>
		<bndbox>
			<xmin>264</xmin>
			<xmax>275</xmax>
			<ymin>125</ymin>
			<ymax>265</ymax>
		</bndbox>
	</object>
</annotation>
