<annotation>
	<folder></folder>
	<filename>0000000313-1-Image_jpeg.rf.905e2217235ed5b02499adf8d7b2729d.jpg</filename>
	<path>0000000313-1-Image_jpeg.rf.905e2217235ed5b02499adf8d7b2729d.jpg</path>
	<source>
		<database>roboflow.ai</database>
	</source>
	<size>
		<width>600</width>
		<height>600</height>
		<depth>3</depth>
	</size>
	<segmented>0</segmented>
	<object>
		<name>0</name>
		<pose>Unspecified</pose>
		<truncated>0</truncated>
		<difficult>0</difficult>
		<occluded>0</occluded>
		<bndbox>
			<xmin>329</xmin>
			<xmax>333</xmax>
			<ymin>297</ymin>
			<ymax>314</ymax>
		</bndbox>
	</object>
	<object>
		<name>0</name>
		<pose>Unspecified</pose>
		<truncated>0</truncated>
		<difficult>0</difficult>
		<occluded>0</occluded>
		<bndbox>
			<xmin>331</xmin>
			<xmax>337</xmax>
			<ymin>224</ymin>
			<ymax>288</ymax>
		</bndbox>
	</object>
</annotation>
