<annotation>
	<folder></folder>
	<filename>0000000050-1-Image_jpeg.rf.d8553b09efe6e8330db216e8b8581cbf.jpg</filename>
	<path>0000000050-1-Image_jpeg.rf.d8553b09efe6e8330db216e8b8581cbf.jpg</path>
	<source>
		<database>roboflow.ai</database>
	</source>
	<size>
		<width>600</width>
		<height>600</height>
		<depth>3</depth>
	</size>
	<segmented>0</segmented>
	<object>
		<name>0</name>
		<pose>Unspecified</pose>
		<truncated>0</truncated>
		<difficult>0</difficult>
		<occluded>0</occluded>
		<bndbox>
			<xmin>324</xmin>
			<xmax>328</xmax>
			<ymin>286</ymin>
			<ymax>303</ymax>
		</bndbox>
	</object>
	<object>
		<name>0</name>
		<pose>Unspecified</pose>
		<truncated>0</truncated>
		<difficult>0</difficult>
		<occluded>0</occluded>
		<bndbox>
			<xmin>286</xmin>
			<xmax>325</xmax>
			<ymin>151</ymin>
			<ymax>284</ymax>
		</bndbox>
	</object>
</annotation>
