<annotation>
	<folder></folder>
	<filename>0000000076-1-Image_jpeg.rf.dfd13c6275e8a6b7e1acf024f9a7e6a5.jpg</filename>
	<path>0000000076-1-Image_jpeg.rf.dfd13c6275e8a6b7e1acf024f9a7e6a5.jpg</path>
	<source>
		<database>roboflow.ai</database>
	</source>
	<size>
		<width>600</width>
		<height>600</height>
		<depth>3</depth>
	</size>
	<segmented>0</segmented>
	<object>
		<name>0</name>
		<pose>Unspecified</pose>
		<truncated>0</truncated>
		<difficult>0</difficult>
		<occluded>0</occluded>
		<bndbox>
			<xmin>344</xmin>
			<xmax>348</xmax>
			<ymin>327</ymin>
			<ymax>344</ymax>
		</bndbox>
	</object>
</annotation>
