<annotation>
	<folder></folder>
	<filename>0000000824-1-Image_jpeg.rf.b922152de282adc97c16c2f7b5d20603.jpg</filename>
	<path>0000000824-1-Image_jpeg.rf.b922152de282adc97c16c2f7b5d20603.jpg</path>
	<source>
		<database>roboflow.ai</database>
	</source>
	<size>
		<width>600</width>
		<height>600</height>
		<depth>3</depth>
	</size>
	<segmented>0</segmented>
	<object>
		<name>0</name>
		<pose>Unspecified</pose>
		<truncated>0</truncated>
		<difficult>0</difficult>
		<occluded>0</occluded>
		<bndbox>
			<xmin>247</xmin>
			<xmax>251</xmax>
			<ymin>307</ymin>
			<ymax>326</ymax>
		</bndbox>
	</object>
	<object>
		<name>0</name>
		<pose>Unspecified</pose>
		<truncated>0</truncated>
		<difficult>0</difficult>
		<occluded>0</occluded>
		<bndbox>
			<xmin>253</xmin>
			<xmax>268</xmax>
			<ymin>191</ymin>
			<ymax>298</ymax>
		</bndbox>
	</object>
</annotation>
