<annotation>
	<folder></folder>
	<filename>0000000171-1-Image_jpeg.rf.f630f8f54d928ae418ed6bbe75017d4b.jpg</filename>
	<path>0000000171-1-Image_jpeg.rf.f630f8f54d928ae418ed6bbe75017d4b.jpg</path>
	<source>
		<database>roboflow.ai</database>
	</source>
	<size>
		<width>600</width>
		<height>600</height>
		<depth>3</depth>
	</size>
	<segmented>0</segmented>
	<object>
		<name>0</name>
		<pose>Unspecified</pose>
		<truncated>0</truncated>
		<difficult>0</difficult>
		<occluded>0</occluded>
		<bndbox>
			<xmin>295</xmin>
			<xmax>299</xmax>
			<ymin>252</ymin>
			<ymax>269</ymax>
		</bndbox>
	</object>
	<object>
		<name>0</name>
		<pose>Unspecified</pose>
		<truncated>0</truncated>
		<difficult>0</difficult>
		<occluded>0</occluded>
		<bndbox>
			<xmin>290</xmin>
			<xmax>297</xmax>
			<ymin>110</ymin>
			<ymax>249</ymax>
		</bndbox>
	</object>
</annotation>
