<annotation>
	<folder></folder>
	<filename>0000001133-1-Image_jpeg.rf.ee0f8941ffc49594a7cea07993744a8e.jpg</filename>
	<path>0000001133-1-Image_jpeg.rf.ee0f8941ffc49594a7cea07993744a8e.jpg</path>
	<source>
		<database>roboflow.ai</database>
	</source>
	<size>
		<width>600</width>
		<height>600</height>
		<depth>3</depth>
	</size>
	<segmented>0</segmented>
	<object>
		<name>0</name>
		<pose>Unspecified</pose>
		<truncated>0</truncated>
		<difficult>0</difficult>
		<occluded>0</occluded>
		<bndbox>
			<xmin>222</xmin>
			<xmax>226</xmax>
			<ymin>288</ymin>
			<ymax>307</ymax>
		</bndbox>
	</object>
</annotation>
