<annotation>
	<folder></folder>
	<filename>0000000579-1-Image_jpeg.rf.1de9c491c3d7a19f3304211953a47417.jpg</filename>
	<path>0000000579-1-Image_jpeg.rf.1de9c491c3d7a19f3304211953a47417.jpg</path>
	<source>
		<database>roboflow.ai</database>
	</source>
	<size>
		<width>600</width>
		<height>600</height>
		<depth>3</depth>
	</size>
	<segmented>0</segmented>
	<object>
		<name>0</name>
		<pose>Unspecified</pose>
		<truncated>0</truncated>
		<difficult>0</difficult>
		<occluded>0</occluded>
		<bndbox>
			<xmin>288</xmin>
			<xmax>292</xmax>
			<ymin>320</ymin>
			<ymax>339</ymax>
		</bndbox>
	</object>
	<object>
		<name>0</name>
		<pose>Unspecified</pose>
		<truncated>0</truncated>
		<difficult>0</difficult>
		<occluded>0</occluded>
		<bndbox>
			<xmin>288</xmin>
			<xmax>292</xmax>
			<ymin>185</ymin>
			<ymax>318</ymax>
		</bndbox>
	</object>
</annotation>
