<annotation>
	<folder></folder>
	<filename>0000000781-1-Image_jpeg.rf.dad47c73fff8f623bd430a657c4b0e5f.jpg</filename>
	<path>0000000781-1-Image_jpeg.rf.dad47c73fff8f623bd430a657c4b0e5f.jpg</path>
	<source>
		<database>roboflow.ai</database>
	</source>
	<size>
		<width>600</width>
		<height>600</height>
		<depth>3</depth>
	</size>
	<segmented>0</segmented>
	<object>
		<name>0</name>
		<pose>Unspecified</pose>
		<truncated>0</truncated>
		<difficult>0</difficult>
		<occluded>0</occluded>
		<bndbox>
			<xmin>324</xmin>
			<xmax>328</xmax>
			<ymin>316</ymin>
			<ymax>335</ymax>
		</bndbox>
	</object>
	<object>
		<name>0</name>
		<pose>Unspecified</pose>
		<truncated>0</truncated>
		<difficult>0</difficult>
		<occluded>0</occluded>
		<bndbox>
			<xmin>294</xmin>
			<xmax>307</xmax>
			<ymin>177</ymin>
			<ymax>196</ymax>
		</bndbox>
	</object>
</annotation>
