<annotation>
	<folder></folder>
	<filename>0000001305-1-Image-11-53-49-AM_jpeg.rf.d4e13b1ea3ed5c42d3345a4192bb9692.jpg</filename>
	<path>0000001305-1-Image-11-53-49-AM_jpeg.rf.d4e13b1ea3ed5c42d3345a4192bb9692.jpg</path>
	<source>
		<database>roboflow.ai</database>
	</source>
	<size>
		<width>600</width>
		<height>600</height>
		<depth>3</depth>
	</size>
	<segmented>0</segmented>
	<object>
		<name>0</name>
		<pose>Unspecified</pose>
		<truncated>0</truncated>
		<difficult>0</difficult>
		<occluded>0</occluded>
		<bndbox>
			<xmin>378</xmin>
			<xmax>382</xmax>
			<ymin>292</ymin>
			<ymax>309</ymax>
		</bndbox>
	</object>
	<object>
		<name>0</name>
		<pose>Unspecified</pose>
		<truncated>0</truncated>
		<difficult>0</difficult>
		<occluded>0</occluded>
		<bndbox>
			<xmin>370</xmin>
			<xmax>380</xmax>
			<ymin>157</ymin>
			<ymax>206</ymax>
		</bndbox>
	</object>
</annotation>
