<annotation>
	<folder></folder>
	<filename>0000000277-1-Image_jpeg.rf.d3d54480f64f54dad72733a831f34faa.jpg</filename>
	<path>0000000277-1-Image_jpeg.rf.d3d54480f64f54dad72733a831f34faa.jpg</path>
	<source>
		<database>roboflow.ai</database>
	</source>
	<size>
		<width>600</width>
		<height>600</height>
		<depth>3</depth>
	</size>
	<segmented>0</segmented>
	<object>
		<name>0</name>
		<pose>Unspecified</pose>
		<truncated>0</truncated>
		<difficult>0</difficult>
		<occluded>0</occluded>
		<bndbox>
			<xmin>237</xmin>
			<xmax>241</xmax>
			<ymin>284</ymin>
			<ymax>303</ymax>
		</bndbox>
	</object>
</annotation>
