<annotation>
	<folder></folder>
	<filename>0000000413-1-Image_jpeg.rf.f9155aac0a449e6a577184ede32f7ee5.jpg</filename>
	<path>0000000413-1-Image_jpeg.rf.f9155aac0a449e6a577184ede32f7ee5.jpg</path>
	<source>
		<database>roboflow.ai</database>
	</source>
	<size>
		<width>600</width>
		<height>600</height>
		<depth>3</depth>
	</size>
	<segmented>0</segmented>
	<object>
		<name>0</name>
		<pose>Unspecified</pose>
		<truncated>0</truncated>
		<difficult>0</difficult>
		<occluded>0</occluded>
		<bndbox>
			<xmin>305</xmin>
			<xmax>310</xmax>
			<ymin>288</ymin>
			<ymax>305</ymax>
		</bndbox>
	</object>
	<object>
		<name>0</name>
		<pose>Unspecified</pose>
		<truncated>0</truncated>
		<difficult>0</difficult>
		<occluded>0</occluded>
		<bndbox>
			<xmin>298</xmin>
			<xmax>309</xmax>
			<ymin>148</ymin>
			<ymax>281</ymax>
		</bndbox>
	</object>
</annotation>
