<annotation>
	<folder></folder>
	<filename>0000000954-1-Image_jpeg.rf.1be3efe202778f318a3d87faf23ffc20.jpg</filename>
	<path>0000000954-1-Image_jpeg.rf.1be3efe202778f318a3d87faf23ffc20.jpg</path>
	<source>
		<database>roboflow.ai</database>
	</source>
	<size>
		<width>600</width>
		<height>600</height>
		<depth>3</depth>
	</size>
	<segmented>0</segmented>
	<object>
		<name>0</name>
		<pose>Unspecified</pose>
		<truncated>0</truncated>
		<difficult>0</difficult>
		<occluded>0</occluded>
		<bndbox>
			<xmin>264</xmin>
			<xmax>269</xmax>
			<ymin>247</ymin>
			<ymax>264</ymax>
		</bndbox>
	</object>
	<object>
		<name>0</name>
		<pose>Unspecified</pose>
		<truncated>0</truncated>
		<difficult>0</difficult>
		<occluded>0</occluded>
		<bndbox>
			<xmin>277</xmin>
			<xmax>284</xmax>
			<ymin>153</ymin>
			<ymax>173</ymax>
		</bndbox>
	</object>
</annotation>
