<annotation>
	<folder></folder>
	<filename>0000001212-1-Image_jpeg.rf.e9507f88b3963961e0853101f70bca59.jpg</filename>
	<path>0000001212-1-Image_jpeg.rf.e9507f88b3963961e0853101f70bca59.jpg</path>
	<source>
		<database>roboflow.ai</database>
	</source>
	<size>
		<width>600</width>
		<height>600</height>
		<depth>3</depth>
	</size>
	<segmented>0</segmented>
	<object>
		<name>0</name>
		<pose>Unspecified</pose>
		<truncated>0</truncated>
		<difficult>0</difficult>
		<occluded>0</occluded>
		<bndbox>
			<xmin>314</xmin>
			<xmax>318</xmax>
			<ymin>275</ymin>
			<ymax>292</ymax>
		</bndbox>
	</object>
	<object>
		<name>0</name>
		<pose>Unspecified</pose>
		<truncated>0</truncated>
		<difficult>0</difficult>
		<occluded>0</occluded>
		<bndbox>
			<xmin>316</xmin>
			<xmax>329</xmax>
			<ymin>132</ymin>
			<ymax>273</ymax>
		</bndbox>
	</object>
</annotation>
