<annotation>
	<folder></folder>
	<filename>0000001211-1-Image_jpeg.rf.23bdb5286fc813368c4c283e5f6e8342.jpg</filename>
	<path>0000001211-1-Image_jpeg.rf.23bdb5286fc813368c4c283e5f6e8342.jpg</path>
	<source>
		<database>roboflow.ai</database>
	</source>
	<size>
		<width>600</width>
		<height>600</height>
		<depth>3</depth>
	</size>
	<segmented>0</segmented>
	<object>
		<name>0</name>
		<pose>Unspecified</pose>
		<truncated>0</truncated>
		<difficult>0</difficult>
		<occluded>0</occluded>
		<bndbox>
			<xmin>292</xmin>
			<xmax>296</xmax>
			<ymin>241</ymin>
			<ymax>256</ymax>
		</bndbox>
	</object>
	<object>
		<name>0</name>
		<pose>Unspecified</pose>
		<truncated>0</truncated>
		<difficult>0</difficult>
		<occluded>0</occluded>
		<bndbox>
			<xmin>269</xmin>
			<xmax>294</xmax>
			<ymin>127</ymin>
			<ymax>239</ymax>
		</bndbox>
	</object>
</annotation>
