<annotation>
	<folder></folder>
	<filename>0000001251-1-Image_jpeg.rf.3e65843d6c3a36f60fcdb70e0d813ba8.jpg</filename>
	<path>0000001251-1-Image_jpeg.rf.3e65843d6c3a36f60fcdb70e0d813ba8.jpg</path>
	<source>
		<database>roboflow.ai</database>
	</source>
	<size>
		<width>600</width>
		<height>600</height>
		<depth>3</depth>
	</size>
	<segmented>0</segmented>
	<object>
		<name>0</name>
		<pose>Unspecified</pose>
		<truncated>0</truncated>
		<difficult>0</difficult>
		<occluded>0</occluded>
		<bndbox>
			<xmin>329</xmin>
			<xmax>333</xmax>
			<ymin>268</ymin>
			<ymax>283</ymax>
		</bndbox>
	</object>
	<object>
		<name>0</name>
		<pose>Unspecified</pose>
		<truncated>0</truncated>
		<difficult>0</difficult>
		<occluded>0</occluded>
		<bndbox>
			<xmin>309</xmin>
			<xmax>329</xmax>
			<ymin>153</ymin>
			<ymax>254</ymax>
		</bndbox>
	</object>
</annotation>
