<annotation>
	<folder></folder>
	<filename>0000000142-1-Image_jpeg.rf.0bf15a39a2876418cbfaf8ce3a58b181.jpg</filename>
	<path>0000000142-1-Image_jpeg.rf.0bf15a39a2876418cbfaf8ce3a58b181.jpg</path>
	<source>
		<database>roboflow.ai</database>
	</source>
	<size>
		<width>600</width>
		<height>600</height>
		<depth>3</depth>
	</size>
	<segmented>0</segmented>
	<object>
		<name>0</name>
		<pose>Unspecified</pose>
		<truncated>0</truncated>
		<difficult>0</difficult>
		<occluded>0</occluded>
		<bndbox>
			<xmin>295</xmin>
			<xmax>299</xmax>
			<ymin>269</ymin>
			<ymax>282</ymax>
		</bndbox>
	</object>
	<object>
		<name>0</name>
		<pose>Unspecified</pose>
		<truncated>0</truncated>
		<difficult>0</difficult>
		<occluded>0</occluded>
		<bndbox>
			<xmin>292</xmin>
			<xmax>297</xmax>
			<ymin>155</ymin>
			<ymax>265</ymax>
		</bndbox>
	</object>
</annotation>
