<annotation>
	<folder></folder>
	<filename>0000000860-1-Image_jpeg.rf.9eeee30bad7ca288e395f4502bab4ab6.jpg</filename>
	<path>0000000860-1-Image_jpeg.rf.9eeee30bad7ca288e395f4502bab4ab6.jpg</path>
	<source>
		<database>roboflow.ai</database>
	</source>
	<size>
		<width>600</width>
		<height>600</height>
		<depth>3</depth>
	</size>
	<segmented>0</segmented>
	<object>
		<name>0</name>
		<pose>Unspecified</pose>
		<truncated>0</truncated>
		<difficult>0</difficult>
		<occluded>0</occluded>
		<bndbox>
			<xmin>318</xmin>
			<xmax>322</xmax>
			<ymin>151</ymin>
			<ymax>166</ymax>
		</bndbox>
	</object>
	<object>
		<name>0</name>
		<pose>Unspecified</pose>
		<truncated>0</truncated>
		<difficult>0</difficult>
		<occluded>0</occluded>
		<bndbox>
			<xmin>307</xmin>
			<xmax>320</xmax>
			<ymin>41</ymin>
			<ymax>150</ymax>
		</bndbox>
	</object>
</annotation>
