<annotation>
	<folder></folder>
	<filename>0000000481-1-Image_jpeg.rf.71fb249afad76077b2c2fd8f81b6f101.jpg</filename>
	<path>0000000481-1-Image_jpeg.rf.71fb249afad76077b2c2fd8f81b6f101.jpg</path>
	<source>
		<database>roboflow.ai</database>
	</source>
	<size>
		<width>600</width>
		<height>600</height>
		<depth>3</depth>
	</size>
	<segmented>0</segmented>
	<object>
		<name>0</name>
		<pose>Unspecified</pose>
		<truncated>0</truncated>
		<difficult>0</difficult>
		<occluded>0</occluded>
		<bndbox>
			<xmin>290</xmin>
			<xmax>292</xmax>
			<ymin>326</ymin>
			<ymax>339</ymax>
		</bndbox>
	</object>
	<object>
		<name>0</name>
		<pose>Unspecified</pose>
		<truncated>0</truncated>
		<difficult>0</difficult>
		<occluded>0</occluded>
		<bndbox>
			<xmin>277</xmin>
			<xmax>290</xmax>
			<ymin>226</ymin>
			<ymax>312</ymax>
		</bndbox>
	</object>
</annotation>
