<annotation>
	<folder></folder>
	<filename>0000000287-1-Image_jpeg.rf.155e86a74d9386dd304f9f5e1d36a97e.jpg</filename>
	<path>0000000287-1-Image_jpeg.rf.155e86a74d9386dd304f9f5e1d36a97e.jpg</path>
	<source>
		<database>roboflow.ai</database>
	</source>
	<size>
		<width>600</width>
		<height>600</height>
		<depth>3</depth>
	</size>
	<segmented>0</segmented>
	<object>
		<name>0</name>
		<pose>Unspecified</pose>
		<truncated>0</truncated>
		<difficult>0</difficult>
		<occluded>0</occluded>
		<bndbox>
			<xmin>303</xmin>
			<xmax>305</xmax>
			<ymin>301</ymin>
			<ymax>312</ymax>
		</bndbox>
	</object>
	<object>
		<name>0</name>
		<pose>Unspecified</pose>
		<truncated>0</truncated>
		<difficult>0</difficult>
		<occluded>0</occluded>
		<bndbox>
			<xmin>280</xmin>
			<xmax>303</xmax>
			<ymin>191</ymin>
			<ymax>298</ymax>
		</bndbox>
	</object>
</annotation>
