<annotation>
	<folder></folder>
	<filename>0000000110-1-Image_jpeg.rf.6c4e5692e447e932f5351b32c3de9a53.jpg</filename>
	<path>0000000110-1-Image_jpeg.rf.6c4e5692e447e932f5351b32c3de9a53.jpg</path>
	<source>
		<database>roboflow.ai</database>
	</source>
	<size>
		<width>600</width>
		<height>600</height>
		<depth>3</depth>
	</size>
	<segmented>0</segmented>
	<object>
		<name>0</name>
		<pose>Unspecified</pose>
		<truncated>0</truncated>
		<difficult>0</difficult>
		<occluded>0</occluded>
		<bndbox>
			<xmin>294</xmin>
			<xmax>296</xmax>
			<ymin>305</ymin>
			<ymax>318</ymax>
		</bndbox>
	</object>
	<object>
		<name>0</name>
		<pose>Unspecified</pose>
		<truncated>0</truncated>
		<difficult>0</difficult>
		<occluded>0</occluded>
		<bndbox>
			<xmin>286</xmin>
			<xmax>295</xmax>
			<ymin>187</ymin>
			<ymax>303</ymax>
		</bndbox>
	</object>
</annotation>
