<annotation>
	<folder></folder>
	<filename>0000000238-1-Image_jpeg.rf.10705902cadf730d664a0016b3c9740f.jpg</filename>
	<path>0000000238-1-Image_jpeg.rf.10705902cadf730d664a0016b3c9740f.jpg</path>
	<source>
		<database>roboflow.ai</database>
	</source>
	<size>
		<width>600</width>
		<height>600</height>
		<depth>3</depth>
	</size>
	<segmented>0</segmented>
	<object>
		<name>0</name>
		<pose>Unspecified</pose>
		<truncated>0</truncated>
		<difficult>0</difficult>
		<occluded>0</occluded>
		<bndbox>
			<xmin>237</xmin>
			<xmax>241</xmax>
			<ymin>264</ymin>
			<ymax>279</ymax>
		</bndbox>
	</object>
	<object>
		<name>0</name>
		<pose>Unspecified</pose>
		<truncated>0</truncated>
		<difficult>0</difficult>
		<occluded>0</occluded>
		<bndbox>
			<xmin>209</xmin>
			<xmax>237</xmax>
			<ymin>151</ymin>
			<ymax>250</ymax>
		</bndbox>
	</object>
</annotation>
