<annotation>
	<folder></folder>
	<filename>0000001366-1-Image_jpeg.rf.1f8e9dc096636855f699fd63183f3f4d.jpg</filename>
	<path>0000001366-1-Image_jpeg.rf.1f8e9dc096636855f699fd63183f3f4d.jpg</path>
	<source>
		<database>roboflow.ai</database>
	</source>
	<size>
		<width>600</width>
		<height>600</height>
		<depth>3</depth>
	</size>
	<segmented>0</segmented>
	<object>
		<name>0</name>
		<pose>Unspecified</pose>
		<truncated>0</truncated>
		<difficult>0</difficult>
		<occluded>0</occluded>
		<bndbox>
			<xmin>264</xmin>
			<xmax>266</xmax>
			<ymin>238</ymin>
			<ymax>251</ymax>
		</bndbox>
	</object>
	<object>
		<name>0</name>
		<pose>Unspecified</pose>
		<truncated>0</truncated>
		<difficult>0</difficult>
		<occluded>0</occluded>
		<bndbox>
			<xmin>245</xmin>
			<xmax>265</xmax>
			<ymin>121</ymin>
			<ymax>235</ymax>
		</bndbox>
	</object>
</annotation>
