<annotation>
	<folder></folder>
	<filename>0000000902-1-Image_jpeg.rf.095ba482f30828a1133c5975e4f39eb0.jpg</filename>
	<path>0000000902-1-Image_jpeg.rf.095ba482f30828a1133c5975e4f39eb0.jpg</path>
	<source>
		<database>roboflow.ai</database>
	</source>
	<size>
		<width>600</width>
		<height>600</height>
		<depth>3</depth>
	</size>
	<segmented>0</segmented>
	<object>
		<name>0</name>
		<pose>Unspecified</pose>
		<truncated>0</truncated>
		<difficult>0</difficult>
		<occluded>0</occluded>
		<bndbox>
			<xmin>301</xmin>
			<xmax>305</xmax>
			<ymin>296</ymin>
			<ymax>311</ymax>
		</bndbox>
	</object>
	<object>
		<name>0</name>
		<pose>Unspecified</pose>
		<truncated>0</truncated>
		<difficult>0</difficult>
		<occluded>0</occluded>
		<bndbox>
			<xmin>305</xmin>
			<xmax>335</xmax>
			<ymin>183</ymin>
			<ymax>293</ymax>
		</bndbox>
	</object>
</annotation>
