<annotation>
	<folder></folder>
	<filename>0000000102-1-Image_jpeg.rf.817b2d5675ec306ad55b16d7833125db.jpg</filename>
	<path>0000000102-1-Image_jpeg.rf.817b2d5675ec306ad55b16d7833125db.jpg</path>
	<source>
		<database>roboflow.ai</database>
	</source>
	<size>
		<width>600</width>
		<height>600</height>
		<depth>3</depth>
	</size>
	<segmented>0</segmented>
	<object>
		<name>0</name>
		<pose>Unspecified</pose>
		<truncated>0</truncated>
		<difficult>0</difficult>
		<occluded>0</occluded>
		<bndbox>
			<xmin>299</xmin>
			<xmax>303</xmax>
			<ymin>275</ymin>
			<ymax>288</ymax>
		</bndbox>
	</object>
	<object>
		<name>0</name>
		<pose>Unspecified</pose>
		<truncated>0</truncated>
		<difficult>0</difficult>
		<occluded>0</occluded>
		<bndbox>
			<xmin>271</xmin>
			<xmax>297</xmax>
			<ymin>160</ymin>
			<ymax>260</ymax>
		</bndbox>
	</object>
</annotation>
