<annotation>
	<folder></folder>
	<filename>0000000280-1-Image_jpeg.rf.33fe77c12eaab17aa9c94483cd62a1cc.jpg</filename>
	<path>0000000280-1-Image_jpeg.rf.33fe77c12eaab17aa9c94483cd62a1cc.jpg</path>
	<source>
		<database>roboflow.ai</database>
	</source>
	<size>
		<width>600</width>
		<height>600</height>
		<depth>3</depth>
	</size>
	<segmented>0</segmented>
	<object>
		<name>0</name>
		<pose>Unspecified</pose>
		<truncated>0</truncated>
		<difficult>0</difficult>
		<occluded>0</occluded>
		<bndbox>
			<xmin>301</xmin>
			<xmax>305</xmax>
			<ymin>292</ymin>
			<ymax>307</ymax>
		</bndbox>
	</object>
	<object>
		<name>0</name>
		<pose>Unspecified</pose>
		<truncated>0</truncated>
		<difficult>0</difficult>
		<occluded>0</occluded>
		<bndbox>
			<xmin>299</xmin>
			<xmax>303</xmax>
			<ymin>181</ymin>
			<ymax>284</ymax>
		</bndbox>
	</object>
</annotation>
