<annotation>
	<folder></folder>
	<filename>0000001333-1-Image_jpeg.rf.eaabe3b4786878b00baa6343f94e0e54.jpg</filename>
	<path>0000001333-1-Image_jpeg.rf.eaabe3b4786878b00baa6343f94e0e54.jpg</path>
	<source>
		<database>roboflow.ai</database>
	</source>
	<size>
		<width>600</width>
		<height>600</height>
		<depth>3</depth>
	</size>
	<segmented>0</segmented>
	<object>
		<name>0</name>
		<pose>Unspecified</pose>
		<truncated>0</truncated>
		<difficult>0</difficult>
		<occluded>0</occluded>
		<bndbox>
			<xmin>299</xmin>
			<xmax>303</xmax>
			<ymin>286</ymin>
			<ymax>301</ymax>
		</bndbox>
	</object>
	<object>
		<name>0</name>
		<pose>Unspecified</pose>
		<truncated>0</truncated>
		<difficult>0</difficult>
		<occluded>0</occluded>
		<bndbox>
			<xmin>303</xmin>
			<xmax>327</xmax>
			<ymin>172</ymin>
			<ymax>279</ymax>
		</bndbox>
	</object>
</annotation>
