<annotation>
	<folder></folder>
	<filename>0000000493-1-Image_jpeg.rf.dc711c79bfee5dba521ac8a43494d6ee.jpg</filename>
	<path>0000000493-1-Image_jpeg.rf.dc711c79bfee5dba521ac8a43494d6ee.jpg</path>
	<source>
		<database>roboflow.ai</database>
	</source>
	<size>
		<width>600</width>
		<height>600</height>
		<depth>3</depth>
	</size>
	<segmented>0</segmented>
	<object>
		<name>0</name>
		<pose>Unspecified</pose>
		<truncated>0</truncated>
		<difficult>0</difficult>
		<occluded>0</occluded>
		<bndbox>
			<xmin>297</xmin>
			<xmax>301</xmax>
			<ymin>328</ymin>
			<ymax>341</ymax>
		</bndbox>
	</object>
</annotation>
