<annotation>
	<folder></folder>
	<filename>0000000509-1-Image_jpeg.rf.e7746cb5f48bcdec846446cd1c5f0b2e.jpg</filename>
	<path>0000000509-1-Image_jpeg.rf.e7746cb5f48bcdec846446cd1c5f0b2e.jpg</path>
	<source>
		<database>roboflow.ai</database>
	</source>
	<size>
		<width>600</width>
		<height>600</height>
		<depth>3</depth>
	</size>
	<segmented>0</segmented>
	<object>
		<name>0</name>
		<pose>Unspecified</pose>
		<truncated>0</truncated>
		<difficult>0</difficult>
		<occluded>0</occluded>
		<bndbox>
			<xmin>269</xmin>
			<xmax>273</xmax>
			<ymin>307</ymin>
			<ymax>320</ymax>
		</bndbox>
	</object>
	<object>
		<name>0</name>
		<pose>Unspecified</pose>
		<truncated>0</truncated>
		<difficult>0</difficult>
		<occluded>0</occluded>
		<bndbox>
			<xmin>264</xmin>
			<xmax>269</xmax>
			<ymin>241</ymin>
			<ymax>280</ymax>
		</bndbox>
	</object>
</annotation>
