<annotation>
	<folder></folder>
	<filename>0000000439-1-Image_jpeg.rf.4b22d77f22c3cf26a9ef6ba8ffd5da0a.jpg</filename>
	<path>0000000439-1-Image_jpeg.rf.4b22d77f22c3cf26a9ef6ba8ffd5da0a.jpg</path>
	<source>
		<database>roboflow.ai</database>
	</source>
	<size>
		<width>600</width>
		<height>600</height>
		<depth>3</depth>
	</size>
	<segmented>0</segmented>
	<object>
		<name>0</name>
		<pose>Unspecified</pose>
		<truncated>0</truncated>
		<difficult>0</difficult>
		<occluded>0</occluded>
		<bndbox>
			<xmin>271</xmin>
			<xmax>275</xmax>
			<ymin>251</ymin>
			<ymax>266</ymax>
		</bndbox>
	</object>
	<object>
		<name>0</name>
		<pose>Unspecified</pose>
		<truncated>0</truncated>
		<difficult>0</difficult>
		<occluded>0</occluded>
		<bndbox>
			<xmin>273</xmin>
			<xmax>277</xmax>
			<ymin>138</ymin>
			<ymax>243</ymax>
		</bndbox>
	</object>
</annotation>
