<annotation>
	<folder></folder>
	<filename>0000000957-1-Image_jpeg.rf.99b0d3aac828a730befe83391e1f3995.jpg</filename>
	<path>0000000957-1-Image_jpeg.rf.99b0d3aac828a730befe83391e1f3995.jpg</path>
	<source>
		<database>roboflow.ai</database>
	</source>
	<size>
		<width>600</width>
		<height>600</height>
		<depth>3</depth>
	</size>
	<segmented>0</segmented>
	<object>
		<name>0</name>
		<pose>Unspecified</pose>
		<truncated>0</truncated>
		<difficult>0</difficult>
		<occluded>0</occluded>
		<bndbox>
			<xmin>280</xmin>
			<xmax>284</xmax>
			<ymin>277</ymin>
			<ymax>292</ymax>
		</bndbox>
	</object>
	<object>
		<name>0</name>
		<pose>Unspecified</pose>
		<truncated>0</truncated>
		<difficult>0</difficult>
		<occluded>0</occluded>
		<bndbox>
			<xmin>252</xmin>
			<xmax>282</xmax>
			<ymin>170</ymin>
			<ymax>275</ymax>
		</bndbox>
	</object>
</annotation>
