<annotation>
	<folder></folder>
	<filename>0000001204-1-Image_jpeg.rf.954fda0dc06c77f4b70c8e6ced91f25e.jpg</filename>
	<path>0000001204-1-Image_jpeg.rf.954fda0dc06c77f4b70c8e6ced91f25e.jpg</path>
	<source>
		<database>roboflow.ai</database>
	</source>
	<size>
		<width>600</width>
		<height>600</height>
		<depth>3</depth>
	</size>
	<segmented>0</segmented>
	<object>
		<name>0</name>
		<pose>Unspecified</pose>
		<truncated>0</truncated>
		<difficult>0</difficult>
		<occluded>0</occluded>
		<bndbox>
			<xmin>307</xmin>
			<xmax>311</xmax>
			<ymin>228</ymin>
			<ymax>243</ymax>
		</bndbox>
	</object>
	<object>
		<name>0</name>
		<pose>Unspecified</pose>
		<truncated>0</truncated>
		<difficult>0</difficult>
		<occluded>0</occluded>
		<bndbox>
			<xmin>288</xmin>
			<xmax>308</xmax>
			<ymin>114</ymin>
			<ymax>226</ymax>
		</bndbox>
	</object>
</annotation>
