<annotation>
	<folder></folder>
	<filename>0000001179-1-Image_jpeg.rf.d93a440310566a1916be27e747f38d1e.jpg</filename>
	<path>0000001179-1-Image_jpeg.rf.d93a440310566a1916be27e747f38d1e.jpg</path>
	<source>
		<database>roboflow.ai</database>
	</source>
	<size>
		<width>600</width>
		<height>600</height>
		<depth>3</depth>
	</size>
	<segmented>0</segmented>
	<object>
		<name>0</name>
		<pose>Unspecified</pose>
		<truncated>0</truncated>
		<difficult>0</difficult>
		<occluded>0</occluded>
		<bndbox>
			<xmin>264</xmin>
			<xmax>268</xmax>
			<ymin>273</ymin>
			<ymax>286</ymax>
		</bndbox>
	</object>
	<object>
		<name>0</name>
		<pose>Unspecified</pose>
		<truncated>0</truncated>
		<difficult>0</difficult>
		<occluded>0</occluded>
		<bndbox>
			<xmin>260</xmin>
			<xmax>267</xmax>
			<ymin>155</ymin>
			<ymax>271</ymax>
		</bndbox>
	</object>
</annotation>
