<annotation>
	<folder></folder>
	<filename>0000000072-1-Image_jpeg.rf.1f0f201fb9510f66aa7f371157060e4b.jpg</filename>
	<path>0000000072-1-Image_jpeg.rf.1f0f201fb9510f66aa7f371157060e4b.jpg</path>
	<source>
		<database>roboflow.ai</database>
	</source>
	<size>
		<width>600</width>
		<height>600</height>
		<depth>3</depth>
	</size>
	<segmented>0</segmented>
	<object>
		<name>0</name>
		<pose>Unspecified</pose>
		<truncated>0</truncated>
		<difficult>0</difficult>
		<occluded>0</occluded>
		<bndbox>
			<xmin>277</xmin>
			<xmax>281</xmax>
			<ymin>288</ymin>
			<ymax>303</ymax>
		</bndbox>
	</object>
</annotation>
