<annotation>
	<folder></folder>
	<filename>0000000549-1-Image_jpeg.rf.814b5ced37895002299f9e1fa6f9f7e9.jpg</filename>
	<path>0000000549-1-Image_jpeg.rf.814b5ced37895002299f9e1fa6f9f7e9.jpg</path>
	<source>
		<database>roboflow.ai</database>
	</source>
	<size>
		<width>600</width>
		<height>600</height>
		<depth>3</depth>
	</size>
	<segmented>0</segmented>
	<object>
		<name>0</name>
		<pose>Unspecified</pose>
		<truncated>0</truncated>
		<difficult>0</difficult>
		<occluded>0</occluded>
		<bndbox>
			<xmin>277</xmin>
			<xmax>279</xmax>
			<ymin>324</ymin>
			<ymax>337</ymax>
		</bndbox>
	</object>
</annotation>
