<annotation>
	<folder></folder>
	<filename>0000000633-1-Image_jpeg.rf.21e965381f90006fe48fd5eb90f8950e.jpg</filename>
	<path>0000000633-1-Image_jpeg.rf.21e965381f90006fe48fd5eb90f8950e.jpg</path>
	<source>
		<database>roboflow.ai</database>
	</source>
	<size>
		<width>600</width>
		<height>600</height>
		<depth>3</depth>
	</size>
	<segmented>0</segmented>
	<object>
		<name>0</name>
		<pose>Unspecified</pose>
		<truncated>0</truncated>
		<difficult>0</difficult>
		<occluded>0</occluded>
		<bndbox>
			<xmin>264</xmin>
			<xmax>268</xmax>
			<ymin>301</ymin>
			<ymax>316</ymax>
		</bndbox>
	</object>
</annotation>
