<annotation>
	<folder></folder>
	<filename>0000001181-1-Image_jpeg.rf.19253df280ad30355a58c4a73b7f6bb3.jpg</filename>
	<path>0000001181-1-Image_jpeg.rf.19253df280ad30355a58c4a73b7f6bb3.jpg</path>
	<source>
		<database>roboflow.ai</database>
	</source>
	<size>
		<width>600</width>
		<height>600</height>
		<depth>3</depth>
	</size>
	<segmented>0</segmented>
	<object>
		<name>0</name>
		<pose>Unspecified</pose>
		<truncated>0</truncated>
		<difficult>0</difficult>
		<occluded>0</occluded>
		<bndbox>
			<xmin>279</xmin>
			<xmax>283</xmax>
			<ymin>262</ymin>
			<ymax>277</ymax>
		</bndbox>
	</object>
	<object>
		<name>0</name>
		<pose>Unspecified</pose>
		<truncated>0</truncated>
		<difficult>0</difficult>
		<occluded>0</occluded>
		<bndbox>
			<xmin>280</xmin>
			<xmax>305</xmax>
			<ymin>147</ymin>
			<ymax>247</ymax>
		</bndbox>
	</object>
</annotation>
