<annotation>
	<folder></folder>
	<filename>0000001193-1-Image_jpeg.rf.303288fcd02779d298f99d6e59ca7315.jpg</filename>
	<path>0000001193-1-Image_jpeg.rf.303288fcd02779d298f99d6e59ca7315.jpg</path>
	<source>
		<database>roboflow.ai</database>
	</source>
	<size>
		<width>600</width>
		<height>600</height>
		<depth>3</depth>
	</size>
	<segmented>0</segmented>
	<object>
		<name>0</name>
		<pose>Unspecified</pose>
		<truncated>0</truncated>
		<difficult>0</difficult>
		<occluded>0</occluded>
		<bndbox>
			<xmin>295</xmin>
			<xmax>299</xmax>
			<ymin>294</ymin>
			<ymax>309</ymax>
		</bndbox>
	</object>
	<object>
		<name>0</name>
		<pose>Unspecified</pose>
		<truncated>0</truncated>
		<difficult>0</difficult>
		<occluded>0</occluded>
		<bndbox>
			<xmin>268</xmin>
			<xmax>294</xmax>
			<ymin>181</ymin>
			<ymax>286</ymax>
		</bndbox>
	</object>
</annotation>
