<annotation>
	<folder></folder>
	<filename>0000001326-1-Image_jpeg.rf.194e5bdf5e34a8d49669b21461e4f660.jpg</filename>
	<path>0000001326-1-Image_jpeg.rf.194e5bdf5e34a8d49669b21461e4f660.jpg</path>
	<source>
		<database>roboflow.ai</database>
	</source>
	<size>
		<width>600</width>
		<height>600</height>
		<depth>3</depth>
	</size>
	<segmented>0</segmented>
	<object>
		<name>0</name>
		<pose>Unspecified</pose>
		<truncated>0</truncated>
		<difficult>0</difficult>
		<occluded>0</occluded>
		<bndbox>
			<xmin>322</xmin>
			<xmax>326</xmax>
			<ymin>331</ymin>
			<ymax>346</ymax>
		</bndbox>
	</object>
	<object>
		<name>0</name>
		<pose>Unspecified</pose>
		<truncated>0</truncated>
		<difficult>0</difficult>
		<occluded>0</occluded>
		<bndbox>
			<xmin>326</xmin>
			<xmax>328</xmax>
			<ymin>220</ymin>
			<ymax>273</ymax>
		</bndbox>
	</object>
</annotation>
