<annotation>
	<folder></folder>
	<filename>0000000117-1-Image_jpeg.rf.e7ba247598aac4d1ec1e304aac0f68e1.jpg</filename>
	<path>0000000117-1-Image_jpeg.rf.e7ba247598aac4d1ec1e304aac0f68e1.jpg</path>
	<source>
		<database>roboflow.ai</database>
	</source>
	<size>
		<width>600</width>
		<height>600</height>
		<depth>3</depth>
	</size>
	<segmented>0</segmented>
	<object>
		<name>0</name>
		<pose>Unspecified</pose>
		<truncated>0</truncated>
		<difficult>0</difficult>
		<occluded>0</occluded>
		<bndbox>
			<xmin>309</xmin>
			<xmax>313</xmax>
			<ymin>399</ymin>
			<ymax>412</ymax>
		</bndbox>
	</object>
</annotation>
