<annotation>
	<folder></folder>
	<filename>0000001410-1-Image_jpeg.rf.d1ddba4cc6feb5db543739be48d97c58.jpg</filename>
	<path>0000001410-1-Image_jpeg.rf.d1ddba4cc6feb5db543739be48d97c58.jpg</path>
	<source>
		<database>roboflow.ai</database>
	</source>
	<size>
		<width>600</width>
		<height>600</height>
		<depth>3</depth>
	</size>
	<segmented>0</segmented>
	<object>
		<name>0</name>
		<pose>Unspecified</pose>
		<truncated>0</truncated>
		<difficult>0</difficult>
		<occluded>0</occluded>
		<bndbox>
			<xmin>335</xmin>
			<xmax>339</xmax>
			<ymin>343</ymin>
			<ymax>356</ymax>
		</bndbox>
	</object>
</annotation>
