<annotation>
	<folder></folder>
	<filename>0000000105-1-Image_jpeg.rf.35ff823691cb8db178f97d665370fa87.jpg</filename>
	<path>0000000105-1-Image_jpeg.rf.35ff823691cb8db178f97d665370fa87.jpg</path>
	<source>
		<database>roboflow.ai</database>
	</source>
	<size>
		<width>600</width>
		<height>600</height>
		<depth>3</depth>
	</size>
	<segmented>0</segmented>
	<object>
		<name>0</name>
		<pose>Unspecified</pose>
		<truncated>0</truncated>
		<difficult>0</difficult>
		<occluded>0</occluded>
		<bndbox>
			<xmin>348</xmin>
			<xmax>352</xmax>
			<ymin>344</ymin>
			<ymax>359</ymax>
		</bndbox>
	</object>
</annotation>
