<annotation>
	<folder></folder>
	<filename>0000000910-1-Image_jpeg.rf.3089096ca2ed5dad81e9fa69623ce236.jpg</filename>
	<path>0000000910-1-Image_jpeg.rf.3089096ca2ed5dad81e9fa69623ce236.jpg</path>
	<source>
		<database>roboflow.ai</database>
	</source>
	<size>
		<width>600</width>
		<height>600</height>
		<depth>3</depth>
	</size>
	<segmented>0</segmented>
	<object>
		<name>0</name>
		<pose>Unspecified</pose>
		<truncated>0</truncated>
		<difficult>0</difficult>
		<occluded>0</occluded>
		<bndbox>
			<xmin>288</xmin>
			<xmax>292</xmax>
			<ymin>320</ymin>
			<ymax>333</ymax>
		</bndbox>
	</object>
	<object>
		<name>0</name>
		<pose>Unspecified</pose>
		<truncated>0</truncated>
		<difficult>0</difficult>
		<occluded>0</occluded>
		<bndbox>
			<xmin>262</xmin>
			<xmax>290</xmax>
			<ymin>205</ymin>
			<ymax>318</ymax>
		</bndbox>
	</object>
</annotation>
