<annotation>
	<folder></folder>
	<filename>0000000278-1-Image_jpeg.rf.c605103bef486ad5ff6028fe81daa561.jpg</filename>
	<path>0000000278-1-Image_jpeg.rf.c605103bef486ad5ff6028fe81daa561.jpg</path>
	<source>
		<database>roboflow.ai</database>
	</source>
	<size>
		<width>600</width>
		<height>600</height>
		<depth>3</depth>
	</size>
	<segmented>0</segmented>
	<object>
		<name>0</name>
		<pose>Unspecified</pose>
		<truncated>0</truncated>
		<difficult>0</difficult>
		<occluded>0</occluded>
		<bndbox>
			<xmin>294</xmin>
			<xmax>296</xmax>
			<ymin>251</ymin>
			<ymax>264</ymax>
		</bndbox>
	</object>
	<object>
		<name>0</name>
		<pose>Unspecified</pose>
		<truncated>0</truncated>
		<difficult>0</difficult>
		<occluded>0</occluded>
		<bndbox>
			<xmin>298</xmin>
			<xmax>324</xmax>
			<ymin>138</ymin>
			<ymax>248</ymax>
		</bndbox>
	</object>
</annotation>
