<annotation>
	<folder></folder>
	<filename>0000001405-1-Image_jpeg.rf.8fcfef8a2300bc77ed28cb79f97324bf.jpg</filename>
	<path>0000001405-1-Image_jpeg.rf.8fcfef8a2300bc77ed28cb79f97324bf.jpg</path>
	<source>
		<database>roboflow.ai</database>
	</source>
	<size>
		<width>600</width>
		<height>600</height>
		<depth>3</depth>
	</size>
	<segmented>0</segmented>
	<object>
		<name>0</name>
		<pose>Unspecified</pose>
		<truncated>0</truncated>
		<difficult>0</difficult>
		<occluded>0</occluded>
		<bndbox>
			<xmin>243</xmin>
			<xmax>245</xmax>
			<ymin>241</ymin>
			<ymax>254</ymax>
		</bndbox>
	</object>
	<object>
		<name>0</name>
		<pose>Unspecified</pose>
		<truncated>0</truncated>
		<difficult>0</difficult>
		<occluded>0</occluded>
		<bndbox>
			<xmin>222</xmin>
			<xmax>243</xmax>
			<ymin>127</ymin>
			<ymax>239</ymax>
		</bndbox>
	</object>
</annotation>
