<annotation>
	<folder></folder>
	<filename>0000001321-1-Image_jpeg.rf.cbe4b7af96bbd9f58ecd108d17aa3de9.jpg</filename>
	<path>0000001321-1-Image_jpeg.rf.cbe4b7af96bbd9f58ecd108d17aa3de9.jpg</path>
	<source>
		<database>roboflow.ai</database>
	</source>
	<size>
		<width>600</width>
		<height>600</height>
		<depth>3</depth>
	</size>
	<segmented>0</segmented>
	<object>
		<name>0</name>
		<pose>Unspecified</pose>
		<truncated>0</truncated>
		<difficult>0</difficult>
		<occluded>0</occluded>
		<bndbox>
			<xmin>309</xmin>
			<xmax>311</xmax>
			<ymin>279</ymin>
			<ymax>292</ymax>
		</bndbox>
	</object>
	<object>
		<name>0</name>
		<pose>Unspecified</pose>
		<truncated>0</truncated>
		<difficult>0</difficult>
		<occluded>0</occluded>
		<bndbox>
			<xmin>312</xmin>
			<xmax>333</xmax>
			<ymin>173</ymin>
			<ymax>271</ymax>
		</bndbox>
	</object>
</annotation>
