<annotation>
	<folder></folder>
	<filename>0000000666-1-Image_jpeg.rf.b71f0f8883f9bdc728b7f807a2e60ef6.jpg</filename>
	<path>0000000666-1-Image_jpeg.rf.b71f0f8883f9bdc728b7f807a2e60ef6.jpg</path>
	<source>
		<database>roboflow.ai</database>
	</source>
	<size>
		<width>600</width>
		<height>600</height>
		<depth>3</depth>
	</size>
	<segmented>0</segmented>
	<object>
		<name>0</name>
		<pose>Unspecified</pose>
		<truncated>0</truncated>
		<difficult>0</difficult>
		<occluded>0</occluded>
		<bndbox>
			<xmin>303</xmin>
			<xmax>305</xmax>
			<ymin>307</ymin>
			<ymax>320</ymax>
		</bndbox>
	</object>
	<object>
		<name>0</name>
		<pose>Unspecified</pose>
		<truncated>0</truncated>
		<difficult>0</difficult>
		<occluded>0</occluded>
		<bndbox>
			<xmin>305</xmin>
			<xmax>307</xmax>
			<ymin>269</ymin>
			<ymax>288</ymax>
		</bndbox>
	</object>
</annotation>
