<annotation>
	<folder></folder>
	<filename>0000000479-1-Image_jpeg.rf.fb017bd5d17112e552e36720831aa4b1.jpg</filename>
	<path>0000000479-1-Image_jpeg.rf.fb017bd5d17112e552e36720831aa4b1.jpg</path>
	<source>
		<database>roboflow.ai</database>
	</source>
	<size>
		<width>600</width>
		<height>600</height>
		<depth>3</depth>
	</size>
	<segmented>0</segmented>
	<object>
		<name>0</name>
		<pose>Unspecified</pose>
		<truncated>0</truncated>
		<difficult>0</difficult>
		<occluded>0</occluded>
		<bndbox>
			<xmin>295</xmin>
			<xmax>299</xmax>
			<ymin>275</ymin>
			<ymax>290</ymax>
		</bndbox>
	</object>
	<object>
		<name>0</name>
		<pose>Unspecified</pose>
		<truncated>0</truncated>
		<difficult>0</difficult>
		<occluded>0</occluded>
		<bndbox>
			<xmin>297</xmin>
			<xmax>322</xmax>
			<ymin>160</ymin>
			<ymax>273</ymax>
		</bndbox>
	</object>
</annotation>
