<annotation>
	<folder></folder>
	<filename>0000001244-1-Image_jpeg.rf.401005b03bdad10c99bc337551f5e05b.jpg</filename>
	<path>0000001244-1-Image_jpeg.rf.401005b03bdad10c99bc337551f5e05b.jpg</path>
	<source>
		<database>roboflow.ai</database>
	</source>
	<size>
		<width>600</width>
		<height>600</height>
		<depth>3</depth>
	</size>
	<segmented>0</segmented>
	<object>
		<name>0</name>
		<pose>Unspecified</pose>
		<truncated>0</truncated>
		<difficult>0</difficult>
		<occluded>0</occluded>
		<bndbox>
			<xmin>307</xmin>
			<xmax>311</xmax>
			<ymin>273</ymin>
			<ymax>288</ymax>
		</bndbox>
	</object>
	<object>
		<name>0</name>
		<pose>Unspecified</pose>
		<truncated>0</truncated>
		<difficult>0</difficult>
		<occluded>0</occluded>
		<bndbox>
			<xmin>307</xmin>
			<xmax>311</xmax>
			<ymin>162</ymin>
			<ymax>271</ymax>
		</bndbox>
	</object>
</annotation>
