<annotation>
	<folder></folder>
	<filename>0000000634-1-Image_jpeg.rf.066448226dfe0e4193742e30f635a02a.jpg</filename>
	<path>0000000634-1-Image_jpeg.rf.066448226dfe0e4193742e30f635a02a.jpg</path>
	<source>
		<database>roboflow.ai</database>
	</source>
	<size>
		<width>600</width>
		<height>600</height>
		<depth>3</depth>
	</size>
	<segmented>0</segmented>
	<object>
		<name>0</name>
		<pose>Unspecified</pose>
		<truncated>0</truncated>
		<difficult>0</difficult>
		<occluded>0</occluded>
		<bndbox>
			<xmin>316</xmin>
			<xmax>320</xmax>
			<ymin>258</ymin>
			<ymax>273</ymax>
		</bndbox>
	</object>
	<object>
		<name>0</name>
		<pose>Unspecified</pose>
		<truncated>0</truncated>
		<difficult>0</difficult>
		<occluded>0</occluded>
		<bndbox>
			<xmin>320</xmin>
			<xmax>322</xmax>
			<ymin>179</ymin>
			<ymax>215</ymax>
		</bndbox>
	</object>
</annotation>
