<annotation>
	<folder></folder>
	<filename>0000000295-1-Image_jpeg.rf.1ad1831f2dd6b0bb4c52a9b30e0f33a0.jpg</filename>
	<path>0000000295-1-Image_jpeg.rf.1ad1831f2dd6b0bb4c52a9b30e0f33a0.jpg</path>
	<source>
		<database>roboflow.ai</database>
	</source>
	<size>
		<width>600</width>
		<height>600</height>
		<depth>3</depth>
	</size>
	<segmented>0</segmented>
	<object>
		<name>0</name>
		<pose>Unspecified</pose>
		<truncated>0</truncated>
		<difficult>0</difficult>
		<occluded>0</occluded>
		<bndbox>
			<xmin>305</xmin>
			<xmax>309</xmax>
			<ymin>339</ymin>
			<ymax>354</ymax>
		</bndbox>
	</object>
</annotation>
