<annotation>
	<folder></folder>
	<filename>0000001373-1-Image_jpeg.rf.b4d167f7d1cd6504f36337bca911a223.jpg</filename>
	<path>0000001373-1-Image_jpeg.rf.b4d167f7d1cd6504f36337bca911a223.jpg</path>
	<source>
		<database>roboflow.ai</database>
	</source>
	<size>
		<width>600</width>
		<height>600</height>
		<depth>3</depth>
	</size>
	<segmented>0</segmented>
	<object>
		<name>0</name>
		<pose>Unspecified</pose>
		<truncated>0</truncated>
		<difficult>0</difficult>
		<occluded>0</occluded>
		<bndbox>
			<xmin>277</xmin>
			<xmax>281</xmax>
			<ymin>284</ymin>
			<ymax>299</ymax>
		</bndbox>
	</object>
	<object>
		<name>0</name>
		<pose>Unspecified</pose>
		<truncated>0</truncated>
		<difficult>0</difficult>
		<occluded>0</occluded>
		<bndbox>
			<xmin>247</xmin>
			<xmax>279</xmax>
			<ymin>172</ymin>
			<ymax>282</ymax>
		</bndbox>
	</object>
</annotation>
