<annotation>
	<folder></folder>
	<filename>0000001243-1-Image_jpeg.rf.a519f784b0248538eae9964c027e169a.jpg</filename>
	<path>0000001243-1-Image_jpeg.rf.a519f784b0248538eae9964c027e169a.jpg</path>
	<source>
		<database>roboflow.ai</database>
	</source>
	<size>
		<width>600</width>
		<height>600</height>
		<depth>3</depth>
	</size>
	<segmented>0</segmented>
	<object>
		<name>0</name>
		<pose>Unspecified</pose>
		<truncated>0</truncated>
		<difficult>0</difficult>
		<occluded>0</occluded>
		<bndbox>
			<xmin>294</xmin>
			<xmax>296</xmax>
			<ymin>329</ymin>
			<ymax>342</ymax>
		</bndbox>
	</object>
</annotation>
