<annotation>
	<folder></folder>
	<filename>0000000145-1-Image_jpeg.rf.49cbad3b9baa09b4ace5f38ab305fad6.jpg</filename>
	<path>0000000145-1-Image_jpeg.rf.49cbad3b9baa09b4ace5f38ab305fad6.jpg</path>
	<source>
		<database>roboflow.ai</database>
	</source>
	<size>
		<width>600</width>
		<height>600</height>
		<depth>3</depth>
	</size>
	<segmented>0</segmented>
	<object>
		<name>0</name>
		<pose>Unspecified</pose>
		<truncated>0</truncated>
		<difficult>0</difficult>
		<occluded>0</occluded>
		<bndbox>
			<xmin>322</xmin>
			<xmax>326</xmax>
			<ymin>286</ymin>
			<ymax>301</ymax>
		</bndbox>
	</object>
	<object>
		<name>0</name>
		<pose>Unspecified</pose>
		<truncated>0</truncated>
		<difficult>0</difficult>
		<occluded>0</occluded>
		<bndbox>
			<xmin>294</xmin>
			<xmax>320</xmax>
			<ymin>174</ymin>
			<ymax>256</ymax>
		</bndbox>
	</object>
</annotation>
