<annotation>
	<folder></folder>
	<filename>0000001186-1-Image_jpeg.rf.3e5160dd8ec0551ddfc7fa806b97066a.jpg</filename>
	<path>0000001186-1-Image_jpeg.rf.3e5160dd8ec0551ddfc7fa806b97066a.jpg</path>
	<source>
		<database>roboflow.ai</database>
	</source>
	<size>
		<width>600</width>
		<height>600</height>
		<depth>3</depth>
	</size>
	<segmented>0</segmented>
	<object>
		<name>0</name>
		<pose>Unspecified</pose>
		<truncated>0</truncated>
		<difficult>0</difficult>
		<occluded>0</occluded>
		<bndbox>
			<xmin>307</xmin>
			<xmax>311</xmax>
			<ymin>288</ymin>
			<ymax>303</ymax>
		</bndbox>
	</object>
	<object>
		<name>0</name>
		<pose>Unspecified</pose>
		<truncated>0</truncated>
		<difficult>0</difficult>
		<occluded>0</occluded>
		<bndbox>
			<xmin>279</xmin>
			<xmax>305</xmax>
			<ymin>176</ymin>
			<ymax>281</ymax>
		</bndbox>
	</object>
</annotation>
