<annotation>
	<folder></folder>
	<filename>0000000661-1-Image_jpeg.rf.1cc39234b3e6d7474bb2594032e48aa4.jpg</filename>
	<path>0000000661-1-Image_jpeg.rf.1cc39234b3e6d7474bb2594032e48aa4.jpg</path>
	<source>
		<database>roboflow.ai</database>
	</source>
	<size>
		<width>600</width>
		<height>600</height>
		<depth>3</depth>
	</size>
	<segmented>0</segmented>
	<object>
		<name>0</name>
		<pose>Unspecified</pose>
		<truncated>0</truncated>
		<difficult>0</difficult>
		<occluded>0</occluded>
		<bndbox>
			<xmin>326</xmin>
			<xmax>328</xmax>
			<ymin>275</ymin>
			<ymax>286</ymax>
		</bndbox>
	</object>
	<object>
		<name>0</name>
		<pose>Unspecified</pose>
		<truncated>0</truncated>
		<difficult>0</difficult>
		<occluded>0</occluded>
		<bndbox>
			<xmin>326</xmin>
			<xmax>352</xmax>
			<ymin>159</ymin>
			<ymax>271</ymax>
		</bndbox>
	</object>
</annotation>
