<annotation>
	<folder></folder>
	<filename>0000000827-1-Image_jpeg.rf.4f2b2a278cedc0ff39d3392f9a78e6bb.jpg</filename>
	<path>0000000827-1-Image_jpeg.rf.4f2b2a278cedc0ff39d3392f9a78e6bb.jpg</path>
	<source>
		<database>roboflow.ai</database>
	</source>
	<size>
		<width>600</width>
		<height>600</height>
		<depth>3</depth>
	</size>
	<segmented>0</segmented>
	<object>
		<name>0</name>
		<pose>Unspecified</pose>
		<truncated>0</truncated>
		<difficult>0</difficult>
		<occluded>0</occluded>
		<bndbox>
			<xmin>320</xmin>
			<xmax>324</xmax>
			<ymin>286</ymin>
			<ymax>301</ymax>
		</bndbox>
	</object>
	<object>
		<name>0</name>
		<pose>Unspecified</pose>
		<truncated>0</truncated>
		<difficult>0</difficult>
		<occluded>0</occluded>
		<bndbox>
			<xmin>320</xmin>
			<xmax>322</xmax>
			<ymin>187</ymin>
			<ymax>243</ymax>
		</bndbox>
	</object>
</annotation>
