<annotation>
	<folder></folder>
	<filename>0000000945-1-Image_jpeg.rf.83d91a6db7d2515939aaf899fa55abc0.jpg</filename>
	<path>0000000945-1-Image_jpeg.rf.83d91a6db7d2515939aaf899fa55abc0.jpg</path>
	<source>
		<database>roboflow.ai</database>
	</source>
	<size>
		<width>600</width>
		<height>600</height>
		<depth>3</depth>
	</size>
	<segmented>0</segmented>
	<object>
		<name>0</name>
		<pose>Unspecified</pose>
		<truncated>0</truncated>
		<difficult>0</difficult>
		<occluded>0</occluded>
		<bndbox>
			<xmin>312</xmin>
			<xmax>316</xmax>
			<ymin>288</ymin>
			<ymax>301</ymax>
		</bndbox>
	</object>
	<object>
		<name>0</name>
		<pose>Unspecified</pose>
		<truncated>0</truncated>
		<difficult>0</difficult>
		<occluded>0</occluded>
		<bndbox>
			<xmin>288</xmin>
			<xmax>312</xmax>
			<ymin>174</ymin>
			<ymax>279</ymax>
		</bndbox>
	</object>
</annotation>
