<annotation>
	<folder></folder>
	<filename>0000000744-1-Image_jpeg.rf.39a410a820b7c8845234d725409536a4.jpg</filename>
	<path>0000000744-1-Image_jpeg.rf.39a410a820b7c8845234d725409536a4.jpg</path>
	<source>
		<database>roboflow.ai</database>
	</source>
	<size>
		<width>600</width>
		<height>600</height>
		<depth>3</depth>
	</size>
	<segmented>0</segmented>
	<object>
		<name>0</name>
		<pose>Unspecified</pose>
		<truncated>0</truncated>
		<difficult>0</difficult>
		<occluded>0</occluded>
		<bndbox>
			<xmin>294</xmin>
			<xmax>298</xmax>
			<ymin>303</ymin>
			<ymax>318</ymax>
		</bndbox>
	</object>
	<object>
		<name>0</name>
		<pose>Unspecified</pose>
		<truncated>0</truncated>
		<difficult>0</difficult>
		<occluded>0</occluded>
		<bndbox>
			<xmin>297</xmin>
			<xmax>299</xmax>
			<ymin>219</ymin>
			<ymax>232</ymax>
		</bndbox>
	</object>
</annotation>
