<annotation>
	<folder></folder>
	<filename>0000001203-1-Image_jpeg.rf.01986b274232f24217999ead4b9da623.jpg</filename>
	<path>0000001203-1-Image_jpeg.rf.01986b274232f24217999ead4b9da623.jpg</path>
	<source>
		<database>roboflow.ai</database>
	</source>
	<size>
		<width>600</width>
		<height>600</height>
		<depth>3</depth>
	</size>
	<segmented>0</segmented>
	<object>
		<name>0</name>
		<pose>Unspecified</pose>
		<truncated>0</truncated>
		<difficult>0</difficult>
		<occluded>0</occluded>
		<bndbox>
			<xmin>295</xmin>
			<xmax>299</xmax>
			<ymin>251</ymin>
			<ymax>264</ymax>
		</bndbox>
	</object>
	<object>
		<name>0</name>
		<pose>Unspecified</pose>
		<truncated>0</truncated>
		<difficult>0</difficult>
		<occluded>0</occluded>
		<bndbox>
			<xmin>286</xmin>
			<xmax>297</xmax>
			<ymin>132</ymin>
			<ymax>247</ymax>
		</bndbox>
	</object>
</annotation>
