<annotation>
	<folder></folder>
	<filename>0000001402-1-Image_jpeg.rf.c03e294960810a66a91d2b4bcdbb64ed.jpg</filename>
	<path>0000001402-1-Image_jpeg.rf.c03e294960810a66a91d2b4bcdbb64ed.jpg</path>
	<source>
		<database>roboflow.ai</database>
	</source>
	<size>
		<width>600</width>
		<height>600</height>
		<depth>3</depth>
	</size>
	<segmented>0</segmented>
	<object>
		<name>0</name>
		<pose>Unspecified</pose>
		<truncated>0</truncated>
		<difficult>0</difficult>
		<occluded>0</occluded>
		<bndbox>
			<xmin>282</xmin>
			<xmax>286</xmax>
			<ymin>176</ymin>
			<ymax>187</ymax>
		</bndbox>
	</object>
	<object>
		<name>0</name>
		<pose>Unspecified</pose>
		<truncated>0</truncated>
		<difficult>0</difficult>
		<occluded>0</occluded>
		<bndbox>
			<xmin>284</xmin>
			<xmax>294</xmax>
			<ymin>58</ymin>
			<ymax>161</ymax>
		</bndbox>
	</object>
</annotation>
