<annotation>
	<folder></folder>
	<filename>0000000032-1-Image_jpeg.rf.aaf8c97e32ab37f04e9ac3325061bc4c.jpg</filename>
	<path>0000000032-1-Image_jpeg.rf.aaf8c97e32ab37f04e9ac3325061bc4c.jpg</path>
	<source>
		<database>roboflow.ai</database>
	</source>
	<size>
		<width>600</width>
		<height>600</height>
		<depth>3</depth>
	</size>
	<segmented>0</segmented>
	<object>
		<name>0</name>
		<pose>Unspecified</pose>
		<truncated>0</truncated>
		<difficult>0</difficult>
		<occluded>0</occluded>
		<bndbox>
			<xmin>299</xmin>
			<xmax>303</xmax>
			<ymin>303</ymin>
			<ymax>318</ymax>
		</bndbox>
	</object>
	<object>
		<name>0</name>
		<pose>Unspecified</pose>
		<truncated>0</truncated>
		<difficult>0</difficult>
		<occluded>0</occluded>
		<bndbox>
			<xmin>267</xmin>
			<xmax>301</xmax>
			<ymin>192</ymin>
			<ymax>301</ymax>
		</bndbox>
	</object>
</annotation>
