<annotation>
	<folder></folder>
	<filename>0000000711-1-Image_jpeg.rf.3b13cf32ada9be4708355eb39bb4154a.jpg</filename>
	<path>0000000711-1-Image_jpeg.rf.3b13cf32ada9be4708355eb39bb4154a.jpg</path>
	<source>
		<database>roboflow.ai</database>
	</source>
	<size>
		<width>600</width>
		<height>600</height>
		<depth>3</depth>
	</size>
	<segmented>0</segmented>
	<object>
		<name>0</name>
		<pose>Unspecified</pose>
		<truncated>0</truncated>
		<difficult>0</difficult>
		<occluded>0</occluded>
		<bndbox>
			<xmin>299</xmin>
			<xmax>303</xmax>
			<ymin>290</ymin>
			<ymax>305</ymax>
		</bndbox>
	</object>
	<object>
		<name>0</name>
		<pose>Unspecified</pose>
		<truncated>0</truncated>
		<difficult>0</difficult>
		<occluded>0</occluded>
		<bndbox>
			<xmin>297</xmin>
			<xmax>301</xmax>
			<ymin>172</ymin>
			<ymax>288</ymax>
		</bndbox>
	</object>
</annotation>
