<annotation>
	<folder></folder>
	<filename>0000000898-1-Image_jpeg.rf.c0aa124e422945ba7675107f1e76c0ec.jpg</filename>
	<path>0000000898-1-Image_jpeg.rf.c0aa124e422945ba7675107f1e76c0ec.jpg</path>
	<source>
		<database>roboflow.ai</database>
	</source>
	<size>
		<width>600</width>
		<height>600</height>
		<depth>3</depth>
	</size>
	<segmented>0</segmented>
	<object>
		<name>0</name>
		<pose>Unspecified</pose>
		<truncated>0</truncated>
		<difficult>0</difficult>
		<occluded>0</occluded>
		<bndbox>
			<xmin>339</xmin>
			<xmax>341</xmax>
			<ymin>238</ymin>
			<ymax>251</ymax>
		</bndbox>
	</object>
	<object>
		<name>0</name>
		<pose>Unspecified</pose>
		<truncated>0</truncated>
		<difficult>0</difficult>
		<occluded>0</occluded>
		<bndbox>
			<xmin>337</xmin>
			<xmax>341</xmax>
			<ymin>161</ymin>
			<ymax>236</ymax>
		</bndbox>
	</object>
</annotation>
