<annotation>
	<folder></folder>
	<filename>0000000704-1-Image_jpeg.rf.14fb24e73df1a77af4134acc96aec4c9.jpg</filename>
	<path>0000000704-1-Image_jpeg.rf.14fb24e73df1a77af4134acc96aec4c9.jpg</path>
	<source>
		<database>roboflow.ai</database>
	</source>
	<size>
		<width>600</width>
		<height>600</height>
		<depth>3</depth>
	</size>
	<segmented>0</segmented>
	<object>
		<name>0</name>
		<pose>Unspecified</pose>
		<truncated>0</truncated>
		<difficult>0</difficult>
		<occluded>0</occluded>
		<bndbox>
			<xmin>354</xmin>
			<xmax>356</xmax>
			<ymin>266</ymin>
			<ymax>281</ymax>
		</bndbox>
	</object>
	<object>
		<name>0</name>
		<pose>Unspecified</pose>
		<truncated>0</truncated>
		<difficult>0</difficult>
		<occluded>0</occluded>
		<bndbox>
			<xmin>350</xmin>
			<xmax>355</xmax>
			<ymin>172</ymin>
			<ymax>264</ymax>
		</bndbox>
	</object>
</annotation>
