<annotation>
	<folder></folder>
	<filename>0000000494-1-Image_jpeg.rf.646661d81fa1be314b0b6e2b6d341470.jpg</filename>
	<path>0000000494-1-Image_jpeg.rf.646661d81fa1be314b0b6e2b6d341470.jpg</path>
	<source>
		<database>roboflow.ai</database>
	</source>
	<size>
		<width>600</width>
		<height>600</height>
		<depth>3</depth>
	</size>
	<segmented>0</segmented>
	<object>
		<name>0</name>
		<pose>Unspecified</pose>
		<truncated>0</truncated>
		<difficult>0</difficult>
		<occluded>0</occluded>
		<bndbox>
			<xmin>292</xmin>
			<xmax>296</xmax>
			<ymin>333</ymin>
			<ymax>346</ymax>
		</bndbox>
	</object>
</annotation>
