<annotation>
	<folder></folder>
	<filename>0000001256-1-Image_jpeg.rf.76897efb081a6d9b3927036f010354eb.jpg</filename>
	<path>0000001256-1-Image_jpeg.rf.76897efb081a6d9b3927036f010354eb.jpg</path>
	<source>
		<database>roboflow.ai</database>
	</source>
	<size>
		<width>600</width>
		<height>600</height>
		<depth>3</depth>
	</size>
	<segmented>0</segmented>
	<object>
		<name>0</name>
		<pose>Unspecified</pose>
		<truncated>0</truncated>
		<difficult>0</difficult>
		<occluded>0</occluded>
		<bndbox>
			<xmin>305</xmin>
			<xmax>309</xmax>
			<ymin>290</ymin>
			<ymax>305</ymax>
		</bndbox>
	</object>
	<object>
		<name>0</name>
		<pose>Unspecified</pose>
		<truncated>0</truncated>
		<difficult>0</difficult>
		<occluded>0</occluded>
		<bndbox>
			<xmin>281</xmin>
			<xmax>307</xmax>
			<ymin>175</ymin>
			<ymax>288</ymax>
		</bndbox>
	</object>
</annotation>
