<annotation>
	<folder></folder>
	<filename>0000000716-1-Image_jpeg.rf.0eadb90e0bee640879a7adbeccb466cf.jpg</filename>
	<path>0000000716-1-Image_jpeg.rf.0eadb90e0bee640879a7adbeccb466cf.jpg</path>
	<source>
		<database>roboflow.ai</database>
	</source>
	<size>
		<width>600</width>
		<height>600</height>
		<depth>3</depth>
	</size>
	<segmented>0</segmented>
	<object>
		<name>0</name>
		<pose>Unspecified</pose>
		<truncated>0</truncated>
		<difficult>0</difficult>
		<occluded>0</occluded>
		<bndbox>
			<xmin>264</xmin>
			<xmax>268</xmax>
			<ymin>219</ymin>
			<ymax>234</ymax>
		</bndbox>
	</object>
	<object>
		<name>0</name>
		<pose>Unspecified</pose>
		<truncated>0</truncated>
		<difficult>0</difficult>
		<occluded>0</occluded>
		<bndbox>
			<xmin>265</xmin>
			<xmax>275</xmax>
			<ymin>100</ymin>
			<ymax>211</ymax>
		</bndbox>
	</object>
</annotation>
