<annotation>
	<folder></folder>
	<filename>0000001139-1-Image_jpeg.rf.1b4278951c36ef96035fe4ed05d7319d.jpg</filename>
	<path>0000001139-1-Image_jpeg.rf.1b4278951c36ef96035fe4ed05d7319d.jpg</path>
	<source>
		<database>roboflow.ai</database>
	</source>
	<size>
		<width>600</width>
		<height>600</height>
		<depth>3</depth>
	</size>
	<segmented>0</segmented>
	<object>
		<name>0</name>
		<pose>Unspecified</pose>
		<truncated>0</truncated>
		<difficult>0</difficult>
		<occluded>0</occluded>
		<bndbox>
			<xmin>301</xmin>
			<xmax>305</xmax>
			<ymin>290</ymin>
			<ymax>305</ymax>
		</bndbox>
	</object>
	<object>
		<name>0</name>
		<pose>Unspecified</pose>
		<truncated>0</truncated>
		<difficult>0</difficult>
		<occluded>0</occluded>
		<bndbox>
			<xmin>303</xmin>
			<xmax>325</xmax>
			<ymin>177</ymin>
			<ymax>290</ymax>
		</bndbox>
	</object>
</annotation>
