<annotation>
	<folder></folder>
	<filename>0000001361-1-Image_jpeg.rf.fea61076483d55601de3d305e1e1c5c7.jpg</filename>
	<path>0000001361-1-Image_jpeg.rf.fea61076483d55601de3d305e1e1c5c7.jpg</path>
	<source>
		<database>roboflow.ai</database>
	</source>
	<size>
		<width>600</width>
		<height>600</height>
		<depth>3</depth>
	</size>
	<segmented>0</segmented>
	<object>
		<name>0</name>
		<pose>Unspecified</pose>
		<truncated>0</truncated>
		<difficult>0</difficult>
		<occluded>0</occluded>
		<bndbox>
			<xmin>322</xmin>
			<xmax>324</xmax>
			<ymin>281</ymin>
			<ymax>294</ymax>
		</bndbox>
	</object>
	<object>
		<name>0</name>
		<pose>Unspecified</pose>
		<truncated>0</truncated>
		<difficult>0</difficult>
		<occluded>0</occluded>
		<bndbox>
			<xmin>295</xmin>
			<xmax>320</xmax>
			<ymin>166</ymin>
			<ymax>260</ymax>
		</bndbox>
	</object>
</annotation>
