<annotation>
	<folder></folder>
	<filename>0000001374-1-Image_jpeg.rf.1f055447263d97fdb7eae289a33a452b.jpg</filename>
	<path>0000001374-1-Image_jpeg.rf.1f055447263d97fdb7eae289a33a452b.jpg</path>
	<source>
		<database>roboflow.ai</database>
	</source>
	<size>
		<width>600</width>
		<height>600</height>
		<depth>3</depth>
	</size>
	<segmented>0</segmented>
	<object>
		<name>0</name>
		<pose>Unspecified</pose>
		<truncated>0</truncated>
		<difficult>0</difficult>
		<occluded>0</occluded>
		<bndbox>
			<xmin>303</xmin>
			<xmax>307</xmax>
			<ymin>294</ymin>
			<ymax>309</ymax>
		</bndbox>
	</object>
	<object>
		<name>0</name>
		<pose>Unspecified</pose>
		<truncated>0</truncated>
		<difficult>0</difficult>
		<occluded>0</occluded>
		<bndbox>
			<xmin>299</xmin>
			<xmax>305</xmax>
			<ymin>239</ymin>
			<ymax>292</ymax>
		</bndbox>
	</object>
</annotation>
