<annotation>
	<folder></folder>
	<filename>0000001334-1-Image_jpeg.rf.a5b73b4d211829276a013fbe808551ea.jpg</filename>
	<path>0000001334-1-Image_jpeg.rf.a5b73b4d211829276a013fbe808551ea.jpg</path>
	<source>
		<database>roboflow.ai</database>
	</source>
	<size>
		<width>600</width>
		<height>600</height>
		<depth>3</depth>
	</size>
	<segmented>0</segmented>
	<object>
		<name>0</name>
		<pose>Unspecified</pose>
		<truncated>0</truncated>
		<difficult>0</difficult>
		<occluded>0</occluded>
		<bndbox>
			<xmin>365</xmin>
			<xmax>367</xmax>
			<ymin>292</ymin>
			<ymax>305</ymax>
		</bndbox>
	</object>
	<object>
		<name>0</name>
		<pose>Unspecified</pose>
		<truncated>0</truncated>
		<difficult>0</difficult>
		<occluded>0</occluded>
		<bndbox>
			<xmin>346</xmin>
			<xmax>363</xmax>
			<ymin>181</ymin>
			<ymax>260</ymax>
		</bndbox>
	</object>
</annotation>
