<annotation>
	<folder></folder>
	<filename>0000000867-1-Image_jpeg.rf.71b3ead7ebfd148cb57a772995845a6f.jpg</filename>
	<path>0000000867-1-Image_jpeg.rf.71b3ead7ebfd148cb57a772995845a6f.jpg</path>
	<source>
		<database>roboflow.ai</database>
	</source>
	<size>
		<width>600</width>
		<height>600</height>
		<depth>3</depth>
	</size>
	<segmented>0</segmented>
	<object>
		<name>0</name>
		<pose>Unspecified</pose>
		<truncated>0</truncated>
		<difficult>0</difficult>
		<occluded>0</occluded>
		<bndbox>
			<xmin>295</xmin>
			<xmax>299</xmax>
			<ymin>292</ymin>
			<ymax>307</ymax>
		</bndbox>
	</object>
	<object>
		<name>0</name>
		<pose>Unspecified</pose>
		<truncated>0</truncated>
		<difficult>0</difficult>
		<occluded>0</occluded>
		<bndbox>
			<xmin>281</xmin>
			<xmax>298</xmax>
			<ymin>187</ymin>
			<ymax>290</ymax>
		</bndbox>
	</object>
</annotation>
