<annotation>
	<folder></folder>
	<filename>0000000703-1-Image_jpeg.rf.1e891cb8033871a55e06f57017de857a.jpg</filename>
	<path>0000000703-1-Image_jpeg.rf.1e891cb8033871a55e06f57017de857a.jpg</path>
	<source>
		<database>roboflow.ai</database>
	</source>
	<size>
		<width>600</width>
		<height>600</height>
		<depth>3</depth>
	</size>
	<segmented>0</segmented>
	<object>
		<name>0</name>
		<pose>Unspecified</pose>
		<truncated>0</truncated>
		<difficult>0</difficult>
		<occluded>0</occluded>
		<bndbox>
			<xmin>264</xmin>
			<xmax>268</xmax>
			<ymin>298</ymin>
			<ymax>311</ymax>
		</bndbox>
	</object>
</annotation>
