<annotation>
	<folder></folder>
	<filename>0000000020-1-Image_jpeg.rf.d443d6ed1e700a9d8b7a901ccf67a5e3.jpg</filename>
	<path>0000000020-1-Image_jpeg.rf.d443d6ed1e700a9d8b7a901ccf67a5e3.jpg</path>
	<source>
		<database>roboflow.ai</database>
	</source>
	<size>
		<width>600</width>
		<height>600</height>
		<depth>3</depth>
	</size>
	<segmented>0</segmented>
	<object>
		<name>0</name>
		<pose>Unspecified</pose>
		<truncated>0</truncated>
		<difficult>0</difficult>
		<occluded>0</occluded>
		<bndbox>
			<xmin>299</xmin>
			<xmax>301</xmax>
			<ymin>292</ymin>
			<ymax>303</ymax>
		</bndbox>
	</object>
	<object>
		<name>0</name>
		<pose>Unspecified</pose>
		<truncated>0</truncated>
		<difficult>0</difficult>
		<occluded>0</occluded>
		<bndbox>
			<xmin>281</xmin>
			<xmax>300</xmax>
			<ymin>187</ymin>
			<ymax>288</ymax>
		</bndbox>
	</object>
</annotation>
