<annotation>
	<folder></folder>
	<filename>0000000308-1-Image_jpeg.rf.5f33d4ef8b31b0657bbe3e38cb5c7240.jpg</filename>
	<path>0000000308-1-Image_jpeg.rf.5f33d4ef8b31b0657bbe3e38cb5c7240.jpg</path>
	<source>
		<database>roboflow.ai</database>
	</source>
	<size>
		<width>600</width>
		<height>600</height>
		<depth>3</depth>
	</size>
	<segmented>0</segmented>
	<object>
		<name>0</name>
		<pose>Unspecified</pose>
		<truncated>0</truncated>
		<difficult>0</difficult>
		<occluded>0</occluded>
		<bndbox>
			<xmin>316</xmin>
			<xmax>320</xmax>
			<ymin>354</ymin>
			<ymax>369</ymax>
		</bndbox>
	</object>
</annotation>
