<annotation>
	<folder></folder>
	<filename>0000000917-1-Image_jpeg.rf.ecfc359c8f87cd459d1a6012cf84c2e2.jpg</filename>
	<path>0000000917-1-Image_jpeg.rf.ecfc359c8f87cd459d1a6012cf84c2e2.jpg</path>
	<source>
		<database>roboflow.ai</database>
	</source>
	<size>
		<width>600</width>
		<height>600</height>
		<depth>3</depth>
	</size>
	<segmented>0</segmented>
	<object>
		<name>0</name>
		<pose>Unspecified</pose>
		<truncated>0</truncated>
		<difficult>0</difficult>
		<occluded>0</occluded>
		<bndbox>
			<xmin>310</xmin>
			<xmax>314</xmax>
			<ymin>344</ymin>
			<ymax>357</ymax>
		</bndbox>
	</object>
	<object>
		<name>0</name>
		<pose>Unspecified</pose>
		<truncated>0</truncated>
		<difficult>0</difficult>
		<occluded>0</occluded>
		<bndbox>
			<xmin>307</xmin>
			<xmax>311</xmax>
			<ymin>286</ymin>
			<ymax>320</ymax>
		</bndbox>
	</object>
</annotation>
