<annotation>
	<folder></folder>
	<filename>0000001450-1-Image_jpeg.rf.0842409ca02f8a72508b099105a29ed9.jpg</filename>
	<path>0000001450-1-Image_jpeg.rf.0842409ca02f8a72508b099105a29ed9.jpg</path>
	<source>
		<database>roboflow.ai</database>
	</source>
	<size>
		<width>600</width>
		<height>600</height>
		<depth>3</depth>
	</size>
	<segmented>0</segmented>
	<object>
		<name>0</name>
		<pose>Unspecified</pose>
		<truncated>0</truncated>
		<difficult>0</difficult>
		<occluded>0</occluded>
		<bndbox>
			<xmin>284</xmin>
			<xmax>288</xmax>
			<ymin>301</ymin>
			<ymax>316</ymax>
		</bndbox>
	</object>
	<object>
		<name>0</name>
		<pose>Unspecified</pose>
		<truncated>0</truncated>
		<difficult>0</difficult>
		<occluded>0</occluded>
		<bndbox>
			<xmin>267</xmin>
			<xmax>286</xmax>
			<ymin>185</ymin>
			<ymax>288</ymax>
		</bndbox>
	</object>
</annotation>
