<annotation>
	<folder></folder>
	<filename>0000000751-1-Image_jpeg.rf.5f85f76274f8442ef1182f99ffd83672.jpg</filename>
	<path>0000000751-1-Image_jpeg.rf.5f85f76274f8442ef1182f99ffd83672.jpg</path>
	<source>
		<database>roboflow.ai</database>
	</source>
	<size>
		<width>600</width>
		<height>600</height>
		<depth>3</depth>
	</size>
	<segmented>0</segmented>
	<object>
		<name>0</name>
		<pose>Unspecified</pose>
		<truncated>0</truncated>
		<difficult>0</difficult>
		<occluded>0</occluded>
		<bndbox>
			<xmin>333</xmin>
			<xmax>337</xmax>
			<ymin>318</ymin>
			<ymax>333</ymax>
		</bndbox>
	</object>
	<object>
		<name>0</name>
		<pose>Unspecified</pose>
		<truncated>0</truncated>
		<difficult>0</difficult>
		<occluded>0</occluded>
		<bndbox>
			<xmin>322</xmin>
			<xmax>333</xmax>
			<ymin>200</ymin>
			<ymax>269</ymax>
		</bndbox>
	</object>
</annotation>
