<annotation>
	<folder></folder>
	<filename>0000000486-1-Image_jpeg.rf.21c21ef3e1571612dda3fc7fe7ec4971.jpg</filename>
	<path>0000000486-1-Image_jpeg.rf.21c21ef3e1571612dda3fc7fe7ec4971.jpg</path>
	<source>
		<database>roboflow.ai</database>
	</source>
	<size>
		<width>600</width>
		<height>600</height>
		<depth>3</depth>
	</size>
	<segmented>0</segmented>
	<object>
		<name>0</name>
		<pose>Unspecified</pose>
		<truncated>0</truncated>
		<difficult>0</difficult>
		<occluded>0</occluded>
		<bndbox>
			<xmin>322</xmin>
			<xmax>324</xmax>
			<ymin>288</ymin>
			<ymax>301</ymax>
		</bndbox>
	</object>
	<object>
		<name>0</name>
		<pose>Unspecified</pose>
		<truncated>0</truncated>
		<difficult>0</difficult>
		<occluded>0</occluded>
		<bndbox>
			<xmin>326</xmin>
			<xmax>343</xmax>
			<ymin>194</ymin>
			<ymax>286</ymax>
		</bndbox>
	</object>
</annotation>
