<annotation>
	<folder></folder>
	<filename>0000000075-1-Image_jpeg.rf.f9ef34b85a85a94bb19e5484ad0662f6.jpg</filename>
	<path>0000000075-1-Image_jpeg.rf.f9ef34b85a85a94bb19e5484ad0662f6.jpg</path>
	<source>
		<database>roboflow.ai</database>
	</source>
	<size>
		<width>600</width>
		<height>600</height>
		<depth>3</depth>
	</size>
	<segmented>0</segmented>
	<object>
		<name>0</name>
		<pose>Unspecified</pose>
		<truncated>0</truncated>
		<difficult>0</difficult>
		<occluded>0</occluded>
		<bndbox>
			<xmin>303</xmin>
			<xmax>307</xmax>
			<ymin>337</ymin>
			<ymax>352</ymax>
		</bndbox>
	</object>
</annotation>
