<annotation>
	<folder></folder>
	<filename>0000000348-1-Image_jpeg.rf.2898ea4f78ff59448360c13dd451df58.jpg</filename>
	<path>0000000348-1-Image_jpeg.rf.2898ea4f78ff59448360c13dd451df58.jpg</path>
	<source>
		<database>roboflow.ai</database>
	</source>
	<size>
		<width>600</width>
		<height>600</height>
		<depth>3</depth>
	</size>
	<segmented>0</segmented>
	<object>
		<name>0</name>
		<pose>Unspecified</pose>
		<truncated>0</truncated>
		<difficult>0</difficult>
		<occluded>0</occluded>
		<bndbox>
			<xmin>354</xmin>
			<xmax>356</xmax>
			<ymin>256</ymin>
			<ymax>269</ymax>
		</bndbox>
	</object>
	<object>
		<name>0</name>
		<pose>Unspecified</pose>
		<truncated>0</truncated>
		<difficult>0</difficult>
		<occluded>0</occluded>
		<bndbox>
			<xmin>343</xmin>
			<xmax>356</xmax>
			<ymin>138</ymin>
			<ymax>254</ymax>
		</bndbox>
	</object>
</annotation>
