<annotation>
	<folder></folder>
	<filename>0000000835-1-Image_jpeg.rf.4584599b71b95a024d31e16822aa9695.jpg</filename>
	<path>0000000835-1-Image_jpeg.rf.4584599b71b95a024d31e16822aa9695.jpg</path>
	<source>
		<database>roboflow.ai</database>
	</source>
	<size>
		<width>600</width>
		<height>600</height>
		<depth>3</depth>
	</size>
	<segmented>0</segmented>
	<object>
		<name>0</name>
		<pose>Unspecified</pose>
		<truncated>0</truncated>
		<difficult>0</difficult>
		<occluded>0</occluded>
		<bndbox>
			<xmin>372</xmin>
			<xmax>376</xmax>
			<ymin>339</ymin>
			<ymax>352</ymax>
		</bndbox>
	</object>
	<object>
		<name>0</name>
		<pose>Unspecified</pose>
		<truncated>0</truncated>
		<difficult>0</difficult>
		<occluded>0</occluded>
		<bndbox>
			<xmin>372</xmin>
			<xmax>374</xmax>
			<ymin>224</ymin>
			<ymax>243</ymax>
		</bndbox>
	</object>
</annotation>
