<annotation>
	<folder></folder>
	<filename>0000000875-1-Image_jpeg.rf.c34a7fe33ea224bee67e8989e0e10831.jpg</filename>
	<path>0000000875-1-Image_jpeg.rf.c34a7fe33ea224bee67e8989e0e10831.jpg</path>
	<source>
		<database>roboflow.ai</database>
	</source>
	<size>
		<width>600</width>
		<height>600</height>
		<depth>3</depth>
	</size>
	<segmented>0</segmented>
	<object>
		<name>0</name>
		<pose>Unspecified</pose>
		<truncated>0</truncated>
		<difficult>0</difficult>
		<occluded>0</occluded>
		<bndbox>
			<xmin>372</xmin>
			<xmax>376</xmax>
			<ymin>333</ymin>
			<ymax>346</ymax>
		</bndbox>
	</object>
</annotation>
