<annotation>
	<folder></folder>
	<filename>0000000950-1-Image_jpeg.rf.05792b65b16293d039a4c74452bc426c.jpg</filename>
	<path>0000000950-1-Image_jpeg.rf.05792b65b16293d039a4c74452bc426c.jpg</path>
	<source>
		<database>roboflow.ai</database>
	</source>
	<size>
		<width>600</width>
		<height>600</height>
		<depth>3</depth>
	</size>
	<segmented>0</segmented>
	<object>
		<name>0</name>
		<pose>Unspecified</pose>
		<truncated>0</truncated>
		<difficult>0</difficult>
		<occluded>0</occluded>
		<bndbox>
			<xmin>318</xmin>
			<xmax>322</xmax>
			<ymin>299</ymin>
			<ymax>314</ymax>
		</bndbox>
	</object>
</annotation>
