<annotation>
	<folder></folder>
	<filename>0000001009-1-Image_jpeg.rf.a25938bd20746abb79133f0870d74d39.jpg</filename>
	<path>0000001009-1-Image_jpeg.rf.a25938bd20746abb79133f0870d74d39.jpg</path>
	<source>
		<database>roboflow.ai</database>
	</source>
	<size>
		<width>600</width>
		<height>600</height>
		<depth>3</depth>
	</size>
	<segmented>0</segmented>
	<object>
		<name>0</name>
		<pose>Unspecified</pose>
		<truncated>0</truncated>
		<difficult>0</difficult>
		<occluded>0</occluded>
		<bndbox>
			<xmin>290</xmin>
			<xmax>294</xmax>
			<ymin>268</ymin>
			<ymax>283</ymax>
		</bndbox>
	</object>
	<object>
		<name>0</name>
		<pose>Unspecified</pose>
		<truncated>0</truncated>
		<difficult>0</difficult>
		<occluded>0</occluded>
		<bndbox>
			<xmin>292</xmin>
			<xmax>314</xmax>
			<ymin>166</ymin>
			<ymax>265</ymax>
		</bndbox>
	</object>
</annotation>
