<annotation>
	<folder></folder>
	<filename>0000001445-1-Image_jpeg.rf.49b45bb84f7694a5e2fc348916894a1c.jpg</filename>
	<path>0000001445-1-Image_jpeg.rf.49b45bb84f7694a5e2fc348916894a1c.jpg</path>
	<source>
		<database>roboflow.ai</database>
	</source>
	<size>
		<width>600</width>
		<height>600</height>
		<depth>3</depth>
	</size>
	<segmented>0</segmented>
	<object>
		<name>0</name>
		<pose>Unspecified</pose>
		<truncated>0</truncated>
		<difficult>0</difficult>
		<occluded>0</occluded>
		<bndbox>
			<xmin>275</xmin>
			<xmax>279</xmax>
			<ymin>245</ymin>
			<ymax>262</ymax>
		</bndbox>
	</object>
	<object>
		<name>0</name>
		<pose>Unspecified</pose>
		<truncated>0</truncated>
		<difficult>0</difficult>
		<occluded>0</occluded>
		<bndbox>
			<xmin>277</xmin>
			<xmax>301</xmax>
			<ymin>132</ymin>
			<ymax>243</ymax>
		</bndbox>
	</object>
</annotation>
