<annotation>
	<folder></folder>
	<filename>0000000067-1-Image_jpeg.rf.fbba8b84468743c320445e3574f4382e.jpg</filename>
	<path>0000000067-1-Image_jpeg.rf.fbba8b84468743c320445e3574f4382e.jpg</path>
	<source>
		<database>roboflow.ai</database>
	</source>
	<size>
		<width>600</width>
		<height>600</height>
		<depth>3</depth>
	</size>
	<segmented>0</segmented>
	<object>
		<name>0</name>
		<pose>Unspecified</pose>
		<truncated>0</truncated>
		<difficult>0</difficult>
		<occluded>0</occluded>
		<bndbox>
			<xmin>333</xmin>
			<xmax>337</xmax>
			<ymin>279</ymin>
			<ymax>294</ymax>
		</bndbox>
	</object>
	<object>
		<name>0</name>
		<pose>Unspecified</pose>
		<truncated>0</truncated>
		<difficult>0</difficult>
		<occluded>0</occluded>
		<bndbox>
			<xmin>308</xmin>
			<xmax>333</xmax>
			<ymin>164</ymin>
			<ymax>264</ymax>
		</bndbox>
	</object>
</annotation>
