<annotation>
	<folder></folder>
	<filename>0000000699-1-Image_jpeg.rf.4143c7f6ca2cc8b648d3ed2f0ff28ca0.jpg</filename>
	<path>0000000699-1-Image_jpeg.rf.4143c7f6ca2cc8b648d3ed2f0ff28ca0.jpg</path>
	<source>
		<database>roboflow.ai</database>
	</source>
	<size>
		<width>600</width>
		<height>600</height>
		<depth>3</depth>
	</size>
	<segmented>0</segmented>
	<object>
		<name>0</name>
		<pose>Unspecified</pose>
		<truncated>0</truncated>
		<difficult>0</difficult>
		<occluded>0</occluded>
		<bndbox>
			<xmin>312</xmin>
			<xmax>316</xmax>
			<ymin>288</ymin>
			<ymax>303</ymax>
		</bndbox>
	</object>
	<object>
		<name>0</name>
		<pose>Unspecified</pose>
		<truncated>0</truncated>
		<difficult>0</difficult>
		<occluded>0</occluded>
		<bndbox>
			<xmin>297</xmin>
			<xmax>314</xmax>
			<ymin>172</ymin>
			<ymax>281</ymax>
		</bndbox>
	</object>
</annotation>
