<annotation>
	<folder></folder>
	<filename>0000000150-1-Image_jpeg.rf.f1f4cee24f4a23aa6cfd27ede10feb3a.jpg</filename>
	<path>0000000150-1-Image_jpeg.rf.f1f4cee24f4a23aa6cfd27ede10feb3a.jpg</path>
	<source>
		<database>roboflow.ai</database>
	</source>
	<size>
		<width>600</width>
		<height>600</height>
		<depth>3</depth>
	</size>
	<segmented>0</segmented>
	<object>
		<name>0</name>
		<pose>Unspecified</pose>
		<truncated>0</truncated>
		<difficult>0</difficult>
		<occluded>0</occluded>
		<bndbox>
			<xmin>329</xmin>
			<xmax>333</xmax>
			<ymin>249</ymin>
			<ymax>262</ymax>
		</bndbox>
	</object>
	<object>
		<name>0</name>
		<pose>Unspecified</pose>
		<truncated>0</truncated>
		<difficult>0</difficult>
		<occluded>0</occluded>
		<bndbox>
			<xmin>331</xmin>
			<xmax>337</xmax>
			<ymin>170</ymin>
			<ymax>247</ymax>
		</bndbox>
	</object>
</annotation>
