<annotation>
	<folder></folder>
	<filename>0000000626-1-Image_jpeg.rf.a603769e6cc7b74a29360f47b2c1278a.jpg</filename>
	<path>0000000626-1-Image_jpeg.rf.a603769e6cc7b74a29360f47b2c1278a.jpg</path>
	<source>
		<database>roboflow.ai</database>
	</source>
	<size>
		<width>600</width>
		<height>600</height>
		<depth>3</depth>
	</size>
	<segmented>0</segmented>
	<object>
		<name>0</name>
		<pose>Unspecified</pose>
		<truncated>0</truncated>
		<difficult>0</difficult>
		<occluded>0</occluded>
		<bndbox>
			<xmin>301</xmin>
			<xmax>305</xmax>
			<ymin>260</ymin>
			<ymax>275</ymax>
		</bndbox>
	</object>
	<object>
		<name>0</name>
		<pose>Unspecified</pose>
		<truncated>0</truncated>
		<difficult>0</difficult>
		<occluded>0</occluded>
		<bndbox>
			<xmin>307</xmin>
			<xmax>322</xmax>
			<ymin>157</ymin>
			<ymax>236</ymax>
		</bndbox>
	</object>
</annotation>
