<annotation>
	<folder></folder>
	<filename>0000001442-1-Image_jpeg.rf.3310818fcd41fca504149e3fe57e3242.jpg</filename>
	<path>0000001442-1-Image_jpeg.rf.3310818fcd41fca504149e3fe57e3242.jpg</path>
	<source>
		<database>roboflow.ai</database>
	</source>
	<size>
		<width>600</width>
		<height>600</height>
		<depth>3</depth>
	</size>
	<segmented>0</segmented>
	<object>
		<name>0</name>
		<pose>Unspecified</pose>
		<truncated>0</truncated>
		<difficult>0</difficult>
		<occluded>0</occluded>
		<bndbox>
			<xmin>340</xmin>
			<xmax>344</xmax>
			<ymin>253</ymin>
			<ymax>266</ymax>
		</bndbox>
	</object>
	<object>
		<name>0</name>
		<pose>Unspecified</pose>
		<truncated>0</truncated>
		<difficult>0</difficult>
		<occluded>0</occluded>
		<bndbox>
			<xmin>326</xmin>
			<xmax>341</xmax>
			<ymin>142</ymin>
			<ymax>221</ymax>
		</bndbox>
	</object>
</annotation>
