<annotation>
	<folder></folder>
	<filename>0000000942-1-Image_jpeg.rf.55dd89d44ac157c3e30bda7f0acdc6bf.jpg</filename>
	<path>0000000942-1-Image_jpeg.rf.55dd89d44ac157c3e30bda7f0acdc6bf.jpg</path>
	<source>
		<database>roboflow.ai</database>
	</source>
	<size>
		<width>600</width>
		<height>600</height>
		<depth>3</depth>
	</size>
	<segmented>0</segmented>
	<object>
		<name>0</name>
		<pose>Unspecified</pose>
		<truncated>0</truncated>
		<difficult>0</difficult>
		<occluded>0</occluded>
		<bndbox>
			<xmin>309</xmin>
			<xmax>313</xmax>
			<ymin>275</ymin>
			<ymax>290</ymax>
		</bndbox>
	</object>
	<object>
		<name>0</name>
		<pose>Unspecified</pose>
		<truncated>0</truncated>
		<difficult>0</difficult>
		<occluded>0</occluded>
		<bndbox>
			<xmin>309</xmin>
			<xmax>311</xmax>
			<ymin>164</ymin>
			<ymax>273</ymax>
		</bndbox>
	</object>
</annotation>
